<?xml version="1.0" encoding="UTF-8"?>
<quest id="1879052803" key="A_Dire_Need" title="A Dire Need" category="Angmar" scope="" questArc="Scaled Menace" minimumLevel="43" type="STANDARD" size="SMALL_FELLOWSHIP" faction="FREE_PEOPLES" repeatable="false" instanced="false" description="Kol told you that the norboglir-legs and slug-tongues you brought back were disgusting...far too disgusting for even a desperate dwarf to eat." bestower="Kol (Dwarf)" bestowerText="'Don't think that I do not appreciate what you have done, but these legs and tongues are horrible! Any reasonable dwarf would rather starve than eat food such as this! Bother it all! If only we could make it taste less vile.&#13;&#10;&#13;&#10;'I hesitate to mention this, but I have heard that drake eggs are delicious. Aye, I know it sounds strange, but we are in some dire straits here.&#13;&#10;&#13;&#10;'Far to the east, there is a valley called Dolroth which is full of drakes. If you could gather friends and raid their nests for eggs, perhaps I will have a meal that a dwarf would actually eat!'" objectives="Objective 1:&#13;&#10;There are drake nests far to the east of Gabilshathûr in the valley of Dolroth.&#13;&#10;&#13;&#10;Kol has asked you to collect drake-eggs to supplement the inedible provender you already provided.&#13;&#10;• Use Drake-nest&#13;&#10;Objective 2:&#13;&#10;Kol is at Gabilshathûr, far to the east of the drake-nests.&#13;&#10;&#13;&#10;You have counted a fair number of drake-nests and should now return to Kol with the information you have gathered.&#13;&#10;• Turn in Drake-egg">
<prerequisites>
<prerequisite name="Vol._I%2C_Book_6%2C_Chapter_6%3A_Challenging_the_Stone"/>
<prerequisite name="Desperate_Straits"/>
</prerequisites>
<nextQuests>
<nextQuest name="The_Northern_Cousin"/>
<nextQuest name="Onward_to_Gath_Forthn%C3%ADr"/>
<nextQuest name="Scaled_Menace"/>
</nextQuests>
<rewards>
<money gold="0" silver="38" copper="64"/>
<object name="Kol's Appreciation" pageURL="/wiki/Item:Kol's_Appreciation" iconURL="http://content.turbine.com/sites/lorebook.lotro.com/images/icons/item/jewelry/eq_new_angmar_necklace_05.png" quantity="1"/>
<selectOneOf>
<object name="Pure Flask of Lhinestad" pageURL="/wiki/Item:Pure_Flask_of_Lhinestad_(Level_50)" iconURL="http://content.turbine.com/sites/lorebook.lotro.com/images/icons/item/potion/it_potion_cure_disease_tier5.png" quantity="2"/>
<object name="Pure Flask of Conhuith" pageURL="/wiki/Item:Pure_Flask_of_Conhuith" iconURL="http://content.turbine.com/sites/lorebook.lotro.com/images/icons/item/potion/it_potion_cure_fear_tier5.png" quantity="2"/>
<object name="Pure Milkthistle Draught" pageURL="/wiki/Item:Pure_Milkthistle_Draught_(Level_50)" iconURL="http://content.turbine.com/sites/lorebook.lotro.com/images/icons/item/potion/it_potion_cure_poison_tier5.png" quantity="2"/>
<object name="Pure Healing Draught" pageURL="/wiki/Item:Pure_Healing_Draught" iconURL="http://content.turbine.com/sites/lorebook.lotro.com/images/icons/item/potion/it_potion_cure_wounds_tier5.png" quantity="2"/>
</selectOneOf>
</rewards>
</quest>
