<?xml version="1.0" encoding="UTF-8"?>
<quest id="1879054458" key="Spoiler_Raid" title="Spoiler Raid" category="North Downs" scope="" questArc="The Last Farm" minimumLevel="22" type="STANDARD" size="SOLO" faction="FREE_PEOPLES" repeatable="false" instanced="false" description="Farmer Gatson has asked you to raid the Orc-camp to prevent them from gathering enough force to drive him off his land." bestower="Gatson (NPC)" bestowerText="'Listen, I know this is a lot to ask, but you've done well for me so far, and I thought that maybe you could do one more thing for me. The only thing I can think of that might keep those Orcs off my land for a while is to raid their camp before they can gather their strength to attack again.&#13;&#10;&#13;&#10;'One of my hands said he saw an Orc-camp to the south-west of my land. He said it was a pretty large camp.&#13;&#10;&#13;&#10;'If this works, I'll be mighty grateful!'" objectives="Objective 1:&#13;&#10;The Orc-camp is south-west of Gatson's fields.&#13;&#10;&#13;&#10;Farmer Gatson is sure the Orcs will attack his farm again if they are not deterred first.&#13;&#10;• Defeat Dead-aim Ongbúrz in Gurzlum ($NUMBER$/$TOTAL$) (Dead-aim Ongbúrz)&#13;&#10;• Defeat Grim Ongbúrz in Gurzlum ($NUMBER$/$TOTAL$) (Grim Ongbúrz)&#13;&#10;Objective 2:&#13;&#10;Gatson is back at his farm, north-east of the Orc-camp.&#13;&#10;&#13;&#10;Gatson sent you to raid the Orc-camp near his farm, in which you were victorious. You should return to Gatson and let him know of your success.&#13;&#10;• Talk to Gatson">
<prerequisites>
<prerequisite name="Defending_the_Herd"/>
</prerequisites>
<rewards>
<money gold="0" silver="23" copper="20"/>
<selectOneOf>
<object name="Gatson's Spear" pageURL="/wiki/Weapon:Gatson's_Spear" iconURL="http://content.turbine.com/sites/lorebook.lotro.com/images/icons/item/weapon_spear/eq_northdowns_spear_01.png" quantity="1"/>
<object name="Gatson's Shoulder Guards" pageURL="/wiki/Armour:Gatson's_Shoulder_Guards_(Level_25)" iconURL="http://content.turbine.com/sites/lorebook.lotro.com/images/icons/item/shoulders/eq_northdowns_heavy_shoulder_01a.png" quantity="1"/>
<object name="Gatson's Rune-stone" pageURL="/wiki/Weapon:Gatson's_Rune-stone_(Level_26)" iconURL="http://content.turbine.com/sites/lorebook.lotro.com/images/icons/item/weapon_orb/eq_northdowns_orb_lightning_01a.png" quantity="1"/>
</selectOneOf>
</rewards>
</quest>
