<?xml version="1.0" encoding="UTF-8"?>
<quest id="1879051733" key="Long_Live_the_Queen" title="Long Live the Queen" category="Shire" scope="" questArc="Long Live the Queen" minimumLevel="6" type="STANDARD" size="SOLO" faction="FREE_PEOPLES" repeatable="false" instanced="false" description="Polo Proudfoot needs new queens for his hives to replace the ones killed by the honey-bears." bestower="Gammer Boffin (NPC)" bestowerText="'I've got the salve ready for you, my dear, whenever you're ready for it. But remember, it will only last a few minutes before it wears off, so you'd best hurry back and find a hive for Farmer Proudfoot!&#13;&#10;&#13;&#10;'I expect you will find beehives in the woods south-east of Tuckborough. Find a big one for Polo and take it to him at his meadow nearby.&#13;&#10;&#13;&#10;'Now, if you're carrying a delicate beehive around, you may not be able to fight off any bears or such that may be drawn to the hive, so tread carefully!'" objectives="Objective 1:&#13;&#10;Farmer Proudfoot is guarding his hives in the meadow south-east of Tuckborough. The wild beehives you are looking for are in a bear-infested area further south-east past the meadow.&#13;&#10;&#13;&#10;Farmer Proudfoot sent you to Gammer Boffin in Overhill to obtain some balm to keep off the bees, so you can collect a hive for him. Gammer Boffin warned you that the salve will not last long, so you will need to collect the hive as soon as possible and take it to Polo Proudfoot.&#13;&#10;• Find a wild hive before the salve dries&#13;&#10;Objective 2:&#13;&#10;Polo Proudfoot would like to take a moment to thank you for your efforts.">
<prerequisites>
<prerequisite name="A_Salve_for_Stings"/>
</prerequisites>
<rewards>
<money gold="0" silver="1" copper="60"/>
<object name="Gift Mathom" pageURL="/wiki/Item:Gift_Mathom" iconURL="http://content.turbine.com/sites/lorebook.lotro.com/images/icons/item/reputation/it_reputation_shire_mathoms_gift.png" quantity="1"/>
<selectOneOf>
<object name="Beekeeper's Hood" pageURL="/wiki/Armour:Beekeeper's_Hood" iconURL="http://content.turbine.com/sites/lorebook.lotro.com/images/icons/item/head/eq_shire_light_head_01.png" quantity="1"/>
<object name="Beekeeper's Robes" pageURL="/wiki/Armour:Beekeeper's_Robes" iconURL="http://content.turbine.com/sites/lorebook.lotro.com/images/icons/item/chest/eq_shire_light_chest_02.png" quantity="1"/>
<object name="Hive Tending Boots" pageURL="/wiki/Armour:Hive_Tending_Boots" iconURL="http://content.turbine.com/sites/lorebook.lotro.com/images/icons/item/feet/eq_shire_medium_feet_01.png" quantity="1"/>
</selectOneOf>
</rewards>
</quest>
