<?xml version="1.0" encoding="UTF-8"?>
<quest id="1879059565" key="A_Poor_Guard" title="A Poor Guard" category="North Downs" scope="" questArc="A Poor Guard" minimumLevel="18" type="STANDARD" size="SOLO" faction="FREE_PEOPLES" repeatable="false" instanced="false" description="Talbot Hinton told you that he was drummed out of the Trestlebridge town guard for falling asleep on duty. He claims though that the Orcs did something to put him to sleep and has asked you to help him prove this." bestower="Talbot Hinton (NPC)" bestowerText="'At last, someone who will talk to me! Everyone treats me like a criminal. But I'm not guilty of falling asleep on duty! The Orcs are to blame!&#13;&#10;&#13;&#10;'I remember being on duty, then next thing I know Captain Trotter is shaking me awake, yelling that I had failed to sound the alarm and that Trestlebridge had been attacked!&#13;&#10;&#13;&#10;'Thing is, I found at my feet the shards of a dried gourd. They were covered in a vile liquid, but no one believes me when I say it was some sort of Orc devilry! I need more proof, and I think it can be found at the Orc camps north of the bridge.&#13;&#10;&#13;&#10;'Here, take these old water skins. At the camps you might find some pots or cauldrons with some vile liquids in them. Collect the liquid in the skins and bring it back here.'" objectives="Objective 1:&#13;&#10;You may find pots or cauldrons of vile liquid at the Orc camps north of Trestlebridge.&#13;&#10;&#13;&#10;Talbot told you that if you could find some of the vile liquid that it might be enough to clear his name.&#13;&#10;• Use Cauldron&#13;&#10;• Turn in Old Water Skin&#13;&#10;• Use Cauldron&#13;&#10;• Turn in Old Water Skin&#13;&#10;• Use Cauldron&#13;&#10;• Turn in Old Water Skin&#13;&#10;Objective 2:&#13;&#10;Talbot Hinton can be found in Trestlebridge.&#13;&#10;&#13;&#10;At the orc camps north of Trestlebridge, you were able to find cauldrons of a vile liquid. You collected some of the liquid in to the skins Talbot gave you.&#13;&#10;• Talk to Talbot Hinton&#13;&#10;• Turn in Full Water Skin">
<nextQuests>
<nextQuest name="Talbot_Redeemed"/>
</nextQuests>
<rewards>
<money gold="0" silver="8" copper="50"/>
<reputation>
<reputationItem faction="Men of Bree" amount="700"/>
</reputation>
</rewards>
</quest>
