<?xml version="1.0" encoding="UTF-8"?>
<quest id="1879059717" key="Restoring_the_Peas" title="Restoring the Peas" category="Angmar" scope="" questArc="Restoration" minimumLevel="39" type="STANDARD" size="SOLO" faction="FREE_PEOPLES" repeatable="false" instanced="false" description="Cána is worried that the Trév Duvárdain and their Angmarim masters are getting fat off the land that is rightfully that of the Trév Gállorg." bestower="Cána (NPC)" bestowerText="'The herbal poultice will help with our defence, (your name); now we must see to the attack, and I know upon what to focus our efforts: peas!&#13;&#10;&#13;&#10;'The farms north-east of here have been taken from my people and put to the use of the Trév Duvárdain. Now that we have retaken Fail-á-Khro, we can do something about it.&#13;&#10;&#13;&#10;'Travel north-east to the farmland outside the city of Donnvail and harvest the pea-plants you find there. We may not have the numbers to take the farms, but we can at least take their peas!'" objectives="Objective 1:&#13;&#10;Pea-plants can be found in the farmland outside the city of Donnvail, north-east of Fail-á-Khro.&#13;&#10;&#13;&#10;Cána has tasked you with recovering the pea-plants from the farms outside Donnvail.&#13;&#10;• Use Pea Plant&#13;&#10;Objective 2:&#13;&#10;Cána is at Fail-á-Khro, on the road north of Aughaire.&#13;&#10;&#13;&#10;You have harvested pea-plants from the farms near Donnvail to keep them from the enemies of the Trév Gállorg.&#13;&#10;• Talk to Cána&#13;&#10;• Turn in Pea-plant">
<prerequisites>
<prerequisite name="A_Poultice_for_Our_Hurts"/>
<prerequisite name="The_Rite_of_Cl%C3%BAcath"/>
</prerequisites>
<nextQuests>
<nextQuest name="The_Lost_Dwarves"/>
</nextQuests>
<rewards>
<money gold="0" silver="22" copper="75"/>
<selectOneOf>
<object name="Pease-Picking Gloves" pageURL="/wiki/Armour:Pease-Picking_Gloves" iconURL="http://content.turbine.com/sites/lorebook.lotro.com/images/icons/item/hands/eq_angmar_light_hands_02.png" quantity="1"/>
<object name="Pease-Picking Gauntlets" pageURL="/wiki/Armour:Pease-Picking_Gauntlets" iconURL="http://content.turbine.com/sites/lorebook.lotro.com/images/icons/item/hands/eq_angmar_medium_hands_02.png" quantity="1"/>
</selectOneOf>
</rewards>
</quest>
