<?xml version="1.0" encoding="UTF-8"?>
<quest id="1879054415" key="The_Orc_Threat" title="The Orc Threat" category="North Downs" scope="" questArc="The Last Farm" minimumLevel="20" type="STANDARD" size="SOLO" faction="FREE_PEOPLES" repeatable="false" instanced="false" description="Orc scouts have been sneaking around Gatson's farm, stealing food, and Gatson is sure it is only a matter of time before they raid his farm in force." bestower="Gatson (NPC)" bestowerText="'I can't say I blame them Rangers, considering what's going on around here these days. I know there's not many of them.&#13;&#10;&#13;&#10;'But still, there's been Orcs around here lately. So far they've just skulked around, stealing things, but I'm sure as soon as they get their courage up, they're going to raid us. I guess I'm just too stubborn to run, and my hands, like Gilmar here, are too loyal to leave me, so I need you to get rid of these Orcs for me.&#13;&#10;&#13;&#10;'You'll like as not find them sneaking around in my fields to the south. Get those foul creatures off my land!'" objectives="Objective 1:&#13;&#10;Orcs can be found in Gatson's south fields.&#13;&#10;&#13;&#10;Farmer Gatson is resigned to the knowledge that the Rangers cannot help him, but he is still concerned for the safety of his workhands. He hopes that by dealing with the Orcs scouts that have been stealing from his fields, you might be able to deter a violent raid on his farm.&#13;&#10;• Defeat Orcs in Gatson's south fields (12)&#13;&#10;Objective 2:&#13;&#10;Gatson is at his farm, north of the fields.&#13;&#10;&#13;&#10;You found and defeated many Orcs in Gatson's south fields. You should return to Gatson and tell him of your success.&#13;&#10;• Talk to Gatson">
<prerequisites>
<prerequisite name="The_Last_Farm"/>
</prerequisites>
<nextQuests>
<nextQuest name="Defending_the_Herd"/>
</nextQuests>
<rewards>
<money gold="0" silver="11" copper="50"/>
</rewards>
</quest>
