<?xml version="1.0" encoding="UTF-8"?>
<quest id="1879051432" key="Relics_of_Rhudaur" title="Relics of Rhudaur" category="Garth Agarwen" scope="" questArc="" minimumLevel="27" type="STANDARD" size="SMALL_FELLOWSHIP" faction="FREE_PEOPLES" repeatable="false" instanced="false" description="The Eglain depend upon the trade of ancient relics for food and other necessities of life. Arienh believes that Garth Agarwen holds such a wealth of relics that her people will be sustained for many years." bestower="Arienh (NPC)" bestowerText="'Hail, $PLAYER$! Word has reached our small band here of your assistance to Elsa and Eriac. We think well of you and your deeds.&#13;&#10;&#13;&#10;'As you know, the Eglain depend upon the trade of ancient relics for food and other necessities. I can think of no better place in these swamps to find the relics of the old kingdoms than here in Garth Agarwen. The wealth of relics within could sustain my people for years to come. Should you venture beyond these doors, but not too deeply into the barrows, fortress, or arboretum, I would ask that you remain watchful for small trinkets amongst debris. My people could make use of anything you may find.&#13;&#10;&#13;&#10;'This task, of course, would not go unrewarded. Be careful upon your journeys, friend.'" objectives="Objective 1:&#13;&#10;Arienh is encamped at the entrance to the area called Garth Agarwen. She asked that you search the areas outside of the barrows, arboretum, and fortress of Garth Agarwen for trinkets that will help provide for the Eglain.&#13;&#10;&#13;&#10;Arienh asked that you watch for relics of the ancient days as you venture within Garth Agarwen.&#13;&#10;• Return the relics to Arienh (Arienh)&#13;&#10;• Collect relics from Agamaur (15 Artifact)">
<prerequisites>
<prerequisite name="Rhudaur%27s_Traitors"/>
</prerequisites>
<rewards>
<money gold="0" silver="29" copper="68"/>
<reputation>
<reputationItem faction="Eglain" amount="900"/>
</reputation>
<selectOneOf>
<object name="Necklace of Rhudaur" pageURL="/wiki/Item:Necklace_of_Rhudaur" iconURL="http://content.turbine.com/sites/lorebook.lotro.com/images/icons/item/jewelry/eq_lonelands_necklace_03.png" quantity="1"/>
<object name="Guard of the Eglain" pageURL="/wiki/Armour:Guard_of_the_Eglain" iconURL="http://content.turbine.com/sites/lorebook.lotro.com/images/icons/item/shield/eq_lonelands_shield_04.png" quantity="1"/>
</selectOneOf>
</rewards>
</quest>
