<?xml version="1.0" encoding="UTF-8"?>
<quest id="1879051753" key="A_Gift_for_the_North" title="A Gift for the North" category="Shire" scope="" questArc="Beast of the Bog" minimumLevel="6" type="STANDARD" size="SMALL_FELLOWSHIP" faction="FREE_PEOPLES" repeatable="false" instanced="false" description="From the orders you found, Ulfar has learned that Olwir plans to capture a Stone-troll that stalks Rushock Bog and deliver it as a gift to the Dourhands in the north. The cow he stole from Filibert was bait to trap the creature." bestower="Ulfar (NPC)" bestowerText="'Who would have thought the theft of a cow would uncover a plot such as this? We must foil Olwir's plans, and if he has captured a troll, we must slay it!&#13;&#10;&#13;&#10;'Fortunately, I have learned where Olwir and his dwarves are camping. They can be found in the north of Rushock Bog. However, getting into the camp and slaying this Stone-troll, if they have one, will not be easy. We will need help.&#13;&#10;&#13;&#10;'Gather a party of warriors -- if there are any to be found in this land -- then return here. Make sure to gather sturdy warriors, for the battle ahead will not be easy.'" objectives="Objective 1:&#13;&#10;Olwir's camp is in the northern reaches of Rushock Bog.&#13;&#10;&#13;&#10;Ulfar has decided that Olwir's plan must be put to an end and has asked you to gather a party of warriors to accompany him to the camp. Once there, he plans to inflitrate the camp and slay any Stone-troll Olwir's dwarves may have captured.&#13;&#10;• Speak to Ulfar&#13;&#10;Objective 2:&#13;&#10;Ulfar is back in Needlehole.&#13;&#10;&#13;&#10;Having succeeded in your quest, you should return to Ulfar to tell him what happened.&#13;&#10;• Talk to Ulfar">
<prerequisites>
<prerequisite name="The_Dwarves_of_Needlehole"/>
</prerequisites>
<rewards>
<money gold="0" silver="0" copper="90"/>
<selectOneOf>
<object name="Ulfar's Shoulder Guards" pageURL="/wiki/Armour:Ulfar's_Shoulder_Guards" iconURL="http://content.turbine.com/sites/lorebook.lotro.com/images/icons/item/shoulders/eq_shire_light_shoulder_01.png" quantity="1"/>
<object name="Ulfar's Helmet" pageURL="/wiki/Armour:Ulfar's_Helmet" iconURL="http://content.turbine.com/sites/lorebook.lotro.com/images/icons/item/head/eq_shire_medium_head_01.png" quantity="1"/>
<object name="Ulfar's Robe" pageURL="/wiki/Armour:Ulfar's_Robe" iconURL="http://content.turbine.com/sites/lorebook.lotro.com/images/icons/item/chest/eq_shire_light_chest_03.png" quantity="1"/>
<object name="Ulfar's Leather Leggings" pageURL="/wiki/Armour:Ulfar's_Leather_Leggings" iconURL="http://content.turbine.com/sites/lorebook.lotro.com/images/icons/item/legs/eq_shire_medium_legs_03.png" quantity="1"/>
<object name="Olwir's Bane" pageURL="/wiki/Weapon:Olwir's_Bane" iconURL="http://content.turbine.com/sites/lorebook.lotro.com/images/icons/item/weapon_sword/eq_shire_1hsword_04.png" quantity="1"/>
<object name="Two-Handed Axe" pageURL="/wiki/Weapon:Two-Handed_Axe" iconURL="http://content.turbine.com/sites/lorebook.lotro.com/images/icons/item/weapon_sword/eq_shire_2haxe_02.png" quantity="1"/>
<object name="Olwir's Foil" pageURL="/wiki/Weapon:Olwir's_Foil" iconURL="http://content.turbine.com/sites/lorebook.lotro.com/images/icons/item/weapon_mace/eq_shire_1hhammer_04.png" quantity="1"/>
</selectOneOf>
</rewards>
</quest>
