<?xml version="1.0" encoding="UTF-8"?>
<quest id="1879048262" key="A_Daring_Rescue" title="A Daring Rescue" category="Lone-lands" scope="" questArc="" minimumLevel="18" type="STANDARD" size="SOLO" faction="FREE_PEOPLES" repeatable="false" instanced="false" description="Leofwenna was trapped in the ruins in the south-east when the goblins overran the Eglain's camp there. She has been hiding among the ruins since that time and is need of assistance." bestower="Leofwenna (Race of Man)" bestowerText="'(your race), you are real...my eyes are not deceived! I am Leofwenna of the Eglain. I have been trapped here for weeks, wounded and unable to make my way out past the goblins.&#13;&#10;&#13;&#10;'My people were overrun by the goblins and were forced to flee. I defended them as best I could, saving some who reached the archway to the west, but my wounds were grievous, and I was fortunate to find this hiding place. I have been luckier still that the goblins that have gone missing thanks to my blade were not missed and had food, though ill fare it was.&#13;&#10;&#13;&#10;'I am still weak and cannot make my way from this place on my own. Will you aid me? You need only take me as far as the archway to the west.'" objectives="Objective 1:&#13;&#10;The arch leading from the ruins lies to the west.&#13;&#10;&#13;&#10;Leofwenna has asked you to escort her to the arch leading out of the ruins and to freedom. She is in the area east beyond the first of the goblin camps south-east of The Forsaken Inn.&#13;&#10;• Talk to Leofwenna&#13;&#10;Objective 2:&#13;&#10;Gadaric Munce is at The Forsaken Inn, north-west of the ruins.&#13;&#10;&#13;&#10;Leofwenna suggested you seek Gadaric Munce, and that he would reward you for assisting her.&#13;&#10;• Talk to Gadaric Munce (Gadaric Munce)">
<rewards>
<money gold="0" silver="8" copper="50"/>
<reputation>
<reputationItem faction="Eglain" amount="1200"/>
</reputation>
<selectOneOf>
<object name="Rescuer's Blade" pageURL="/wiki/Weapon:Rescuer's_Blade" iconURL="http://content.turbine.com/sites/lorebook.lotro.com/images/icons/item/weapon_sword/eq_lonelands_1hsword_01.png" quantity="1"/>
<object name="Rescuer's Hands" pageURL="/wiki/Armour:Rescuer's_Hands" iconURL="http://content.turbine.com/sites/lorebook.lotro.com/images/icons/item/hands/eq_lonelands_heavy_hands_03.png" quantity="1"/>
</selectOneOf>
</rewards>
</quest>
