<?xml version="1.0" encoding="UTF-8"?>
<quest id="1879051315" key="Iron-jaws" title="Iron-jaws" category="Lone-lands" scope="" questArc="Angmar Rising" minimumLevel="22" type="STANDARD" size="SOLO" faction="FREE_PEOPLES" repeatable="false" instanced="false" description="Orcs bearing the standard of Angmar poured into the Lone-lands from the North and have occupied Ost Cyrn, a ruin south-west of Ost Guruth." bestower="Grimdeal (NPC)" bestowerText="'Your first efforts against the Orcs in the South proved more than capable. Already, I have seen some faces through the camp bearing smiles where once there were none.&#13;&#10;&#13;&#10;'I am grateful for your assistance, truly, but I would ask another favour of you now. The Orcs train beasts of war which have discovered our scouts, injuring some and slaying others. These stalkers strike fear into the hearts of my people, and if we can show them courage, we can further the work you have begun.&#13;&#10;&#13;&#10;'I speak of the Wargs, roaming the lands south and west of Ost Guruth, especially in the areas surrounding Ost Cyrn. The Orcs mark the beasts that they favour by scarring their paws. Gather such scarred paws from this foe, and we will show the Eglain there is little to fear from this enemy.'" objectives="Objective 1:&#13;&#10;Wargs stalk the stretches of land to the south and west of Ost Guruth, especially in the areas surrounding Ost Cyrn.&#13;&#10;&#13;&#10;Grimdeal has asked you to hunt the Wargs for their paws to prove to the Eglain that the fear they inspire can be overcome.&#13;&#10;• Bring the Warg-paws to Grimdeal at Ost Guruth (Grimdeal)&#13;&#10;• Turn in Scarred Warg-paw">
<rewards>
<money gold="0" silver="14" copper="50"/>
<reputation>
<reputationItem faction="Eglain" amount="700"/>
</reputation>
<selectOneOf>
<object name="Shadowhyrst's Shoes" pageURL="/wiki/Armour:Shadowhyrst's_Shoes" iconURL="http://content.turbine.com/sites/lorebook.lotro.com/images/icons/item/feet/eq_lonelands_light_feet_05.png" quantity="1"/>
<object name="Shadowhyrst's Armband" pageURL="/wiki/Item:Shadowhyrst's_Armband" iconURL="http://content.turbine.com/sites/lorebook.lotro.com/images/icons/item/jewelry/eq_lonelands_bracelet_09.png" quantity="1"/>
</selectOneOf>
</rewards>
</quest>
