<?xml version="1.0" encoding="UTF-8"?>
<quest id="1879054129" key="The_Light_of_Hope" title="The Light of Hope" category="Angmar" scope="" questArc="Oppression's Yoke" minimumLevel="39" type="STANDARD" size="SOLO" faction="FREE_PEOPLES" repeatable="false" instanced="false" description="Búdan sent you to the city of Donnvail to speak with the Trév Gállorg there who might rise up against the Angmarim." bestower="Branan (NPC)" bestowerText="'Donnvail is draped in the shadow of fear, (your name), and the Trév Gállorg here are tormented. We keep our heads down and try not to draw attention to ourselves.&#13;&#10;&#13;&#10;'The lords of Carn Dûm have sent cruel taskmasters to this city to stop any chance of rebellion before it begins: Fûshath the Beast, a terrible Gorthorog; Muiráthakh, the Silent Judge, doom-sayer and executioner; and Gillë Andras, the Lord of the Western Marches, cruel leader of the armies that tread upon Fasach-falroid.&#13;&#10;&#13;&#10;'I will say no more. Seek out Garvan, further within the city. He will tell you more, if he is as fool-hardy as I, and I pray that you tell no one that I gave you his name.'" objectives="Objective 1:&#13;&#10;Garvan is in the city of Donnvail, north-east of Fail-á-Khro.&#13;&#10;&#13;&#10;Búdan told you of the three leaders sent to Donnvail by Carn Dûm: Fûshath the Beast, Muiráthakh the Silent Judge, and Gillë Andras the Lord of the Western Marches. He also told you to speak to a Man named Garvan further within the city of Donnvail.&#13;&#10;• Talk to Garvan&#13;&#10;Objective 2:&#13;&#10;Morven is within the city of Donnvail, north-east of Fail-á-Khro.&#13;&#10;&#13;&#10;Garvan gave you the name of someone who might be sympathetic to the cause, telling you to seek Morven further into the city.&#13;&#10;• Talk to Morven&#13;&#10;Objective 3:&#13;&#10;Uthagan is in the city of Donnvail, north-east of Fail-á-Khro.&#13;&#10;&#13;&#10;Morven has told you to speak with Uthagan, but with caution: his family was recently taken by Muiráthakh, and she does not think they have been seen since.&#13;&#10;• Talk to Uthagan&#13;&#10;Objective 4:&#13;&#10;Uthagan spoke of Una, located somewhere within the city of Donnvail, north-east of Fail-á-Khro.&#13;&#10;&#13;&#10;Though he sought to slay you, Uthagan unwittingly gave you the name of someone you might speak to: a woman named Una.&#13;&#10;• Talk to Una">
<prerequisites>
<prerequisite name="Oppression%27s_Yoke"/>
</prerequisites>
<nextQuests>
<nextQuest name="A_Call_for_Allies"/>
<nextQuest name="The_Minions_of_Muir%C3%A1thakh"/>
<nextQuest name="Muir%C3%A1thakh%2C_the_Silent_Judge"/>
<nextQuest name="F%C3%BBshath_the_Beast"/>
</nextQuests>
<rewards>
<money gold="0" silver="22" copper="75"/>
<selectOneOf>
<object name="Great Arm of Búth Luikh" pageURL="/wiki/Weapon:Great_Arm_of_Búth_Luikh" iconURL="http://content.turbine.com/sites/lorebook.lotro.com/images/icons/item/weapon_sword/eq_new_angmar_2haxe_01.png" quantity="1"/>
<object name="Blade of Búth Luikh" pageURL="/wiki/Weapon:Blade_of_Búth_Luikh" iconURL="http://content.turbine.com/sites/lorebook.lotro.com/images/icons/item/weapon_sword/eq_new_angmar_1hsword_01.png" quantity="1"/>
</selectOneOf>
</rewards>
</quest>
