<?xml version="1.0" encoding="UTF-8"?>
<quest id="1879048592" key="Vol._I,_Book_8,_Chapter_4:_A_Beacon_of_Hope" title="Vol. I, Book 8, Chapter 4: A Beacon of Hope" category="Epic - Vol. I, Book 8: The Scourge of the North" scope="Epic" questArc="Volume I, Book 8: The Scourge of the North" minimumLevel="44" type="EPIC" size="SOLO" faction="FREE_PEOPLES" repeatable="false" instanced="false" description="Elrond renamed Golodir's sword Dúnachar, Avenger of the West, and prophesied that it would one day avenge the death of Lorniel, Golodir's daughter." bestower="Elrond (NPC)" bestowerText="'Dúnachar is a fine sword, and I foresee that one day the Steward of Angmar will rue its reforging.&#13;&#10;&#13;&#10;'Go now. Return to Laerdan and bring him Golodir's gear. I hope that Golodir will see his despair for what it is -- the machinations of the Enemy.&#13;&#10;&#13;&#10;'Laerdan awaits you at Gath Forthnír in Angmar.'" objectives="Objective 1:&#13;&#10;Laerdan is at Gath Forthnír in the eastern reaches of Himbar.&#13;&#10;&#13;&#10;Elrond gave you the sword Dúnachar and told you to take it and the rest of Golodir's gear to Laerdan.&#13;&#10;• Talk to Laerdan&#13;&#10;• Turn in Dúnachar&#13;&#10;• Turn in Gondorian Shield&#13;&#10;• Turn in Golodir's Mail-shirt&#13;&#10;Objective 2:&#13;&#10;Golodir is at Gath Forthnír in the eastern reaches of Himbar.&#13;&#10;&#13;&#10;Laerdan instructed you to return Golodir's gear to him.&#13;&#10;• Talk to Golodir&#13;&#10;• Turn in Golodir's Mail-shirt&#13;&#10;• Turn in Gondorian Shield&#13;&#10;• Turn in Dúnachar">
<prerequisites>
<prerequisite name="Vol._I%2C_Book_8%2C_Chapter_3%3A_Forging_the_Sword"/>
</prerequisites>
<nextQuests>
<nextQuest name="Vol._I%2C_Book_8%2C_Chapter_5%3A_Mordirith%27s_Fall"/>
</nextQuests>
<rewards>
<money gold="0" silver="24" copper="50"/>
</rewards>
</quest>
