<?xml version="1.0" encoding="UTF-8"?>
<quest id="1879049589" key="Prologue:_Make_Yourself_Useful" title="Prologue: Make Yourself Useful" category="Epic - Vol. I, Prologue" scope="Epic" questArc="Shire Epic Prologue" minimumLevel="7" type="EPIC" size="SOLO" faction="FREE_PEOPLES" repeatable="false" instanced="false" description="Lobelia Sackville-Baggins has heard that there are goblins on the edges of the Shire and has demanded that you do something about them." bestower="Lobelia Sackville-Baggins (NPC)" bestowerText="'Why do we even need a Mayor, or Bounders, or Shirriffs, if they can't keep my nephew from being threatened and abducted and put through all kinds of hardship? The Sackville-Bagginses are a very important family in these parts!&#13;&#10;&#13;&#10;'I've heard that there are goblins on the edges of the Shire. Goblins! If you ask me, you should stop running pointless errands for our fat mayor and should do something about them!&#13;&#10;&#13;&#10;'I've heard that Wilcome Tunnelly, the quarry supervisor in Scary, has seen goblins on the Greenfields. Talk to him and get to the bottom of this, (your name). Hmmph...goblins!'" objectives="Objective 1:&#13;&#10;Wilcome Tunnelly is outside the quarry in Scary, far to the east of Hobbiton.&#13;&#10;&#13;&#10;Lobelia Sackville-Baggins is in a bad mood and has demanded that you prove your worth as a Bounder by talking to Wilcome Tunnelly, the quarrymaster at Scary, about the rumours of goblins on the edges of the Shire.&#13;&#10;• Talk to Wilcome Tunnelly">
<prerequisites>
<prerequisite name="Prologue%3A_Flourdumpling%27s_Stand"/>
</prerequisites>
<nextQuests>
<nextQuest name="Prologue%3A_Pansy_Tunnelly%27s_Tale"/>
</nextQuests>
<rewards>
<object name="Gift Mathom" pageURL="/wiki/Item:Gift_Mathom" iconURL="http://content.turbine.com/sites/lorebook.lotro.com/images/icons/item/reputation/it_reputation_shire_mathoms_gift.png" quantity="1"/>
</rewards>
</quest>
