<?xml version="1.0" encoding="UTF-8"?>
<quest id="1879048596" key="Foul_Waters" title="Foul Waters" category="Angmar" scope="" questArc="Foul Waters" minimumLevel="43" type="STANDARD" size="SOLO" faction="FREE_PEOPLES" repeatable="false" instanced="false" description="The pools of Imlad Balchorth are noxious pits of foul water. No one knows if the corruption stems from the Enemy's industry or from a more sinister source." bestower="Thorod (NPC)" bestowerText="'Have you witnessed the foul waters that flow from Carn Dûm? In the past months, we have seen the waters from Urugarth become dark and rank with the smell of decay, but we cannot fathom the reason. Regardless of the cause, it is becoming ever more difficult to find drinkable water!&#13;&#10;&#13;&#10;'We must learn more of these waters and the maladies that they cause as they flow into Imlad Balchorth. Here, take this phial and return to me with samples of the water. Please combine five drams of this foul water into a single phial.&#13;&#10;&#13;&#10;'You should first draw water from the roiling patches in the pools in the eastern parts of Imlad Balchorth. The waters there cloud the minds and bind the tongues of those who come upon them.'" objectives="Objective 1:&#13;&#10;Imlad Balchorth's pools are to the west of Myrkworth.&#13;&#10;&#13;&#10;The waters of the eastern Imlad Balchorth cause strange maladies, and Thorod wishes to determine the cause. He told you to take samples from the roiling patches in the pools.&#13;&#10;• Use Roiling Water&#13;&#10;• Turn in Phial&#13;&#10;Objective 2:&#13;&#10;Thorod is in Myrkworth, east of Imlad Balchorth.&#13;&#10;&#13;&#10;Your phials are filled with water from the roiling pools of the Imlad Balchorth.&#13;&#10;• Talk to Thorod&#13;&#10;• Turn in Phial of Water">
<prerequisites>
<prerequisite name="Vol._I%2C_Book_6%2C_Chapter_6%3A_Challenging_the_Stone"/>
</prerequisites>
<nextQuests>
<nextQuest name="Discovering_the_Source"/>
</nextQuests>
<rewards>
<money gold="0" silver="24" copper="15"/>
<reputation>
<reputationItem faction="Council of the North" amount="500"/>
</reputation>
</rewards>
</quest>
