<?xml version="1.0" encoding="UTF-8"?>
<quest id="1879053146" key="The_Cauldron_of_Death" title="The Cauldron of Death" category="Angmar" scope="" questArc="Cauldron of Death" minimumLevel="44" type="STANDARD" size="FELLOWSHIP" faction="FREE_PEOPLES" repeatable="false" instanced="false" description="Oflár believes the Cauldron of Death is located near the central lake of Imlad Balchorth." bestower="Oflár (NPC)" bestowerText="'I have asked you to go into danger enough ere now. But I think I must ask you to brave still a greater peril. Indeed, I think this is too much to ask of any one adventurer, no matter how doughty, so I would ask you to gather allies to your side.&#13;&#10;&#13;&#10;'This Cauldron of Death...I have heard stories of it told by the Hillmen of the west. It is said that a corpse may be bathed therein, and a wight emerges. It must be a sort of engine of death, the place from which all these dread wights emerge to plague the land.&#13;&#10;&#13;&#10;'I am sure that you will find many defenders at the heart of Imlad Balchorth. Fight your way through the evil throng, find the Cauldron and slay whatever monstrosity you find guarding it.'" objectives="Objective 1:&#13;&#10;The Cauldron of Death and its guardian are before the central lake of Imlad Balchorth, west from Myrkworth.&#13;&#10;&#13;&#10;Oflár has asked you to fight your way to the Cauldron of Death and destroy its guardian. He suggested you gather allies.&#13;&#10;• Find the Cauldron of Death&#13;&#10;• Defeat the Cauldron's guardian (Ironbound Giant)&#13;&#10;Objective 2:&#13;&#10;Oflár is at Myrkworth, east from the Cauldron of Death.&#13;&#10;&#13;&#10;With the Iron-bound Giant destroyed, the Cauldron of Death ceased spewing forth wights, at least for now. You should return and report your success to Oflár.&#13;&#10;• Talk to Oflár">
<prerequisites>
<prerequisite name="Purification_of_Death"/>
</prerequisites>
<nextQuests>
<nextQuest name="Raid%3A_The_Master_of_Imlad_Balchorth"/>
</nextQuests>
<rewards>
<money gold="0" silver="39" copper="20"/>
<reputation>
<reputationItem faction="Council of the North" amount="700"/>
</reputation>
<selectOneOf>
<object name="Oflár's Shoulder Guards" pageURL="/wiki/Armour:Oflár's_Shoulder_Guards" iconURL="http://content.turbine.com/sites/lorebook.lotro.com/images/icons/item/shoulders/eq_angmar_medium_shoulder_04.png" quantity="1"/>
<object name="Helthail" pageURL="/wiki/Armour:Helthail" iconURL="http://content.turbine.com/sites/lorebook.lotro.com/images/icons/item/feet/eq_angmar_heavy_feet_04.png" quantity="1"/>
<object name="Cauldron Purger" pageURL="/wiki/Item:Cauldron_Purger" iconURL="http://content.turbine.com/sites/lorebook.lotro.com/images/icons/item/jewelry/eq_angmar_bracelet_04.png" quantity="1"/>
</selectOneOf>
</rewards>
</quest>
