<?xml version="1.0" encoding="UTF-8"?>
<quest id="1879051599" key="A_Sack_of_Feed" title="A Sack of Feed" category="Shire" scope="" questArc="The Founding Writ" minimumLevel="5" type="STANDARD" size="SOLO" faction="FREE_PEOPLES" repeatable="false" instanced="false" description="Belco Brockhouse found a copy of the Founding Writ of the Shire, but will not give it up until he has received some services in return." bestower="Belco Brockhouse (NPC)" bestowerText="'So my pig, old Sally, when she ain't running loose all over the countryside, eats, and eats like you wouldn't believe. Goes through a sack o' feed in no time! Never seen a pig with an appetite like hers.&#13;&#10;&#13;&#10;'I need you to go to the Grange up in Hobbiton and fetch me a sack o' feed. Don't worry about talking to Ted Sandyman there to pay for them...I told him someone was going to come by and get them later today.&#13;&#10;&#13;&#10;'Now, if you want that Writ, you'd best be hurrying along! Head north across the Bywater Bridge in Hobbiton, and you'll see the Grange right there to your left.'" objectives="Objective 1:&#13;&#10;The sack of feed can be found on the Grange north of Hobbiton. Once you have picked up the feed, bring them back to Belco in Tuckborough.&#13;&#10;&#13;&#10;Belco has told you that his pig, Old Sally, has a ravenous appetite, and that he needs more feed if he is to satisfy her. He has instructed you to go to the Grange and pick up a sack of feed.&#13;&#10;• Pick up the sack of feed">
<prerequisites>
<prerequisite name="The_Founding_Writ"/>
</prerequisites>
<nextQuests>
<nextQuest name="Belco%27s_Writ"/>
</nextQuests>
<rewards>
<money gold="0" silver="0" copper="90"/>
<object name="Lesser Celebrant Salve" pageURL="/wiki/Item:Lesser_Celebrant_Salve" iconURL="http://content.turbine.com/sites/lorebook.lotro.com/images/icons/item/potion/it_potion_power_instant_tier1.png" quantity="3"/>
</rewards>
</quest>
