<?xml version="1.0" encoding="UTF-8"?>
<quest id="1879049911" key="Arthedain%27s_Lost_Brethren" title="Arthedain's Lost Brethren" category="Garth Agarwen" scope="" questArc="" minimumLevel="27" type="STANDARD" size="FELLOWSHIP" faction="FREE_PEOPLES" repeatable="false" instanced="false" description="The shades that wander these marshy lands were cursed to remain in Middle-earth, houseless and restless, until they either redeemed or destroyed the Red-maid of Agamaur." bestower="Dannasen (NPC)" bestowerText="'In ages past, we were cursed by Iarwain Ben-adar for our inaction as the Red-maid slipped further from the gentle creature she was to the corrupt thing she now is. Until she is redeemed or removed from the world, we are cursed to wander these swamps, with no hope of rest.&#13;&#10;&#13;&#10;'But we have no hope. She is too powerful, or so the men believe. I do not believe this is so. I must find a way to restore their resolve. One of the Eglain, Hartrím, has gone to the place where she dwells. He goes to secure items lost as my brethren and I battled the Angmarim and Hillmen of Rhudaur: our shields. I believe they are still held by the Hillmen who worship the Red-maid and the brigands who have allied themselves with them.&#13;&#10;&#13;&#10;'Perhaps you would seek Hartrím at the outskirts of Garth Agarwen and ask him how his efforts progress.'" objectives="Objective 1:&#13;&#10;Make your way to the entrance to the area known as Garth Agarwen, north-east of the Eglan-camp, and speak with Hartrím.&#13;&#10;&#13;&#10;Dannasen asked you to seek out Hartrím at the entrance to Garth Agarwen in an effort to discover if he has found any of the shields once used by Dannasen and his brethren.&#13;&#10;• Talk to Hartrím at the entrance of Garth Agarwen (Hartrím)&#13;&#10;Objective 2:&#13;&#10;The Hillmen of Rhudaur who serve the Red-maid and their brigand allies can be found in Garth Agarwen, the fortress of the Red-maid in the north-east of Agamaur. Hartrím awaits you outside the gates of Garth Agarwen.&#13;&#10;&#13;&#10;Dannasen, one of the shades of Arthedain cursed by Iarwain Ben-adar, fears that the others have lost their resolve to break their curse, believing that the Red-maid is too powerful. To strengthen their resolve, Dannasen enlisted Hartrím of the Eglain to collect the shields they lost to Rhudaur long years ago. Hartrím, too weak to face these foes, turns to you for assistance.&#13;&#10;• Bring the shields of Arthedain to Hartrím (Hartrím)&#13;&#10;• Turn in Shade-shield">
<prerequisites>
<prerequisite name="Rhudaur%27s_Traitors"/>
</prerequisites>
<rewards>
<money gold="0" silver="29" copper="68"/>
<reputation>
<reputationItem faction="Eglain" amount="900"/>
</reputation>
<selectOneOf>
<object name="Shield-finder's Legs" pageURL="/wiki/Armour:Shield-finder's_Legs" iconURL="http://content.turbine.com/sites/lorebook.lotro.com/images/icons/item/legs/eq_lonelands_medium_legs_02.png" quantity="1"/>
<object name="Shield Finder's Javelin" pageURL="/wiki/Weapon:Shield_Finder's_Javelin" iconURL="http://content.turbine.com/sites/lorebook.lotro.com/images/icons/item/weapon_javelin/eq_lonelands_javelin_03.png" quantity="1"/>
</selectOneOf>
</rewards>
</quest>
