<?xml version="1.0" encoding="UTF-8"?>
<quest id="1879048570" key="Vol._I,_Book_1,_Chapter_2:_To_a_Constable%27s_Aid" title="Vol. I, Book 1, Chapter 2: To a Constable's Aid" category="Epic - Vol. I, Book 1: Stirrings in the Darkness" scope="Epic" questArc="Volume I, Book 1: Stirrings in the Darkness" minimumLevel="11" type="EPIC" size="SOLO" faction="FREE_PEOPLES" repeatable="false" instanced="false" description="While Strider sees to some important travellers he is awaiting, he has asked you to travel to Combe and aid Constable Underhill in making sure the threat of the Blackwolds is at its end." bestower="Strider (NPC)" bestowerText="'I am curious to know who the dwarf you encountered at the Blackwolds' camp was. Dwarves are by nature honourable and cannot be dominated by the will of any. Why this one would serve the Enemy, I cannot say. Worse yet is the appearance of the Nazgûl. I must go watch the East Road, for I am expecting some travellers and now fear they may be in danger.&#13;&#10;&#13;&#10;'Would you travel to Combe and speak to a constable there named Underhill? You may know him already...stout little fellow who loiters about town centre. You may suggest to Underhill that he investigate the Blackwolds' old hideout.&#13;&#10;&#13;&#10;'When that is done, return here with your report. If perchance I am not here, assume the worst.'" objectives="Objective 1:&#13;&#10;Constable Underhill often loiters about Combe town centre, east and north of Bree.&#13;&#10;&#13;&#10;Strider has informed you that he has an important matter to attend to, but has asked you to go to Combe and encourage Constable Underhill to investigate the brigands' old hideout.&#13;&#10;• Talk to Constable Underhill">
<prerequisites>
<prerequisite name="Vol._I%2C_Book_1%2C_Chapter_1%3A_Unravelling_the_Thread"/>
</prerequisites>
<nextQuests>
<nextQuest name="Vol._I%2C_Book_1%2C_Chapter_3%3A_Blackwolds_Broken"/>
</nextQuests>
<rewards>
<reputation>
<reputationItem faction="Men of Bree" amount="500"/>
</reputation>
</rewards>
</quest>
