<?xml version="1.0" encoding="UTF-8"?>
<quest id="1879059718" key="Stealing_Stores" title="Stealing Stores" category="Angmar" scope="" questArc="Stealing Stores" minimumLevel="39" type="STANDARD" size="SOLO" faction="FREE_PEOPLES" repeatable="false" instanced="false" description="The farmers of Donnvail produce as much food as they are able in this harsh land, but the Angmarim seize most of it for themselves and their army." bestower="Ekhagan (NPC)" bestowerText="'The farms of Fasach-falroid produce as much as our people can coax from them, but the Angmarim exert pressure on the people of Donnvail and take most of the food for themselves and their army.&#13;&#10;&#13;&#10;'The surplus food is stored in crates within the city of Donnvail until such time as the army has need of it...but the Trév Gállorg need it now! It seems that the Angmarim would rather let it rot than go to feed the hungry mouths of my people!&#13;&#10;&#13;&#10;'Travel north-east to the city of Donnvail and return to me with the food-stores. I will make sure that it goes to those who need it. Let the army of Angmar starve!'" objectives="Objective 1:&#13;&#10;Food-stores are kept within the city of Donnvail, north-east of Fail-á-Khro.&#13;&#10;&#13;&#10;Ekhagan has asked you to steal food-stores from the city of Donnvail, where they are being kept for the use of the army of Angmar, so he can distribute them to the hungry people of his tribe.&#13;&#10;• Bring food-stores to Ekhagan (Ekhagan)&#13;&#10;• Collect food-stores (8 Food-stores)">
<prerequisites>
<prerequisite name="The_Rite_of_Cl%C3%BAcath"/>
</prerequisites>
<nextQuests>
<nextQuest name="Fuel_for_the_Forge"/>
</nextQuests>
<rewards>
<money gold="0" silver="22" copper="75"/>
<selectOneOf>
<object name="Ríanamath" pageURL="/wiki/Armour:Ríanamath" iconURL="http://content.turbine.com/sites/lorebook.lotro.com/images/icons/item/shield/eq_angmar_heavy_shield_02.png" quantity="1"/>
<object name="Ekhagan's Shield" pageURL="/wiki/Armour:Ekhagan's_Shield" iconURL="http://content.turbine.com/sites/lorebook.lotro.com/images/icons/item/shield/eq_angmar_medium_shield_02.png" quantity="1"/>
</selectOneOf>
</rewards>
</quest>
