<?xml version="1.0" encoding="UTF-8"?>
<quest id="1879049844" key="Prologue:_Beneath_the_Greenfields" title="Prologue: Beneath the Greenfields" category="Epic - Vol. I, Prologue" scope="Epic" questArc="Shire Epic Prologue" minimumLevel="8" type="EPIC" size="SOLO" faction="FREE_PEOPLES" repeatable="false" instanced="false" description="Bounder Primstone has gone to the goblin encampment with Bullroarer's club, thinking to drive the goblins from the Shire, but Halros fears he has made a terrible mistake." bestower="Halros (NPC)" bestowerText="'I have learned something of our enemy. Lubach, the leader of these goblins, is under the sway of a Man from the north, from Angmar, I believe. It was long thought that none of that people still dwelled in the north, but it seems they have returned.&#13;&#10;&#13;&#10;'I do not know what lies this Man of Angmar told to Lubach, but he has convinced him that he is the heir of Golfimbul, and that he must fulfil Golfimbul's ambition: the domination of the Shire.&#13;&#10;&#13;&#10;'We must not delay, (your name); we need to rescue Bounder Primstone! I will seek out some of my kindred and meet you inside the goblin encampment to the north-west! Look for the cave entrance inside the camp...if the hobbit is alive, he will surely be within the cave, seeking Lubach!'" objectives="Objective 1:&#13;&#10;The main goblin encampment is north-west of Halros's camp in the Greenfields. Somewhere in the camp is the entrance to the cave where Primstone went.&#13;&#10;&#13;&#10;After Halros learned that Bounder Primstone went to confront the goblins alone, he asked you to journey deep into the goblin encampment to rescue the hobbit. In the meantime, Halros will himself seek out more of his kindred to aid you.&#13;&#10;• Enter Lubach's cave and rescue Bounder Primstone&#13;&#10;Objective 2:&#13;&#10;Halros has a camp on the Greenfields, south-east of the goblin-camp.&#13;&#10;&#13;&#10;You have put an end to Lubach and saved Bounder Primstone from the goblins. Halros told you to meet him at his camp.&#13;&#10;• Talk to Halros">
<prerequisites>
<prerequisite name="Prologue%3A_Bullroarer%27s_Club"/>
</prerequisites>
<nextQuests>
<nextQuest name="Prologue%3A_The_Shire_Unprotected"/>
<nextQuest name="Vol._I%2C_Prologue%2C_Instance%3A_Beneath_the_Greenfields"/>
</nextQuests>
<rewards>
<money gold="0" silver="1" copper="5"/>
<selectOneOf>
<object name="Fated Dagger" pageURL="/wiki/Weapon:Fated_Dagger" iconURL="http://content.turbine.com/sites/lorebook.lotro.com/images/icons/item/weapon_dagger/eq_shire_dagger_03.png" quantity="1"/>
<object name="Lubach's Crusher" pageURL="/wiki/Weapon:Lubach's_Crusher" iconURL="http://content.turbine.com/sites/lorebook.lotro.com/images/icons/item/weapon_mace/eq_shire_1hhammer_03.png" quantity="1"/>
<object name="Halros' Staff" pageURL="/wiki/Weapon:Halros'_Staff" iconURL="http://content.turbine.com/sites/lorebook.lotro.com/images/icons/item/weapon_staff/eq_shire_staff_02.png" quantity="1"/>
<object name="Halros' Trousers" pageURL="/wiki/Armour:Halros'_Trousers" iconURL="http://content.turbine.com/sites/lorebook.lotro.com/images/icons/item/legs/eq_shire_light_legs_03.png" quantity="1"/>
<object name="Halros' Boots" pageURL="/wiki/Armour:Halros'_Boots" iconURL="http://content.turbine.com/sites/lorebook.lotro.com/images/icons/item/feet/eq_shire_medium_feet_03.png" quantity="1"/>
<object name="Lubach's Ender" pageURL="/wiki/Weapon:Lubach's_Ender" iconURL="http://content.turbine.com/sites/lorebook.lotro.com/images/icons/item/weapon_sword/eq_shire_2hsword_02.png" quantity="1"/>
<object name="Halros' Javelin" pageURL="/wiki/Weapon:Halros'_Javelin" iconURL="http://content.turbine.com/sites/lorebook.lotro.com/images/icons/item/weapon_javelin/eq_shire_javelin_03.png" quantity="1"/>
</selectOneOf>
</rewards>
</quest>
