<?xml version="1.0" encoding="UTF-8"?>
<quest id="1879049854" key="Vol._I,_Book_2,_Chapter_9:_The_Bloated_Dead" title="Vol. I, Book 2, Chapter 9: The Bloated Dead" category="Epic - Vol. I, Book 2: The Red Maid" scope="Epic" questArc="Volume I, Book 2: The Red Maid" minimumLevel="23" type="EPIC" size="SOLO" faction="FREE_PEOPLES" repeatable="false" instanced="false" description="Your discovery of wights in Haragmar, the southern reaches of the Red Swamp, alarms Radagast the Brown. He suspects the involvement of powers from Angmar." bestower="Radagast the Brown (NPC)" bestowerText="'I can smell death in the moss, as if it was plucked from an ancient grave. This stench of decay and evil is not a thing from nature. I believe that the wights are to blame.&#13;&#10;&#13;&#10;'Wights are the bones of the dead, stirred by fell spirits out of Angmar and Rhudaur. The wars here long ago made Haragmar as ripe for wights as the Barrow-downs in the west. Return to Haragmar, the swamp in the east, and destroy these foul creatures.&#13;&#10;&#13;&#10;'If there are wights, I fear there are other fell creatures haunting the swamp, as well. For now, though, you need only concern yourself with the wights.'" objectives="Objective 1:&#13;&#10;Wights can be found deeper in Haragmar, the southern reaches of the Red Swamp, east of Ost Guruth.&#13;&#10;&#13;&#10;Radagast sent you back into the swamp to defeat the wights that are fouling the land with their evil.&#13;&#10;• Defeat wights in Haragmar (15)&#13;&#10;Objective 2:&#13;&#10;Radagast the Brown waits at the tower at the northern end of the main thoroughfare in Ost Guruth.&#13;&#10;&#13;&#10;You should return to Radagast the Brown with news of your battle with the wights of Haragmar.&#13;&#10;• Talk to Radagast the Brown in Ost Guruth (Radagast the Brown)">
<prerequisites>
<prerequisite name="Vol._I%2C_Book_2%2C_Chapter_8%3A_The_Red_Swamp"/>
</prerequisites>
<nextQuests>
<nextQuest name="Vol._I%2C_Book_2%2C_Chapter_10%3A_Breeders_of_the_Dead"/>
</nextQuests>
<rewards>
<money gold="0" silver="16" copper="0"/>
</rewards>
</quest>
