<?xml version="1.0" encoding="UTF-8"?>
<quest id="1879048243" key="Articles_of_Discovery" title="Articles of Discovery" category="Hunter" scope="" questArc="The Swiftest Arrow" minimumLevel="45" type="STANDARD" size="SOLO" faction="FREE_PEOPLES" repeatable="false" instanced="false" description="Fenton Marshley has agreed to help you fashion a piece of equipment worthy of your great skill as a hunter." bestower="Fenton Marshley (NPC)" bestowerText="'I can make you a piece of equipment worthy of your skill as a hunter, (your name), but with this offer I give to you a warning: the tale of this piece will be hard-fought and purchased with great toil.&#13;&#10;&#13;&#10;'I will need time between each stage of the process, so do not bring me everything at once. I will first need the matted hide of Zorrgolug, a great Warg of Fasach-falroid, and five brimstone-tinged Tarkrîp helmets affected by the great swamp of Malenhad. Begin your hunt with confidence and finish it with triumph!'" objectives="Objective 1:&#13;&#10;Zorrgolug prowls in Fasach-falroid in Angmar. Tarkrîp goblins dwell among the Orc-camps of Malenhad in Angmar.&#13;&#10;&#13;&#10;Fenton Marshley asked you to bring him the matted hide of the Warg Zorrgolug and brimstone-tinged Tarkrîp helmets.&#13;&#10;• Turn in Zorrgolug's Matted Hide&#13;&#10;• Turn in Brimstone-tinged Tarkrîp-helmet&#13;&#10;Objective 2:&#13;&#10;Fenton Marshley is at the Hunting Lodge east of Archet and north of Bree, in Bree-land.&#13;&#10;&#13;&#10;You have collected the first set of components Fenton Marshley asked you to bring him.&#13;&#10;• Talk to Fenton Marshley&#13;&#10;• Turn in Zorrgolug's Matted Hide&#13;&#10;• Turn in Brimstone-tinged Tarkrîp-helmet&#13;&#10;Objective 3:&#13;&#10;Cave-claws and nerbeglir dwell in Angmar and other such evil places.&#13;&#10;&#13;&#10;Fenton Marshley asked you to bring him glossy cave-claw skins and corroded Neekerbreeker-horns.&#13;&#10;• Turn in Glossy Cave-claw Skin&#13;&#10;• Turn in Corroded Neekerbreeker Horn&#13;&#10;Objective 4:&#13;&#10;Fenton Marshley is at the Hunting Lodge east of Archet and north of Bree, in Bree-land.&#13;&#10;&#13;&#10;You have collected the second set of components Fenton Marshley asked you to bring him.&#13;&#10;• Bring second set of components to Fenton Marshley (Fenton Marshley)&#13;&#10;• Turn in Glossy Cave-claw Skin&#13;&#10;• Turn in Corroded Neekerbreeker Horn&#13;&#10;Objective 5:&#13;&#10;Mormoz and Azgoth may be found at Carn Dûm in Angmar. Sorkrank and Burzfîl serve at Urugarth.&#13;&#10;&#13;&#10;Fenton asked you to bring him a Rune of Winged Dominance and an Insignia of Battle.&#13;&#10;• Turn in Rune of Winged Dominance&#13;&#10;• Turn in Insignia of Battle&#13;&#10;Objective 6:&#13;&#10;Fenton Marshley is at the Hunting Lodge east of Archet and north of Bree, in Bree-land.&#13;&#10;&#13;&#10;You have collected the final set of components Fenton Marshley asked you to bring him.&#13;&#10;• Bring last set of components to Fenton Marshley (Fenton Marshley)&#13;&#10;• Turn in Rune of Winged Dominance&#13;&#10;• Turn in Insignia of Battle">
<requiredClass name="Hunter"/>
<rewards>
<money gold="0" silver="49" copper="70"/>
<object name="Distilled Athelas Essence" pageURL="/wiki/Item:Distilled_Athelas_Essence" iconURL="http://content.turbine.com/sites/lorebook.lotro.com/images/icons/item/potion/it_potion_morale_instant_tier5.png" quantity="5"/>
<selectOneOf>
<object name="Bracelet of Discovery" pageURL="/wiki/Item:Bracelet_of_Discovery" iconURL="http://content.turbine.com/sites/lorebook.lotro.com/images/icons/item/jewelry/eq_class_bracelet_03.png" quantity="1"/>
<object name="Earring of Discovery" pageURL="/wiki/Item:Earring_of_Discovery" iconURL="http://content.turbine.com/sites/lorebook.lotro.com/images/icons/item/jewelry/eq_class_earring_02.png" quantity="1"/>
</selectOneOf>
</rewards>
</quest>
