<?xml version="1.0" encoding="UTF-8"?>
<quest id="1879051453" key="Dead_Water" title="Dead Water" category="Lone-lands" scope="" questArc="Angmar's Army" minimumLevel="26" type="STANDARD" size="SOLO" faction="FREE_PEOPLES" repeatable="false" instanced="false" description="With the terrible presence of wights, Hill-men of Rhudaur, and the darkwater menace, the foe has become too great to be held back by the small Eglain camp." bestower="Eriac the Strong (NPC)" bestowerText="'Your presence is welcome, (your name). I fear for my people's safety. The old ones you brought to our aid foray against the enemy in their efforts to find the Red-maid they speak of, but they cannot hold back the great tide alone.&#13;&#10;&#13;&#10;'In the eastern reaches of Agamaur, the water itself has risen up, as though it has taken on a life of its own. Creatures of water, which we call Gloom-water, attack us with little warning. How it is possible to fight the waters of the swamp, I do not know, but I would have you try.&#13;&#10;&#13;&#10;'As they swirl up from the depths, they pull with them ancient tokens of Rhudaur and Arthedain. Bring me these tokens as a sign of your efforts.'" objectives="Objective 1:&#13;&#10;The Gloom-water are in the eastern reaches of Agamaur.&#13;&#10;&#13;&#10;Eriac has asked you to help keep the Gloom-water, creatures formed from the waters of Agamaur, at bay. As evidence of your efforts, he wants you to bring him the ancient tokens of Rhudaur and Arthedain that are caught up into the Gloom-water as they swirl up from the swamp.&#13;&#10;• Return the Tokens to Eriac (Eriac the Strong)&#13;&#10;• Turn in Ancient Token">
<rewards>
<money gold="0" silver="18" copper="20"/>
<reputation>
<reputationItem faction="Eglain" amount="700"/>
</reputation>
<selectOneOf>
<object name="The Tusker's Flanks" pageURL="/wiki/Armour:The_Tusker's_Flanks" iconURL="http://content.turbine.com/sites/lorebook.lotro.com/images/icons/item/shoulders/eq_lonelands_medium_shoulder_02.png" quantity="1"/>
<object name="Eriac's Swamp-stompers" pageURL="/wiki/Armour:Eriac's_Swamp-stompers" iconURL="http://content.turbine.com/sites/lorebook.lotro.com/images/icons/item/feet/eq_lonelands_heavy_feet_05.png" quantity="1"/>
<object name="Leggings of the Stilled Waters" pageURL="/wiki/Armour:Leggings_of_the_Stilled_Waters" iconURL="http://content.turbine.com/sites/lorebook.lotro.com/images/icons/item/legs/eq_lonelands_light_legs_06.png" quantity="1"/>
</selectOneOf>
</rewards>
</quest>
