<?xml version="1.0" encoding="UTF-8"?>
<quest id="1879048616" key="A_Distant_Uncle" title="A Distant Uncle" category="Angmar" scope="" questArc="Thinning the Horde" minimumLevel="44" type="STANDARD" size="SOLO" faction="FREE_PEOPLES" repeatable="false" instanced="false" description="Rammas Deluon prevents the brothers Eilig, Machar, and Torquil from seeing their uncle Donaith, who lives far in the east of Angmar." bestower="Eilig (NPC)" bestowerText="'My brothers and I have not seen our uncle for many years. Rammas Deluon prevents safe passage to the lands beyond, and Uncle Donaith lives far to the east.&#13;&#10;&#13;&#10;'If you find yourself in those distant lands, perhaps you may pay Uncle Donaith a visit? I am sure he would want to hear from us. It has been a long time, and much has happened in his absence.&#13;&#10;&#13;&#10;'I do not know where he is now, only that he dwells far in the east.'" objectives="Objective 1:&#13;&#10;Donaith is somewhere far to the east of Aughaire, well beyond Rammas Deluon.&#13;&#10;&#13;&#10;Eilig and his brothers in Aughaire wish you to find their long-lost uncle.&#13;&#10;• Talk to Donaith">
<prerequisites>
<prerequisite name="Dark_Hunters"/>
<prerequisite name="Hidden_Hoard"/>
<prerequisite name="Dark_Vengeance"/>
</prerequisites>
<nextQuests>
<nextQuest name="Thinning_the_Horde"/>
</nextQuests>
<rewards>
<money gold="0" silver="24" copper="50"/>
</rewards>
</quest>
