<?xml version="1.0" encoding="UTF-8"?>
<quest id="1879048314" key="The_Second_Gear" title="The Second Gear" category="Ered Luin" scope="" questArc="The Puzzle-vault" minimumLevel="3" type="STANDARD" size="SOLO" faction="FREE_PEOPLES" repeatable="false" instanced="false" description="Bávor is an artificer tasked with repairing the great lock which opens access to the fabled Vault of the Mountain." bestower="Bávor (NPC)" bestowerText="'That first gear has seen better days, but it's not beyond repair. I'll get to work on that, while you look for the second gear.&#13;&#10;&#13;&#10;'According to the old records, the second gear was hidden in a chest in some old ruins to the south in the Vale of Thráin. The ruins are on the west side of the vale, off the road and across the Vale from Noglond. The records indicate that the chest is on the south side of the ruins.&#13;&#10;&#13;&#10;'One thing you should be aware of, though, is that goblins have overrun those ruins. Be careful.'" objectives="Objective 1:&#13;&#10;The chest containing the second gear can be found on the south side of the goblin-infested ruins in the Vale of Thráin, south of Thorin's Halls and west of Noglond.&#13;&#10;&#13;&#10;Bávor discovered the location of the second gear and has sent you to search for it, while he repairs the first gear.&#13;&#10;• Use Chest&#13;&#10;Objective 2:&#13;&#10;Bávor is in Thorin's Hall.&#13;&#10;&#13;&#10;Bávor will be pleased to begin working with the second gear.&#13;&#10;• Bring the second gear to Bávor (Bávor)&#13;&#10;• Turn in Gear">
<prerequisites>
<prerequisite name="The_First_Gear"/>
</prerequisites>
<nextQuests>
<nextQuest name="The_Third_Gear"/>
</nextQuests>
<rewards>
<money gold="0" silver="0" copper="90"/>
</rewards>
</quest>
