<?xml version="1.0" encoding="UTF-8"?>
<quest id="1879048310" key="The_Fifth_Gear" title="The Fifth Gear" category="Ered Luin" scope="" questArc="The Puzzle-vault" minimumLevel="10" type="STANDARD" size="SOLO" faction="FREE_PEOPLES" repeatable="false" instanced="false" description="Bávor is an artificer tasked with repairing the great lock which opens access to the fabled Vault of the Mountain." bestower="Bávor (NPC)" bestowerText="'This wretched gear won't fit. I'm guessing the fifth gear goes here, and the fourth atop it. Blast! Such art is lost, yet I must make it work! Ah well, I am keeping you from your labours with my complaining.&#13;&#10;&#13;&#10;'The fifth missing gear was placed in a chest hidden in the woods in eastern Haudh Lin, north and east of Kheledûl. However, a brood of vicious spiders have made the place their lair.&#13;&#10;&#13;&#10;'It will be a challenge to find the chest without running afoul of the vile creatures.'" objectives="Objective 1:&#13;&#10;The fifth gear is in a chest in a spider lair north and east of Kheledûl in eastern Haudh Lin.&#13;&#10;&#13;&#10;Bávor has asked you to recover the fifth and final gear from a terrible spider-lair.&#13;&#10;• Use Chest&#13;&#10;Objective 2:&#13;&#10;Bávor is in Thorin's Hall.&#13;&#10;&#13;&#10;Bávor will be pleased to see you have recovered the fifth and final gear.&#13;&#10;• Bring the fifth gear to Bávor (Bávor)&#13;&#10;• Turn in Gear">
<prerequisites>
<prerequisite name="The_Fourth_Gear"/>
</prerequisites>
<nextQuests>
<nextQuest name="The_Puzzle-vault"/>
</nextQuests>
<rewards>
<money gold="0" silver="1" copper="50"/>
</rewards>
</quest>
