<?xml version="1.0" encoding="UTF-8"?>
<quest id="1879059953" key="Mountain_Raiders" title="Mountain Raiders" category="Trollshaws" scope="" questArc="Thunder in the Mountains" minimumLevel="36" type="STANDARD" size="FELLOWSHIP" faction="FREE_PEOPLES" repeatable="false" instanced="false" description="Hostile giants in the Stonemere south of Rivendell have violated an ancient treaty by coming down from the mountains and into the Trollshaws." bestower="Ringhul (NPC)" bestowerText="'While I am glad that Arifael is well, there is more that concerns me. Long ago, we made treaty with the giants of the Misty Mountains. They agreed not to come down into the hills and vales of the Trollshaws without our leave.&#13;&#10;&#13;&#10;'Yet the hostile giants who threatened Arifael have clearly thrown aside this ancient restriction. What else will they dare to do, if they are not rebuked for this transgression?&#13;&#10;&#13;&#10;'The giants in the Stonemere near Arifael must be dealt with. Their strength must be broken, and their leader defeated. Do not attempt to face these foes alone, for they are as dangerous as they are foolhardy, and fools they be if they risk the anger of the Elves.'" objectives="Objective 1:&#13;&#10;The hostile giants are south of Rivendell, beyond the High Moor, in the Stonemere near the hill where you found Arifael.&#13;&#10;&#13;&#10;Ringhul has asked you to make your way into the Stonemere to defeat the hostile giants and slay their leader.&#13;&#10;• Kill 6 Giant Stone-breaker&#13;&#10;• Kill 6 Giant Rock-thrower&#13;&#10;• Kill 1 Giant Head-smasher&#13;&#10;Objective 2:&#13;&#10;Ringhul is at Rivendell, waiting to hear that you have defeated some of the giants in the Stonemere.&#13;&#10;&#13;&#10;Ringhul asked you to defeat the hostile giants that have come down from the mountains.&#13;&#10;• Talk to Ringhul">
<prerequisites>
<prerequisite name="A_Better_Sort_of_Giant"/>
</prerequisites>
<nextQuests>
<nextQuest name="Scouting_the_Mountains"/>
</nextQuests>
<rewards>
<money gold="0" silver="34" copper="72"/>
</rewards>
</quest>
