<?xml version="1.0" encoding="UTF-8"?>
<quest id="1879048647" key="Prologue:_Chasing_Amdir" title="Prologue: Chasing Amdir" category="Epic - Vol. I, Prologue" scope="Epic" questArc="Bree-land Epic Prologue" minimumLevel="10" type="EPIC" size="SOLO" faction="FREE_PEOPLES" repeatable="false" instanced="false" description="You found Amdir -- or at least the wraith that was once Amdir -- imprisoned in the dungeons of the Blackwolds' hideout. Amdir escaped and is now stalking the Rangers in Bree-land." bestower="Constable Underhill (NPC)" bestowerText="'Poor Toradan. If his words are true, his kinsmen are in great danger! This Mundol he spoke of before he passed must be warned!&#13;&#10;&#13;&#10;'Now, I don't know exactly where this Mustering Cave is, but if Toradan warned Constable Tanglerush, then Tanglerush must know its location.&#13;&#10;&#13;&#10;'Tanglerush is a Constable in Staddle, down the road south of Combe. You will likely find her loitering about town centre. Quickly, you must find her.'" objectives="Objective 1:&#13;&#10;Constable Tanglerush is in Staddle town centre, south of Combe&#13;&#10;&#13;&#10;As his last act, Toradan sent you to tell Constable Underhill of a message he sent to Constable Tanglerush regarding the danger Amdir might pose to his kinsmen. Underhill told you to go to Tanglerush and make certain she passed the message to Mundol.&#13;&#10;• Talk to Constable Tanglerush&#13;&#10;Objective 2:&#13;&#10;Mundol is hiding at a place called the Mustering Cave on the far east side of the Midgewater Marshes, near the Midgewater Pass.&#13;&#10;&#13;&#10;Constable Tanglerush did not find Mundol within the cave when she attempted to deliver her warning. Perhaps it is not too late to warn Mundol.&#13;&#10;• Talk to Mundol">
<prerequisites>
<prerequisite name="Prologue%3A_The_Hideout"/>
</prerequisites>
<nextQuests>
<nextQuest name="Prologue%3A_To_a_Ranger%27s_Aid"/>
</nextQuests>
<rewards>
<money gold="0" silver="1" copper="50"/>
</rewards>
</quest>
