<?xml version="1.0" encoding="UTF-8"?>
<quest id="1879049859" key="Vol._I,_Book_2,_Chapter_10:_Breeders_of_the_Dead" title="Vol. I, Book 2, Chapter 10: Breeders of the Dead" category="Epic - Vol. I, Book 2: The Red Maid" scope="Epic" questArc="Volume I, Book 2: The Red Maid" minimumLevel="23" type="EPIC" size="SOLO" faction="FREE_PEOPLES" repeatable="false" instanced="false" description="Radagast is concerned with the cause of the corruption in the swamps. He feels that the wights are a symptom of a greater evil." bestower="Radagast the Brown (NPC)" bestowerText="'The sheer number of wights in Haragmar indicates the presence of gaunt-men, vile necromancers who serve the Dark Lord. In ages past, they dwelled in the Witch-realm of Angmar, but the White Council believed them all destroyed. Clearly, they were wrong.&#13;&#10;&#13;&#10;'Only the strongest of the gaunt-men, the Gaunt-lords, have the power to summon the spirits of the Shadow Realm. The war-singers carry the sigil of their Gaunt-lord. Search the ruins in the far east of Haragmar, defeat these creatures, and bring me their sigils.&#13;&#10;&#13;&#10;'We must learn which Gaunt-lord these creatures serve.'" objectives="Objective 1:&#13;&#10;The gaunt-men dwell in the ruins to the far east of Haragmar.&#13;&#10;&#13;&#10;Radagast told you of the gaunt-men, necromancers in the service of Sauron, who are responsible for the emergence of these wights. He asked you to defeat the war-singers and bring him their sigils. He can then determine which of the Gaunt-lords they serve.&#13;&#10;• Bring the sigils back to Radagast the Brown at Ost Guruth (Radagast the Brown)&#13;&#10;• Turn in Gaunt-man Sigil">
<prerequisites>
<prerequisite name="Vol._I%2C_Book_2%2C_Chapter_9%3A_The_Bloated_Dead"/>
</prerequisites>
<nextQuests>
<nextQuest name="Vol._I%2C_Book_2%2C_Chapter_11%3A_The_Stone-speaker"/>
<nextQuest name="The_Stone-speaker"/>
</nextQuests>
<rewards>
<money gold="0" silver="16" copper="0"/>
<object name="Red Stone" pageURL="/wiki/Item:Red_Stone" iconURL="http://content.turbine.com/sites/lorebook.lotro.com/images/icons/item/jewelry/eq_lonelands_pocketitem_01.png" quantity="1"/>
<selectOneOf>
<object name="Boots of the Ruin-hold" pageURL="/wiki/Armour:Boots_of_the_Ruin-hold" iconURL="http://content.turbine.com/sites/lorebook.lotro.com/images/icons/item/feet/eq_lonelands_medium_feet_02.png" quantity="1"/>
<object name="Greataxe of the Brown Wizard" pageURL="/wiki/Weapon:Greataxe_of_the_Brown_Wizard" iconURL="http://content.turbine.com/sites/lorebook.lotro.com/images/icons/item/weapon_sword/eq_lonelands_2haxe_01.png" quantity="1"/>
</selectOneOf>
</rewards>
</quest>
