<?xml version="1.0" encoding="UTF-8"?>
<quest id="1879054355" key="Birds_of_a_Feather" title="Birds of a Feather" category="North Downs" scope="" questArc="Feathered Foes" minimumLevel="30" type="STANDARD" size="FELLOWSHIP" faction="FREE_PEOPLES" repeatable="false" instanced="false" description="Orthonn, the Ranger that Hannar sent you to speak with concerning the threat of the hendrevail, suggested that you should seek the hendroval roosting grounds." bestower="Hannar (NPC)" bestowerText="'From what you and some other scouts have told me, I think I may know where the hendroval roosting ground Orthonn spoke of may be.&#13;&#10;&#13;&#10;'Numerous flights of hendrevail have been seen some distance to the north-east of Othrikar. I have also heard tell of a Dourhand named Brúni who is known as a falconer. He may be the one responsible for all this activity of late. I need you to find the hendroval roosting ground and deal with the Dourhands tending it, particularly Brúni.&#13;&#10;&#13;&#10;'Do this, and you will be well-rewarded! I do suggest, though, that you do not attempt this alone.'" objectives="Objective 1:&#13;&#10;Falconer Brúni may be found at the hendroval roosting grounds somewhere to the north-east of Othrikar.&#13;&#10;&#13;&#10;At the recommendation of the Ranger Orthonn, Hannar has asked you to seek out the hendroval roosting grounds and defeat the Dourhand falconer, Brúni, and his fellows. He suggested you take allies with you.&#13;&#10;• Defeat Dourhand Falconers ($NUMBER$/$TOTAL$) (Dourhand Falconer)&#13;&#10;• Kill 1 Falconer Brúni&#13;&#10;Objective 2:&#13;&#10;Hannar is at Othrikar.&#13;&#10;&#13;&#10;Hannar sent you to raid the hendroval roosting grounds and defeat Brúni, a Dourhand falconer, and his fellows. He will be pleased to hear of your success.&#13;&#10;• Talk to Hannar">
<prerequisites>
<prerequisite name="Feathered_Foes"/>
</prerequisites>
<rewards>
<money gold="0" silver="31" copper="36"/>
<reputation>
<reputationItem faction="Thorin's Hall" amount="900"/>
</reputation>
<selectOneOf>
<object name="Dolg-klath" pageURL="/wiki/Armour:Dolg-klath" iconURL="http://content.turbine.com/sites/lorebook.lotro.com/images/icons/item/chest/eq_northdowns_light_chest_03.png" quantity="1"/>
<object name="Balanamath" pageURL="/wiki/Armour:Balanamath" iconURL="http://content.turbine.com/sites/lorebook.lotro.com/images/icons/item/shield/eq_northdowns_heavy_shield_02.png" quantity="1"/>
<object name="Brúni's Slayer" pageURL="/wiki/Weapon:Brúni's_Slayer" iconURL="http://content.turbine.com/sites/lorebook.lotro.com/images/icons/item/weapon_sword/eq_northdowns_1hsword_05.png" quantity="1"/>
<object name="Hannar's Crystal Earring" pageURL="/wiki/Item:Hannar's_Crystal_Earring" iconURL="http://content.turbine.com/sites/lorebook.lotro.com/images/icons/item/jewelry/eq_northdowns_earring_06.png" quantity="1"/>
</selectOneOf>
</rewards>
</quest>
