<?xml version="1.0" encoding="UTF-8"?>
<quest id="1879048358" key="Vol._I,_Book_7,_Chapter_5:_What_Is_Needed" title="Vol. I, Book 7, Chapter 5: What Is Needed" category="Epic - Vol. I, Book 7: The Hidden Hope" scope="Epic" questArc="Volume I, Book 7: The Hidden Hope" minimumLevel="43" type="EPIC" size="SOLO" faction="FREE_PEOPLES" repeatable="false" instanced="false" description="Dwalin, Master of Thorin's Hall, has agreed to help you forge the key, but there are some vital components missing." bestower="Dwalin (NPC)" bestowerText="'That we can forge this key, I have no doubt, but there are some items we will need before we can begin. Master Elrond's instructions say that we need mithril, but there is none to be had in the Blue Mountains. Also, we will need something to cast a mould from.&#13;&#10;&#13;&#10;'Now, one of the gifts Bilbo took back from the Lonely Mountain was a nugget of mithril. I doubt he understood its value, so he probably left it behind when he returned to Rivendell. However, he may have given it to the Mathom-house in Michel Delving. Perhaps the Keeper of the Mathom-house can help you with that.&#13;&#10;&#13;&#10;'As for the casting, Atli Spiderbane sent word that the Archet guards found a ruined key among the bodies of the Blackwolds. Jon Brackenbrook may still have it. If their leader was from Angmar, as I have heard, it may be that key is just what we need to cast the mould.'" objectives="Objective 1:&#13;&#10;Keeper Brombard Foxtail is at the Mathom-house in Michel Delving in the western part of the Shire. Jon Brackenbrook is in the town of Archet, north-east of Bree-town.&#13;&#10;&#13;&#10;Dwalin informed you that he needs a mithril nugget, which might be in the keeping of the Mathom-house in the Shire, and a key to cast a mould from, which might be obtained from Jon Brackenbrook, the new Captain of Archet.&#13;&#10;• Talk to Keeper Brombard Foxtail&#13;&#10;• Talk to Jon Brackenbrook&#13;&#10;Objective 2:&#13;&#10;Dwalin can be found in Thorin's Hall in Ered Luin.&#13;&#10;&#13;&#10;Dwalin sent you to get a mithril nugget from the Mathom-house in the Shire and a key to help in casting a mould from Jon Brackenbrook in Archet.&#13;&#10;• Talk to Dwalin&#13;&#10;• Turn in Mithril-nugget&#13;&#10;• Turn in Ruined Key&#13;&#10;Objective 3:&#13;&#10;Litli can be found by the forge near the throne of Thorin's Hall.&#13;&#10;&#13;&#10;Now that you have recovered the mithril and Éogan's key, Litli, one of Dwalin's smiths, can begin work on the key.&#13;&#10;• Talk to Litli&#13;&#10;• Turn in Mithril-nugget&#13;&#10;• Turn in Ruined Key&#13;&#10;Objective 4:&#13;&#10;Dwalin can be found in Thorin's Hall in Ered Luin.&#13;&#10;&#13;&#10;Litli took the mithril from you and began heating it. However, he mentioned that shaping the mithril will be a problem, one that perhaps Dwalin can solve.&#13;&#10;• Talk to Dwalin">
<prerequisites>
<prerequisite name="Vol._I%2C_Book_7%2C_Chapter_4%3A_Dwarf_Mastery"/>
</prerequisites>
<nextQuests>
<nextQuest name="Vol._I%2C_Book_7%2C_Chapter_6%3A_Thr%C3%B3r%27s_Hammer"/>
</nextQuests>
<rewards>
<money gold="0" silver="24" copper="15"/>
<object name="Balanin" pageURL="/wiki/Item:Balanin" iconURL="http://content.turbine.com/sites/lorebook.lotro.com/images/icons/item/jewelry/eq_angmar_necklace_05.png" quantity="1"/>
</rewards>
</quest>
