<?xml version="1.0" encoding="UTF-8"?>
<quest id="1879051966" key="Intro:_Honing_Your_Skills" title="Intro: Honing Your Skills" category="Introduction" scope="Epic" questArc="Bree-land Introduction" minimumLevel="1" type="STANDARD" size="SOLO" faction="FREE_PEOPLES" repeatable="false" instanced="false" description="Strider seeks your aid, but recognizes that your path will be fraught with danger. He wishes for you to learn from a $CLIENT_CLASS$ who can teach you more about your skills." bestower="Strider (NPC)" bestowerText="'There is much to do, and you are new to this world of danger. As long as you wish to help Archet, it is most important that you hone your skills as a (your class).&#13;&#10;&#13;&#10;'Trainers of (your class) skills can be found in towns all over the world, including Archet.&#13;&#10;&#13;&#10;'I would like you to assist me, but I wish to make sure you are ready for the evil trials you will face.'" objectives="Objective 1:&#13;&#10;The $CLIENT_CLASS$ trainer can be near the gate of Archet.&#13;&#10;&#13;&#10;Strider suggested you train further before coming to Archet's defence.&#13;&#10;Objective 2:&#13;&#10;Strider can be found outside The Mad Badger Inn in the centre of Archet.&#13;&#10;&#13;&#10;Now that you have spoken to the more experienced $CLIENT_CLASS$ and learned new abilities, you should return to Strider.&#13;&#10;• Talk to Strider in Archet (Strider)">
<prerequisites>
<prerequisite name="Intro%3A_Captain_Brackenbrook"/>
</prerequisites>
<nextQuests>
<nextQuest name="Intro%3A_Remedy_of_the_Old_Kings"/>
<nextQuest name="Intro%3A_Seeing_to_the_Defence"/>
<nextQuest name="Intro%3A_Remedy_of_the_Old_Kings"/>
</nextQuests>
<rewards>
<money gold="0" silver="0" copper="42"/>
</rewards>
</quest>
