<?xml version="1.0" encoding="UTF-8"?>
<quest id="1879054486" key="Common_Blood" title="Common Blood" category="North Downs" scope="" questArc="Common Blood" minimumLevel="26" type="STANDARD" size="SOLO" faction="FREE_PEOPLES" repeatable="false" instanced="false" description="Hornbori's cousin, Ragnarr Hornsounder, has journeyed to the camp of the Earth-kin in Nan Amlug. Hornbori is concerned because he has received no word from his cousin." bestower="Hornbori (NPC)" bestowerText="'My people and the Jorthkyn, or Earth-kin in the tongue of southern Men, have been ever close. It was only with their aid that we weathered the first few years here in Othrikar. Since then they have always aided us dwarves in times of need.&#13;&#10;&#13;&#10;'My cousin, Ragnarr Hornsounder, has gone to the Jorthkyn hunting camp, in the hills of eastern Nan Amlug, to learn more of their ways and bring our people closer together.&#13;&#10;&#13;&#10;'It has been long since I have heard from Ragnarr. Seek him out in the camp of the Jorthkyn to the east, and if he is still well, deliver my words of concern to him.'" objectives="Objective 1:&#13;&#10;Ragnarr Hornsounder is at the Earth-kin camp along the western mountains in eastern Nan Amlug, east of Othrikar.&#13;&#10;&#13;&#10;Hornbori has asked you to find his cousin in the Earth-kin camp and make sure he is still safe.&#13;&#10;• Talk to Ragnarr Hornsounder">
<nextQuests>
<nextQuest name="A_Token_of_Worth"/>
</nextQuests>
<rewards>
<money gold="0" silver="18" copper="20"/>
<reputation>
<reputationItem faction="Thorin's Hall" amount="500"/>
</reputation>
</rewards>
</quest>
