<?xml version="1.0" encoding="UTF-8"?>
<quest id="1879048678" key="Vol._I,_Book_5,_Chapter_8:_Fire_and_Ice" title="Vol. I, Book 5, Chapter 8: Fire and Ice" category="Epic - Vol. I, Book 5: The Last Refuge" scope="Epic" questArc="Volume I, Book 5: The Last Refuge" minimumLevel="38" type="EPIC" size="FELLOWSHIP" faction="FREE_PEOPLES" repeatable="false" instanced="false" description="Elrond told you that after the dwarf-king Durin defeated Thorog the dragon, the body of the dragon was left to moulder in the empty treasury of Helegrod. He fears that the ice and cold of Orod Lostol will have preserved the body to such an extent that the arts of the Gaunt-lord, Drugoth, may be able to instill it with a fell spirit and raise it as a wight." bestower="Elrond (NPC)" bestowerText="'What the Nazgûl seeks has become apparent to me, (your name). Glóin told you of the fall of Helegrod, I expect: Durin, the fifth such dwarf to bear that name, slew the dragon Thorog but perished during the battle alongside most of his company? When it became clear that Helegrod was a place of evil and their attempts to restore it futile, the dwarves removed the riches from the treasury and left the dragon's body to moulder.&#13;&#10;&#13;&#10;'However, I fear the cold and ice of Orod Lostol may have preserved the body of the dragon far longer than any would have thought. Even after death and the passage of so many years, the body of Thorog would possess much power. I fear that Drugoth the Gaunt-lord might use his arts to place some spirit within that corpse, raising the most terrible of wights to the service of Angmar.&#13;&#10;&#13;&#10;'A dragon-wight within reach of Imladris is too grave a threat to be ignored. I must ask you to go into the treasury of Helegrod and put an end to the plans of Drugoth and the Nazgûl. It will be a difficult task, so gather a party of mighty warriors and go forth.'&#13;&#10;&#13;&#10;This quest is meant for a fellowship. If you choose to undertake this quest solo you will receive an inspiration bonus, but the challenge will be great." objectives="Objective 1:&#13;&#10;Helegrod is north of Rivendell and Glóin's camp.&#13;&#10;&#13;&#10;Elrond has asked you to enter the treasury of Helegrod and put a stop to the Nazgûl's schemes. He warned you to gather allies.&#13;&#10;&#13;&#10;&lt;rgb=#FF0000&gt;This quest is meant for a fellowship. If you choose to undertake this quest solo you will receive an inspiration bonus, but the challenge will be great.&#13;&#10;• Enter the Helegrod treasury and end the Nazgûl's schemes&#13;&#10;Objective 2:&#13;&#10;Elrond can be found in the library of Imladris.&#13;&#10;&#13;&#10;In the treasury, you encountered the Nazgûl and were able to defeat him. You also interrupted the ritual being performed by the Gaunt-lord to restore the dragon Thorog, although part of the process was completed, and the dragon flew off. Elrond should be made aware of what happened.&#13;&#10;• Talk to Elrond">
<prerequisites>
<prerequisite name="Vol._I%2C_Book_5%2C_Chapter_7%3A_Evil_Tidings"/>
</prerequisites>
<nextQuests>
<nextQuest name="Vol._I%2C_Book_6%2C_Foreword%3A_Turning_to_the_North"/>
<nextQuest name="I.5.8_Tale%3A_Fire_and_Ice"/>
</nextQuests>
<rewards>
<money gold="0" silver="44" copper="80"/>
<selectOneOf>
<object name="Estelham" pageURL="/wiki/Armour:Estelham" iconURL="http://content.turbine.com/sites/lorebook.lotro.com/images/icons/item/chest/eq_trollshaws_light_chest_03.png" quantity="1"/>
<object name="Manatham" pageURL="/wiki/Armour:Manatham" iconURL="http://content.turbine.com/sites/lorebook.lotro.com/images/icons/item/chest/eq_trollshaws_medium_chest_03.png" quantity="1"/>
<object name="Luth-klath" pageURL="/wiki/Armour:Luth-klath" iconURL="http://content.turbine.com/sites/lorebook.lotro.com/images/icons/item/chest/eq_trollshaws_heavy_chest_03.png" quantity="1"/>
<object name="Gilloch" pageURL="/wiki/Item:Gilloch" iconURL="http://content.turbine.com/sites/lorebook.lotro.com/images/icons/item/jewelry/eq_trollshaws_earring_04.png" quantity="1"/>
<object name="Arassechor" pageURL="/wiki/Item:Arassechor" iconURL="http://content.turbine.com/sites/lorebook.lotro.com/images/icons/item/jewelry/eq_trollshaws_bracelet_04.png" quantity="1"/>
</selectOneOf>
</rewards>
</quest>
