<?xml version="1.0" encoding="UTF-8"?>
<quest id="1879052569" key="Fighting_the_Brood" title="Fighting the Brood" category="Trollshaws" scope="" questArc="Fighting the Brood" minimumLevel="35" type="STANDARD" size="FELLOWSHIP" faction="FREE_PEOPLES" repeatable="false" instanced="false" description="Thoroniel has been keeping an eye on the activity of the spiders in the North Trollshaws and has become alarmed at the recent surge in their number." bestower="Thoroniel (NPC)" bestowerText="'You have arrived at just the right moment, (your name) -- any later and the spiders of the Wovenvales might have spilled from their valley and forced me to retreat. Once the creatures escape the valley, there will be little to stand between them and the rest of the Trollshaws, and Imladris would become the only beacon in the darkness.&#13;&#10;&#13;&#10;'This may already be the case, but against the spiders, at least, we can fight. Not all servants of the Enemy are unopposable.&#13;&#10;&#13;&#10;'These spiders are a particularly dangerous breed, or I would have already journeyed into the valley to face them. Bring allies with you, (your name), and cleanse the Wovenvales of this filth.'" objectives="Objective 1:&#13;&#10;Spiders have made their home in the Wovenvales of the North Trollshaws.&#13;&#10;&#13;&#10;Thoroniel has asked you to defeat spiders in the Wovenvales and advised you to bring allies.&#13;&#10;• Defeat spiders in the Wovenvales (10)&#13;&#10;Objective 2:&#13;&#10;Thoroniel is in the North Trollshaws, just outside the Wovenvales in the north-west corner.&#13;&#10;&#13;&#10;Thoroniel is waiting to hear that you have defeated the spiders that stalk the Wovenvales.&#13;&#10;• Talk to Thoroniel">
<nextQuests>
<nextQuest name="The_Deadly_Broods"/>
</nextQuests>
<rewards>
<money gold="0" silver="21" copper="35"/>
<reputation>
<reputationItem faction="Elves of Rivendell" amount="700"/>
</reputation>
<selectOneOf>
<object name="Belegranc" pageURL="/wiki/Armour:Belegranc" iconURL="http://content.turbine.com/sites/lorebook.lotro.com/images/icons/item/shoulders/eq_trollshaws_medium_shoulder_01.png" quantity="1"/>
<object name="Hunter of Wovenvales" pageURL="/wiki/Item:Hunter_of_Wovenvales" iconURL="http://content.turbine.com/sites/lorebook.lotro.com/images/icons/item/jewelry/eq_trollshaws_ring_02.png" quantity="1"/>
</selectOneOf>
</rewards>
</quest>
