<?xml version="1.0" encoding="UTF-8"?>
<quest id="1879048523" key="Prologue:_Pansy_Tunnelly%27s_Tale" title="Prologue: Pansy Tunnelly's Tale" category="Epic - Vol. I, Prologue" scope="Epic" questArc="Shire Epic Prologue" minimumLevel="7" type="EPIC" size="SOLO" faction="FREE_PEOPLES" repeatable="false" instanced="false" description="Wilcome Tunnelly in Scary is concerned about something his sister Pansy saw out on the Greenfields." bestower="Wilcome Tunnelly (NPC)" bestowerText="'My sister Pansy is a good sort, but she can be rather excitable. When she gets an idea in her head, it stays there, no matter how silly it might be, and before you know it, she's convinced half the Shire that it's true.&#13;&#10;&#13;&#10;'She saw something out on the Greenfields the other day, and she thinks...well, maybe you'd better talk to her about it. Folk have seen goblins on the edges of the Shire, but this...try and talk some sense into her for me, will you?&#13;&#10;&#13;&#10;'You'll find her wandering around the town square here in Scary, stirring the folk, I shouldn't wonder.'" objectives="Objective 1:&#13;&#10;Pansy Tunnelly is in the town square of Scary.&#13;&#10;&#13;&#10;Wilcome Tunnelly at the quarry in Scary has asked you to talk some sense into his sister Pansy, who claims she saw something peculiar on the Greenfields.&#13;&#10;• Talk to Pansy Tunnelly&#13;&#10;Objective 2:&#13;&#10;There are rabbit holes on the Greenfields, north-west of Scary.&#13;&#10;&#13;&#10;Pansy Tunnelly believes she saw a goblin rooting around in rabbit holes on the Greenfields and wants you to discover what it was looking for by searching the rabbit holes yourself.&#13;&#10;• Use Rabbit-hole&#13;&#10;Objective 3:&#13;&#10;Pansy Tunnelly is in the town square of Scary, south-east of the Greenfields.&#13;&#10;&#13;&#10;Pansy Tunnelly, certain that goblins are in the Shire, sent you to search rabbit holes for evidence. You found a small, pointy stone inside one of the rabbit holes. It seems unlikely that Pansy's \qgoblin\q was seeking it, but you should show it to her just in case.&#13;&#10;• Talk to Pansy Tunnelly&#13;&#10;• Turn in Pointy Rock&#13;&#10;Objective 4:&#13;&#10;Bounder Primstone is at the Watch-office in Brockenborings, down the road west of Scary. The Watch-office is near the western side of Brockenborings.&#13;&#10;&#13;&#10;Pansy Tunnelly is convinced that the pointy stone you found in the rabbit hole is really a goblin-tooth. She also believes it is proof that the long-dead goblin-king Golfimbul has returned and is searching for his head. She has asked you to show the \qgoblin-tooth\q to Bounder Primstone in the Watch-office at Brockenborings.&#13;&#10;• Talk to Bounder Primstone&#13;&#10;• Turn in Goblin-tooth">
<prerequisites>
<prerequisite name="Prologue%3A_Make_Yourself_Useful"/>
</prerequisites>
<nextQuests>
<nextQuest name="Prologue%3A_The_Aid_of_Halros"/>
</nextQuests>
<rewards>
<money gold="0" silver="0" copper="42"/>
<object name="Lesser Athelas Essence" pageURL="/wiki/Item:Lesser_Athelas_Essence" iconURL="http://content.turbine.com/sites/lorebook.lotro.com/images/icons/item/potion/it_potion_morale_instant_tier1.png" quantity="3"/>
<selectOneOf>
<object name="Primstone's Shirt" pageURL="/wiki/Armour:Primstone's_Shirt" iconURL="http://content.turbine.com/sites/lorebook.lotro.com/images/icons/item/chest/eq_shire_medium_chest_03.png" quantity="1"/>
<object name="Primstone's Shoes" pageURL="/wiki/Armour:Primstone's_Shoes" iconURL="http://content.turbine.com/sites/lorebook.lotro.com/images/icons/item/feet/eq_shire_light_feet_03.png" quantity="1"/>
</selectOneOf>
</rewards>
</quest>
