<?xml version="1.0" encoding="UTF-8"?>
<quest id="1879051667" key="The_Big_Black_Bear" title="The Big Black Bear" category="Shire" scope="" questArc="Lobelia's Fireworks" minimumLevel="5" type="STANDARD" size="SOLO" faction="FREE_PEOPLES" repeatable="false" instanced="false" description="A big black bear has decided to make Hart Holeman's woodpile its home, causing Hart no end of trouble." bestower="Hart Holeman (NPC)" bestowerText="'This is my problem. There's a lot of bears in the north woods. Usually, I have no trouble with them. You just stay out of their way, and they'll stay out of yours, so to speak. But I have a big woodpile I've spent some time gathering, and a really big black bear has decided it's the perfect place for him and his kind to live.&#13;&#10;&#13;&#10;'The big black bear is very dangerous, and I can't get near my wood-pile anymore. If you can help me out by getting rid of it so I can get at my wood, I'll be happy to make up a parcel of charcoal for your friend Hyacinth.&#13;&#10;&#13;&#10;'My woodpile is almost due north of here, past the wall and a small logging camp. You'll probably find that black bear right on top of it.'" objectives="Objective 1:&#13;&#10;Hart Holeman's woodpile is to the north, beyond the wall and a small logging camp.&#13;&#10;&#13;&#10;Hart Holeman is willing to provide the charcoal Hyacinth Took requested, but first he wants you to drive off a big black bear that has made his woodpile its home.&#13;&#10;• Kill 1 Big Black-bear&#13;&#10;Objective 2:&#13;&#10;Hart Holeman is at his home in the centre of Overhill.&#13;&#10;&#13;&#10;Hart Holeman had asked you to deal with the big black bear that had taken up residence in his woodpile, while he put&#13;&#10;together a parcel of charcoal for Hyacinth Took. He will be pleased to learn that the bear will no longer trouble him.&#13;&#10;• Talk to Hart Holeman&#13;&#10;Objective 3:&#13;&#10;Hyacinth Took is in Tuckborough near the Great Smials.&#13;&#10;&#13;&#10;While you were away, dealing with the big black bear at Hart Holeman's woodpile, Hart was busy putting together a parcel of charcoal for you to take back to Hyacinth Took.&#13;&#10;• Talk to Hyacinth Took&#13;&#10;• Turn in Charcoal">
<prerequisites>
<prerequisite name="Calling_for_Charcoal"/>
</prerequisites>
<nextQuests>
<nextQuest name="Brimstone_and_Sparks"/>
</nextQuests>
<rewards>
<money gold="0" silver="0" copper="90"/>
<object name="Gift Mathom" pageURL="/wiki/Item:Gift_Mathom" iconURL="http://content.turbine.com/sites/lorebook.lotro.com/images/icons/item/reputation/it_reputation_shire_mathoms_gift.png" quantity="1"/>
</rewards>
</quest>
