<?xml version="1.0" encoding="UTF-8"?>
<quest id="1879048306" key="A_Minstrel%27s_Hope" title="A Minstrel's Hope" category="Minstrel" scope="" questArc="" minimumLevel="30" type="STANDARD" size="SOLO" faction="FREE_PEOPLES" repeatable="false" instanced="false" description="Even when all hope seems to be gone, a worthy minstrel keeps his friends going despite the danger." bestower="Ardo Aleford (NPC)" bestowerText="'Leigh Putnam of Trestlebridge has sent word from that embattled town seeking all those who can lighten the spirit even in the darkest of times -- a skill in truly great demand for the unfortunates who live under constant threat of orc raiding parties across the North Downs.&#13;&#10;&#13;&#10;'Travel to Trestlebridge and see what you can do to aid in shoring up the defences of the town and lightening the grim mood of its people.'" objectives="Objective 1:&#13;&#10;Leigh Putnam is in Trestlebridge, in the North Downs.&#13;&#10;&#13;&#10;Leigh Putnam has sent out a call for minstrels to aid in lightening the mood of the embattled populace of Trestlebridge.&#13;&#10;• Talk to Leigh Putnam&#13;&#10;Objective 2:&#13;&#10;Leigh Putnam is in Trestlebridge in the North Downs.&#13;&#10;&#13;&#10;Leigh Putnam is waiting to speak with you about travelling to a nearby cave to bring hope to the refugees hiding within and perhaps convince them to come to the relative safety of Trestlebridge.&#13;&#10;• Talk to Leigh Putnam and travel with her to a nearby cave&#13;&#10;Objective 3:&#13;&#10;Leigh Putnam is in Trestlebridge.&#13;&#10;&#13;&#10;Leigh Putnam is waiting to speak with you about your recent adventure at the cave of refugees from the North Downs.&#13;&#10;• Talk to Leigh Putnam">
<requiredClass name="Minstrel"/>
<rewards>
<money gold="0" silver="17" copper="85"/>
<trait id="Glorious_Anthem" name="Glorious Anthem"/>
<selectOneOf>
<object name="Mustering Hat" pageURL="/wiki/Armour:Mustering_Hat" iconURL="http://content.turbine.com/sites/lorebook.lotro.com/images/icons/item/head/eq_class_light_hat_01.png" quantity="1"/>
<object name="Coruthor" pageURL="/wiki/Armour:Coruthor" iconURL="http://content.turbine.com/sites/lorebook.lotro.com/images/icons/item/head/eq_class_medium_head_03.png" quantity="1"/>
</selectOneOf>
</rewards>
</quest>
