<?xml version="1.0" encoding="UTF-8"?>
<quest id="1879048609" key="The_Drake-queen%27s_Brood" title="The Drake-queen's Brood" category="Urugarth" scope="" questArc="" minimumLevel="45" type="STANDARD" size="FELLOWSHIP" faction="FREE_PEOPLES" repeatable="false" instanced="false" description="The drake-queen rules the wilds of Urugarth, spawning broods of drakelings that ravage the countryside." bestower="Esmë (NPC)" bestowerText="'Gormal tells me that you will attempt to slay the drake-queen. A noble quest, and I wish you good hunting, but killing the drake-queen will only bring temporary reprieve.&#13;&#10;&#13;&#10;'If left unchecked, her brood of eggs will hatch, and one of her drakelings will grow to take her place. You should destroy her eggs and make sure that nothing exists to inherit her legacy as the Scourge of Urugarth.&#13;&#10;&#13;&#10;'Continue on your quest to Urugarth. It lies to the west.'" objectives="Objective 1:&#13;&#10;The drake-queen and her brood of eggs lies in Urugarth to the west of Tármunn Sûrsa.&#13;&#10;&#13;&#10;Esmë advised you to destroy the eggs of the drake-queen.&#13;&#10;• Use Drake-egg&#13;&#10;Objective 2:&#13;&#10;Esmë is at Tármunn Súrsa, east of Urugarth.&#13;&#10;&#13;&#10;You should return to Esmë with news of your success.&#13;&#10;• Talk to Esmë">
<prerequisites>
<prerequisite name="Quenching_the_Flames"/>
<prerequisite name="Vol._I%2C_Book_6%2C_Chapter_6%3A_Challenging_the_Stone"/>
</prerequisites>
<rewards>
<money gold="0" silver="49" copper="70"/>
<reputation>
<reputationItem faction="Council of the North" amount="900"/>
</reputation>
<selectOneOf>
<object name="Esmë's Jacket" pageURL="/wiki/Armour:Esmë's_Jacket" iconURL="http://content.turbine.com/sites/lorebook.lotro.com/images/icons/item/chest/eq_angmar_medium_chest_03.png" quantity="1"/>
<object name="Egg Smasher" pageURL="/wiki/Weapon:Egg_Smasher" iconURL="http://content.turbine.com/sites/lorebook.lotro.com/images/icons/item/weapon_mace/eq_angmar_1hhammer_03.png" quantity="1"/>
</selectOneOf>
</rewards>
</quest>
