<?xml version="1.0" encoding="UTF-8"?>
<quest id="1879049748" key="For_the_Love_of_Nature" title="For the Love of Nature" category="Garth Agarwen" scope="" questArc="History of the Red-maid" minimumLevel="27" type="STANDARD" size="FELLOWSHIP" faction="FREE_PEOPLES" repeatable="false" instanced="false" description="Dannasen said that you should consult with Radagast the Brown. Perhaps he could give mercy to purify the water and provide a chance to redeem the Red-maid." bestower="Dannasen (NPC)" bestowerText="'The Red-maid's sisters are as wide as the world, for each way the water flows there are River-maidens. To call the Red-maid back to nature thou shalt need to enlist the closest friend to nature, Radagast the Brown.&#13;&#10;&#13;&#10;'The winds tell that he is close by. Perhaps he will find a way to give the land a chance to commune with their mother-sister and let light back into the heart of the Red-maid.'" objectives="Objective 1:&#13;&#10;Radagast is within his tower in the Eglan-camp in Agamaur.&#13;&#10;&#13;&#10;Dannasen instructed you to present the full Urn of Agamaur to Radagast the Brown and ask him to purify the water within so you might restore the Red-maid.&#13;&#10;• Ask Radagast to purify the water (Radagast the Brown)&#13;&#10;• Turn in The Filled Urn of Agamaur&#13;&#10;Objective 2:&#13;&#10;Dannasen is at the Eglan-camp in Agamaur.&#13;&#10;&#13;&#10;You should return to Dannasen and tell him that Radagast has purified the water from Agamaur with a sister's love.&#13;&#10;• Talk to Dannasen at the Eglan-camp (Dannasen)&#13;&#10;• Turn in Pure Water">
<prerequisites>
<prerequisite name="Vessel_of_Purity"/>
</prerequisites>
<nextQuests>
<nextQuest name="Reclaim_the_Lost_Maiden"/>
</nextQuests>
<rewards>
<money gold="0" silver="7" copper="42"/>
<reputation>
<reputationItem faction="Eglain" amount="300"/>
</reputation>
</rewards>
</quest>
