<?xml version="1.0" encoding="UTF-8"?>
<quest id="1879052229" key="Vol._I,_Book_4,_Chapter_6:_The_Knowledge_of_the_Onodrim" title="Vol. I, Book 4, Chapter 6: The Knowledge of the Onodrim" category="Epic - Vol. I, Book 4: Chasing Shadows" scope="Epic" questArc="Volume I, Book 5: Chasing Shadows" minimumLevel="34" type="EPIC" size="SOLO" faction="FREE_PEOPLES" repeatable="false" instanced="false" description="While you were searching the caves of the Trollshaws for some sign of the missing Nazgûl, Elladan heard tell of one of the Onodrim in the wilderness that might know the Rider's whereabouts." bestower="Elladan (NPC)" bestowerText="'While you were searching the stone-troll caves -- a productive search! Do not be dismayed that you did not reveal the Nazgûl's location! -- I received word from Barachen in the South Trollshaws. My brother dispatched him to watch over the lands south of the road, and it seems that duty has been rewarded.&#13;&#10;&#13;&#10;'Barachen has reported seeing one of the wandering Onodrim. If this is so, older and wiser eyes than our own may have seen the passing of the Nazgûl and could tell us much.&#13;&#10;&#13;&#10;'Travel west along the road that runs through the South Trollshaws. Barachen has scouts along the road, and one of them can direct you to his camp. Barachen can then tell you where to find our wayward Onodrim.'" objectives="Objective 1:&#13;&#10;Barachen is at his camp south of the Great East Road that runs through the South Trollshaws. Scouts along the road can direct you to him.&#13;&#10;&#13;&#10;Elladan told you that Barachen reported seeing one of the Onodrim somewhere in the wild and wants you to talk to him about it.&#13;&#10;• Talk to Barachen&#13;&#10;Objective 2:&#13;&#10;One of the Onodrim, a creature of ancient days, was seen in the valley of the giants south of the High Moor, high above the Bruinen. Barachen reportedly saw the Onod standing next to some mighty trees as he came south into the valley.&#13;&#10;&#13;&#10;Barachen reported seeing one of the Onodrim somewhere in the Trollshaws, and Elladan thinks it possible that this Onod might know something of the missing Nazgûl's whereabouts.&#13;&#10;• Find the Onod&#13;&#10;Objective 3:&#13;&#10;Elladan is at Thorenhad, his camp among the Bruinen Gorges, north of the bear-dens.&#13;&#10;&#13;&#10;Elladan will be troubled to learn the fate of the Onod that Barachen saw in the valley of the giants.&#13;&#10;• Talk to Elladan">
<prerequisites>
<prerequisite name="Vol._I%2C_Book_4%2C_Chapter_5%3A_Hiding_in_the_Dark"/>
</prerequisites>
<nextQuests>
<nextQuest name="Vol._I%2C_Book_4%2C_Chapter_7%3A_The_Aid_of_Mirkwood"/>
</nextQuests>
<rewards>
<money gold="0" silver="21" copper="0"/>
<reputation>
<reputationItem faction="Elves of Rivendell" amount="900"/>
</reputation>
</rewards>
</quest>
