<?xml version="1.0" encoding="UTF-8"?>
<quest id="1879048252" key="By_Hoof_and_Crook" title="By Hoof and Crook" category="Lone-lands" scope="" questArc="Inn Troubles" minimumLevel="17" type="STANDARD" size="SOLO" faction="FREE_PEOPLES" repeatable="false" instanced="false" description="Some of the guests within The Forsaken Inn have developed a taste for Arinora's pork dishes." bestower="Arinora (NPC)" bestowerText="'Old Mugwort does the cooking around here, though he has been in the wild for weeks, but I have some recipes of my own that tickle the fancy of some of the guests...so much so that they have bought out all of my latest fare! The recent commotion ran off our modest herd of swine, and I need more pork!&#13;&#10;&#13;&#10;'I need boar-feet and leg-bones. Though I'll not share with you all of my recipe, I will tell you that the marrow from the bones gives the soaked feet a richer taste. Once you pull the fur away and cure the feet in salt, you've a tasty treat.&#13;&#10;&#13;&#10;'You should find boars in the surrounding area and north-east among the Weather Hills. Be careful, though...not every foot is good for eating.'" objectives="Objective 1:&#13;&#10;Boars can be found in the area surrounding The Forsaken Inn and north-east among the Weather Hills.&#13;&#10;&#13;&#10;Arinora asked you to collect boar-feet and leg-bones for a dish she serves at The Forsaken Inn.&#13;&#10;• Bring boar-bones and boar-feet to Arinora (Arinora)&#13;&#10;• Turn in Boar Leg-bone&#13;&#10;• Turn in Boar-foot">
<rewards>
<money gold="0" silver="7" copper="0"/>
<object name="Forsaken Ale" pageURL="/wiki/Item:Forsaken_Ale" iconURL="http://content.turbine.com/sites/lorebook.lotro.com/images/icons/item/food/it_drink_forsakeninn_beer_a.png" quantity="5"/>
<selectOneOf>
<object name="Simple Celebrant Salve" pageURL="/wiki/Item:Simple_Celebrant_Salve" iconURL="http://content.turbine.com/sites/lorebook.lotro.com/images/icons/item/potion/it_potion_power_instant_tier2.png" quantity="2"/>
<object name="Simple Athelas Essence" pageURL="/wiki/Item:Simple_Athelas_Essence" iconURL="http://content.turbine.com/sites/lorebook.lotro.com/images/icons/item/potion/it_potion_morale_instant_tier2.png" quantity="2"/>
</selectOneOf>
</rewards>
</quest>
