<?xml version="1.0" encoding="UTF-8"?>
<quest id="1879048451" key="Vol._I,_Book_3,_Chapter_7:_The_Council_Assembled" title="Vol. I, Book 3, Chapter 7: The Council Assembled" category="Epic - Vol. I, Book 3: The Council of the North" scope="Epic" questArc="Volume I, Book 3: The Council of the North" minimumLevel="32" type="EPIC" size="SOLO" faction="FREE_PEOPLES" repeatable="false" instanced="false" description="The Elves, Men, and dwarves of the North Downs have all agreed to come to the Council of Esteldín, but Halbarad's chieftain has yet to be informed of the events that have transpired there." bestower="Halbarad (NPC)" bestowerText="'While I await the arrival of those coming to the Council, I must ask one final task of you. My chieftain, Aragorn, must be told of what has transpired here.&#13;&#10;&#13;&#10;'I also would seek his counsel, as the position I find myself in is an unusual one. Aragorn has always been the one to lead, to organize, and inspire. If only the matter he was seeing to was not of much greater importance, then he would be here!&#13;&#10;&#13;&#10;'That cannot be helped though. By now, Aragorn should have arrived at the refuge of Rivendell in the Trollshaws. It is a hard ride that awaits you, but word must be taken to Aragorn of these matters. Look for him in one of the guest rooms along the road that winds up the southern slope of the Vale of Imladris.'" objectives="Objective 1:&#13;&#10;Aragorn can be found in one of the guest rooms along the road that winds up the southern slope of the Vale of Imladris, which lies in the Trollshaws.&#13;&#10;&#13;&#10;Halbarad has asked you to take word of the invasion of the North Downs to his chieftain, Aragorn, and to obtain his advice.&#13;&#10;• Talk to Aragorn in Rivendell (Aragorn)">
<prerequisites>
<prerequisite name="Vol._I%2C_Book_3%2C_Chapter_5%2C_Part_III_of_III%3A_Might_of_the_Elves"/>
<prerequisite name="Vol._I%2C_Book_3%2C_Chapter_4%2C_Part_III_of_III%3A_The_Dwarves_Shall_Come"/>
<prerequisite name="Vol._I%2C_Book_3%2C_Chapter_6%2C_Part_III_of_III%3A_The_Free_Peoples_of_Trestlebridge"/>
</prerequisites>
<nextQuests>
<nextQuest name="Vol._I%2C_Book_4%2C_Foreword%3A_The_Troubles_of_Rivendell"/>
</nextQuests>
<rewards>
<money gold="0" silver="20" copper="30"/>
<reputation>
<reputationItem faction="Rangers of Esteldín" amount="700"/>
</reputation>
<selectOneOf>
<object name="Snake-skin Locket" pageURL="/wiki/Item:Snake-skin_Locket" iconURL="http://content.turbine.com/sites/lorebook.lotro.com/images/icons/item/jewelry/eq_northdowns_pocketitem_01.png" quantity="1"/>
<object name="Thinker's Shoes" pageURL="/wiki/Armour:Thinker's_Shoes" iconURL="http://content.turbine.com/sites/lorebook.lotro.com/images/icons/item/feet/eq_northdowns_light_feet_03.png" quantity="1"/>
<object name="Derdail" pageURL="/wiki/Armour:Derdail" iconURL="http://content.turbine.com/sites/lorebook.lotro.com/images/icons/item/feet/eq_northdowns_medium_feet_03.png" quantity="1"/>
<object name="Rendail" pageURL="/wiki/Armour:Rendail" iconURL="http://content.turbine.com/sites/lorebook.lotro.com/images/icons/item/feet/eq_northdowns_heavy_feet_03.png" quantity="1"/>
</selectOneOf>
</rewards>
</quest>
