<?xml version="1.0" encoding="UTF-8"?>
<quest id="1879049992" key="Vol._I,_Book_2,_Chapter_3:_War-master_Uzorr" title="Vol. I, Book 2, Chapter 3: War-master Uzorr" category="Epic - Vol. I, Book 2: The Red Maid" scope="Epic" questArc="Volume I, Book 2: The Red Maid" minimumLevel="17" type="EPIC" size="SOLO" faction="FREE_PEOPLES" repeatable="false" instanced="false" description="Candaith has learned of the existence of a War-master among the Orcs named Uzorr. His defeat would be a powerful blow against them." bestower="Candaith (NPC)" bestowerText="'I would have easily evaded the Orcs I pursued, (your name), were it not for the War-master that travelled with them. &quot;Uzorr,&quot; they called him and gave to him what respect that their kind reserve for their strongest and fiercest warriors.&#13;&#10;&#13;&#10;'It is likely that Uzorr returned to Bleakrift within the Midgewater Pass, for that seemed to be his domain. He must be slain, and whatever orders were given him recovered.&#13;&#10;&#13;&#10;'Bleakrift is north-west of here, on the north-eastern edge of the Midgewater Pass, surrounded by a shallow body of water. Defeat War-master Uzorr and look for a letter of some kind near his person. Return to me victorious and we will discuss further what must be done. Bleakrift is likely to be a dangerous place, (your name), be careful. I will continue my search for Radagast.'" objectives="Objective 1:&#13;&#10;War-master Uzorr can be found in Bleakrift, north-west of Candaith's camp at the foot of Weathertop.&#13;&#10;&#13;&#10;Candaith asked you to find and slay War-master Uzorr and search the camp for a letter containing his orders.&#13;&#10;• Defeat War-master Uzorr (War-master Uzorr)&#13;&#10;• Use Orc-letter&#13;&#10;Objective 2:&#13;&#10;Candaith is at his camp at the foot of Weathertop, among the Weather Hills.&#13;&#10;&#13;&#10;You were victorious over War-master Uzorr and have obtained a letter that surely contains his orders from whatever power commands the orcs that have ventured into the Lone-lands.&#13;&#10;• Talk to Candaith&#13;&#10;• Turn in Orc-letter">
<prerequisites>
<prerequisite name="Vol._I%2C_Book_2%2C_Chapter_2%3A_An_Orc-messenger"/>
</prerequisites>
<nextQuests>
<nextQuest name="Vol._I%2C_Book_2%2C_Chapter_4%3A_Light_in_the_Darkness"/>
</nextQuests>
<rewards>
<money gold="0" silver="7" copper="0"/>
<selectOneOf>
<object name="Uzorr's Vanquisher" pageURL="/wiki/Armour:Uzorr's_Vanquisher" iconURL="http://content.turbine.com/sites/lorebook.lotro.com/images/icons/item/chest/eq_lonelands_medium_chest_01.png" quantity="1"/>
<object name="Uzorr's Foe" pageURL="/wiki/Armour:Uzorr's_Foe" iconURL="http://content.turbine.com/sites/lorebook.lotro.com/images/icons/item/back/eq_lonelands_back_01.png" quantity="1"/>
</selectOneOf>
</rewards>
</quest>
