<?xml version="1.0" encoding="UTF-8"?>
<quest id="1879052545" key="Vol._I,_Book_4,_Chapter_3:_The_Wisdom_of_Lord_Glorfindel" title="Vol. I, Book 4, Chapter 3: The Wisdom of Lord Glorfindel" category="Epic - Vol. I, Book 4: Chasing Shadows" scope="Epic" questArc="Volume I, Book 5: Chasing Shadows" minimumLevel="33" type="EPIC" size="SOLO" faction="FREE_PEOPLES" repeatable="false" instanced="false" description="Elladan was pleased that you found the horse of the missing Rider, but will not be satisfied until he knows its master's fate." bestower="Elladan (NPC)" bestowerText="'We know more than we did, (your name), but we do not yet know what we must, for the safety of all those who live or journey in this region: the whereabouts of the missing Nazgûl. His steed was our greatest ally in this search, for while he could remove his cloak and remain nearly unseen, his horse was a mortal creature and its physical trail could be followed. With the creature now dead, either from exhaustion or at his master's hand, our ability to track the Nazgûl is lessened.&#13;&#10;&#13;&#10;'Lessened but not gone, perhaps. I would ask you to return to Imladris and to consult with Lord Glorfindel, for he is accounted very wise and may have some strategem we have not yet tested. He keeps close counsel with my father and with Mithrandir, and often contemplates near the falling water by my father's house.&#13;&#10;&#13;&#10;'He may be able to help us find this missing Nazgûl.'" objectives="Objective 1:&#13;&#10;Lord Glorfindel can be found in Imladris, far to the east of Thorenhad, contemplating the waterfalls by the Last Homely House.&#13;&#10;&#13;&#10;Elladan has asked you to consult with the Elf-lord Glorfindel about the missing Rider.&#13;&#10;• Talk to Glorfindel&#13;&#10;Objective 2:&#13;&#10;The Ford of Bruinen is to the west of Imladris, at the bottom of the steeply-climbing slopes.&#13;&#10;&#13;&#10;Lord Glorfindel has given you an Elf-stone and has asked you to test its powers by holding it aloft on the banks of the Bruinen.&#13;&#10;• Use Glorfindel's Elf-stone&#13;&#10;Objective 3:&#13;&#10;Lord Glorfindel is in Imladris, high above the Bruinen and to the east, by the waterfall outside the Last Homely House.&#13;&#10;&#13;&#10;Glorfindel is waiting to speak with you upon your return from the Ford of Bruinen.&#13;&#10;• Talk to Glorfindel&#13;&#10;• Turn in Glorfindel's Elf-stone">
<prerequisites>
<prerequisite name="Vol._I%2C_Book_4%2C_Chapter_2%3A_The_Missing_Rider"/>
</prerequisites>
<nextQuests>
<nextQuest name="Vol._I%2C_Book_4%2C_Chapter_4%3A_Regaining_the_Trail"/>
</nextQuests>
<rewards>
<reputation>
<reputationItem faction="Elves of Rivendell" amount="700"/>
</reputation>
</rewards>
</quest>
