<?xml version="1.0" encoding="UTF-8"?>
<quest id="1879048359" key="Vol._I,_Book_7,_Chapter_6:_Thr%C3%B3r%27s_Hammer" title="Vol. I, Book 7, Chapter 6: Thrór's Hammer" category="Epic - Vol. I, Book 7: The Hidden Hope" scope="Epic" questArc="Volume I, Book 7: The Hidden Hope" minimumLevel="43" type="EPIC" size="SOLO" faction="FREE_PEOPLES" repeatable="false" instanced="false" description="You obtained the mithril nugget and the ruined key as Dwalin asked, but his smith, Litli, informed you that there was still one more thing needed to work the mithril." bestower="Dwalin (NPC)" bestowerText="'To work with mithril, you need a special hammer. So special, in fact, that we only ever had one here in Thorin's Hall: Thrór's Hammer, the hammer of Thorin's grandfather, which Thráin brought here! Of course, since we never had any mithril to work, we never used it.&#13;&#10;&#13;&#10;'When most of the Longbeards moved back to the Lonely Mountain, the hammer got left behind, and -- as an insult to us, I'm sure -- the Dourhands took it and placed it in Skorgrím's tomb as tribute to him.&#13;&#10;&#13;&#10;'At least, that is what one of them told us. We tried reclaiming that tomb, but it seems cursed. Vile things started lurking in the shadows there. I would say we should just let it lie there, but this task of yours is important enough to warrant opening the tomb again. You'll not find any dwarves willing to go in there, so you will need to retrieve the hammer yourself. The tomb lies south of here, in the Berghold.'" objectives="Objective 1:&#13;&#10;Thrór's Hammer lies within the tomb of Skorgrím Dourhand. The tomb lies southeast of Thorin's Hall.&#13;&#10;&#13;&#10;Dwalin told you he needed a hammer that Thrór, Thorin's grandfather and last King Under the Mountain before the coming of Smaug, took with him into exile and which Thráin his son brought to the Blue Mountains.&#13;&#10;• Bring Thrór's Hammer to Dwalin (Dwalin)&#13;&#10;• Turn in Thrór's Hammer&#13;&#10;Objective 2:&#13;&#10;Litli can be found by the forges near the throne of Thorin's Hall in Ered Luin.&#13;&#10;&#13;&#10;You should take the hammer you found to Litli so that he can forge the key you need.&#13;&#10;• Talk to Litli&#13;&#10;• Turn in Thrór's Hammer">
<prerequisites>
<prerequisite name="Vol._I%2C_Book_7%2C_Chapter_5%3A_What_Is_Needed"/>
</prerequisites>
<nextQuests>
<nextQuest name="Vol._I%2C_Book_7%2C_Chapter_7%3A_The_Key_Forged"/>
</nextQuests>
<rewards>
<money gold="0" silver="24" copper="15"/>
<selectOneOf>
<object name="Drake-biter" pageURL="/wiki/Weapon:Drake-biter" iconURL="http://content.turbine.com/sites/lorebook.lotro.com/images/icons/item/weapon_axe/eq_angmar_1haxe_05.png" quantity="1"/>
<object name="Faerdamil's Bane" pageURL="/wiki/Weapon:Faerdamil's_Bane" iconURL="http://content.turbine.com/sites/lorebook.lotro.com/images/icons/item/weapon_mace/eq_angmar_1hmace_05.png" quantity="1"/>
<object name="Dwalin's Shield" pageURL="/wiki/Armour:Dwalin's_Shield" iconURL="http://content.turbine.com/sites/lorebook.lotro.com/images/icons/item/shield/eq_angmar_shield_08.png" quantity="1"/>
<object name="Goluamath" pageURL="/wiki/Armour:Goluamath" iconURL="http://content.turbine.com/sites/lorebook.lotro.com/images/icons/item/shield/eq_angmar_heavy_shield_06.png" quantity="1"/>
<object name="Litli's Shield" pageURL="/wiki/Armour:Litli's_Shield" iconURL="http://content.turbine.com/sites/lorebook.lotro.com/images/icons/item/shield/eq_angmar_medium_shield_05.png" quantity="1"/>
</selectOneOf>
</rewards>
</quest>
