<?xml version="1.0" encoding="UTF-8"?>
<quest id="1879054138" key="Captains_of_the_Black_Tide" title="Captains of the Black Tide" category="North Downs" scope="" questArc="Shattering the Alliance" minimumLevel="28" type="STANDARD" size="FELLOWSHIP" faction="FREE_PEOPLES" repeatable="false" instanced="false" description="A great host of Orcs spilled through Ram Dúath, driving the Men of the North Downs from their farms. Esteldín, home of the few remaining Dúnedain of the North, was spared discovery. It is from there that the Rangers begin to plan their counter-offensive against the black tide of Angmar." bestower="Arohir (NPC)" bestowerText="'I have another task for you, $PLAYER$, if you are willing. We have discovered three captains of the Ongbúrz who command the lower ranks of the Orcs and goblins in Dol Dínen. If these captains are slain, it may throw the lower ranks into confusion.&#13;&#10;&#13;&#10;'Enter the encampment of the Orc-host in Dol Dínen, south-east of Esteldín, and slay the Ongbúrz captains Thorgal, Shum-batar, and Dombrî. They were last seen among the Warg-keepers.&#13;&#10;&#13;&#10;'If I were in your place, I would not attempt this alone. Gather allies, or you will not likely succeed.'" objectives="Objective 1:&#13;&#10;The Ongbúrz captains Thorgal, Shum-batar, and Dombrî were last seen among the Warg-keepers in the Orc-camp in Dol Dínen, south-east of Esteldín.&#13;&#10;&#13;&#10;Arohir told you of the discovery of three captains of the Ongbúrz tribe who command the lower ranks of the Orc-host: Thorgal, Shum-batar, and Dombrî. He believes that their deaths will throw the lower ranks into confusion. He recommends you do not attempt this task alone.&#13;&#10;• Kill 1 Captain Shum-batar&#13;&#10;• Kill 1 Captain Thorgal&#13;&#10;• Kill 1 Captain Dombrî&#13;&#10;Objective 2:&#13;&#10;Arohir awaits word of your success at Esteldín.&#13;&#10;&#13;&#10;Arohir provided you the names of three Blogmal captains amongst the Orcs in Dol Dínen where the Warg-keepers patrol. With these captains slain, you should report back to Arohir.&#13;&#10;• Talk to Arohir">
<prerequisites>
<prerequisite name="Shattering_the_Alliance"/>
</prerequisites>
<nextQuests>
<nextQuest name="Orcs_of_the_Blood_Mountain"/>
</nextQuests>
<rewards>
<money gold="0" silver="30" copper="24"/>
<reputation>
<reputationItem faction="Rangers of Esteldín" amount="900"/>
</reputation>
</rewards>
</quest>
