<?xml version="1.0" encoding="UTF-8"?>
<quest id="1879059566" key="Defending_the_Bridge" title="Defending the Bridge" category="North Downs" scope="" questArc="The Black Fire" minimumLevel="19" type="STANDARD" size="SOLO" faction="FREE_PEOPLES" repeatable="false" instanced="false" description="Aggy Digweed spotted figures carrying a crate out of Nan Wathren. To signal the guard at Trestlebridge, she fired a fire arrow towards them and struck the crate, which exploded in a ball of flame." bestower="Aggy Digweed (NPC)" bestowerText="'I need your help! The Orcs have some foul magic that they hope to use against us! The other night I was keeping watch on this side of Cirith Núr, and I saw dark figures carrying a pair of crates out of Nan Wathren.&#13;&#10;&#13;&#10;'I loosed a fire-arrow at them, to signal the town-guard. The arrow struck one crate, and those carrying it dropped it and ran. Soon after, there was a sound like thunder and a ball of fire! The others hastily retreated carrying the other crate.&#13;&#10;&#13;&#10;'Can you imagine what would have happened if they had gotten that onto the bridge? We must learn what was in that crate! Would you go to the western edge of the Nan Wathren, search for this crate and find out what's inside? You may need to look beyond the bridges.'" objectives="Objective 1:&#13;&#10;The crate was destroyed at the western edge of Nan Wathren, just beyond the bridges.&#13;&#10;&#13;&#10;Aggy Digweed, afraid that this new weapon may be the doom of Trestlebridge, asked you to look for the shattered remains of the crate.&#13;&#10;• Bring the crate contents to Aggy Digweed (Aggy Digweed)&#13;&#10;• Collect the crate contents">
<nextQuests>
<nextQuest name="The_Black-fire"/>
<nextQuest name="Half-orc_Schemer"/>
</nextQuests>
<rewards>
<money gold="0" silver="10" copper="0"/>
<reputation>
<reputationItem faction="Men of Bree" amount="700"/>
</reputation>
</rewards>
</quest>
