<?xml version="1.0" encoding="UTF-8"?>
<quest id="1879051701" key="A_Hidden_Stash" title="A Hidden Stash" category="Shire" scope="" questArc="Took and Tower" minimumLevel="6" type="STANDARD" size="SOLO" faction="FREE_PEOPLES" repeatable="false" instanced="false" description="Gerebert Took's journal revealed that Gerebert had accepted a dare to hide in one of Longo Burrow's leaf-waggons. Esilia Took asked you to help search for her cousin." bestower="Longo Burrow (NPC)" bestowerText="'Afore I tell you where that fool Took you're looking for is, I want you to do something for me. See, my pipe-weed is known throughout the Shire, and a bit beyond, and that means I've got lots o' folk coming to me asking for leaf.&#13;&#10;&#13;&#10;'Well, my current crop isn't quite ready for harvesting yet, but I'm a smart hobbit, you see. Back when the bears were sleeping in the winter, I hid a barrel o' leaf out in one o' their dens, for just such a rainy day.&#13;&#10;&#13;&#10;'Go to the bear dens south of here and find that barrel o' leaf. When you bring it back, I'll tell you what I know o' that Took.'" objectives="Objective 1:&#13;&#10;The bear dens are to the south of Longo Burrow's farm.&#13;&#10;&#13;&#10;Esilia Took asked you to speak with Longo Burrow about her cousin Gerebert. Longo demanded that you perform a favour for him before he would talk. He told you that his leaf was in high demand, but that his current crop wasn't ready for harvesting yet. He instructed you to retrieve a barrel of pipe-weed that he hid in a bear den during the winter.&#13;&#10;• Talk to Longo Burrow&#13;&#10;• Turn in Barrel of Pipe-weed&#13;&#10;Objective 2:&#13;&#10;Esilia Took can be found in the centre of Tuckborough.&#13;&#10;&#13;&#10;Longo Burrow agreed to tell you what he knew of Gerebert in exchange for a barrel of leaf he hid in a bear den. On bringing it back, though, Longo revealed that he didn't know anything about Gerebert. You should return to Esilia Took and let her know.&#13;&#10;• Talk to Esilia Took">
<prerequisites>
<prerequisite name="Longo%27s_Leaf-waggon"/>
</prerequisites>
<nextQuests>
<nextQuest name="Leaf_in_Woodhall"/>
</nextQuests>
<rewards>
<money gold="0" silver="0" copper="90"/>
<selectOneOf>
<object name="Fried Mushrooms" pageURL="/wiki/Item:Fried_Mushrooms" iconURL="http://content.turbine.com/sites/lorebook.lotro.com/images/icons/item/food/it_food_fried_mushrooms.png" quantity="5"/>
<object name="Took's Shirt" pageURL="/wiki/Armour:Took's_Shirt" iconURL="http://content.turbine.com/sites/lorebook.lotro.com/images/icons/item/chest/eq_shire_medium_chest_02.png" quantity="1"/>
</selectOneOf>
</rewards>
</quest>
