<?xml version="1.0" encoding="UTF-8"?>
<quest id="1879048507" key="Vol._I,_Book_1,_Chapter_9:_Lilies_for_the_River-daughter" title="Vol. I, Book 1, Chapter 9: Lilies for the River-daughter" category="Epic - Vol. I, Book 1: Stirrings in the Darkness" scope="Epic" questArc="Volume I, Book 1: Stirrings in the Darkness" minimumLevel="13" type="EPIC" size="SOLO" faction="FREE_PEOPLES" repeatable="false" instanced="false" description="Strider directed you to speak to Tom Bombadil, the master of the Old Forest, to ask for his aid in tracking the crebain who fled into woods." bestower="Tom Bombadil (NPC)" bestowerText="'My Goldberry is away at her spring, and I was going lily-hunting! I've no time for chasing birds. But hoy now! Aragorn's a name I know, and a friend of Old Tom's!&#13;&#10;&#13;&#10;'Hear then my offer: While Old Tom Bombadil looks for sour crows, you'll gather lilies for my lovely. I saw some along the river, just a hop and a jump away. Just follow along until, ring a ding dillo, you find Old Man Willow!&#13;&#10;&#13;&#10;'You watch that old Grey Willow-man. He's a mighty singer. He'll sing you down to sleep and drown you, if you don't be careful.'" objectives="Objective 1:&#13;&#10;The river flows westward from the house of Tom Bombadil.&#13;&#10;&#13;&#10;You found Tom Bombadil and spoke with the strange creature. While he was not at first willing to find the crebain he did at last relent, if you would perform a task he considered far more important. He wishes you to gather lilies from the river, near someone called Old Man Willow.&#13;&#10;• Bring the lilies to Tom Bombadil (Tom Bombadil)&#13;&#10;• Collect large lilies (4 Large Lily)">
<prerequisites>
<prerequisite name="Vol._I%2C_Book_1%2C_Chapter_8%3A_Master_of_the_Wood"/>
</prerequisites>
<nextQuests>
<nextQuest name="Vol._I%2C_Book_1%2C_Chapter_10%3A_Into_the_Barrow-downs"/>
</nextQuests>
<rewards>
<money gold="0" silver="3" copper="20"/>
<reputation>
<reputationItem faction="Men of Bree" amount="700"/>
</reputation>
</rewards>
</quest>
