<?xml version="1.0" encoding="UTF-8"?>
<quest id="1879053066" key="Articles_of_Command" title="Articles of Command" category="Captain" scope="" questArc="The Noblest Path" minimumLevel="45" type="STANDARD" size="SOLO" faction="FREE_PEOPLES" repeatable="false" instanced="false" description="Dawn Stockard has agreed to help you fashion a piece of equipment worthy of your stature as a captain." bestower="Dawn Stockard (NPC)" bestowerText="'I can fashion you a piece of equipment that will do justice to the great deeds you have performed, (your name), but I must warn you that it will not be easily finished.&#13;&#10;&#13;&#10;'I must ask you to put yourself in great peril to obtain the materials I need. First you should bring me the tough carapaces of the nerbeglir which skitter among the pools of Malenhad in Angmar. I will also require the spiked helmet of the Dourhand captain Hogni Cleave-shank, who at last report was commanding the Dourhands at the fortress of Gabilazan in the Misty Mountains.&#13;&#10;&#13;&#10;'Bring these items to me, and I will begin my work.'" objectives="Objective 1:&#13;&#10;Nerbeglir can be found in the Eastern Malenhand in Angmar. Hogni Cleave-shank can be found at Gabilazan in the Misty Mountains.&#13;&#10;&#13;&#10;Dawn Stockard has asked you to bring her norboglir-carapaces and Hogni Cleave-shank's spiked helmet.&#13;&#10;• Turn in Steam-scorched Carapace&#13;&#10;• Turn in Hogni's Spiked Helmet&#13;&#10;Objective 2:&#13;&#10;Dawn Stockard is in the town of Archet, north of Bree.&#13;&#10;&#13;&#10;Dawn Stockard is waiting for you to return with the first set of components.&#13;&#10;• Talk to Dawn Stockard&#13;&#10;• Turn in Steam-scorched Carapace&#13;&#10;• Turn in Hogni's Spiked Helmet&#13;&#10;Objective 3:&#13;&#10;Nerbeglir can be found in the Eastern Malenhad in Angmar. Bats can be found in Angmar and other dangerous places.&#13;&#10;&#13;&#10;Dawn Stockard has asked you to bring her corroded Neekerbreeker-horns and grisly bat-talons.&#13;&#10;• Turn in Corroded Neekerbreeker Horn&#13;&#10;• Turn in Grisly Bat Talon&#13;&#10;Objective 4:&#13;&#10;Dawn Stockard is in the town of Archet, north of Bree.&#13;&#10;&#13;&#10;Dawn Stockard is waiting for you to return with the second set of components.&#13;&#10;• Bring second set of components to Dawn Stockard (Dawn Stockard)&#13;&#10;• Turn in Corroded Neekerbreeker Horn&#13;&#10;• Turn in Grisly Bat Talon&#13;&#10;Objective 5:&#13;&#10;Helchgam can be found beneath the evil city of Carn Dûm in Angmar. Lagmâs can be found at Urugarth in Angmar.&#13;&#10;&#13;&#10;Dawn Stockard has asked you to bring her the putrid slime of Helchgam and a Badge of Command.&#13;&#10;• Turn in Badge of Command&#13;&#10;• Turn in Putrid Slime of Helchgam&#13;&#10;Objective 6:&#13;&#10;Dawn Stockard is in the town of Archet, north of Bree.&#13;&#10;&#13;&#10;Dawn Stockard is waiting for you to return with the last set of components she needs.&#13;&#10;• Bring last set of components to Dawn Stockard (Dawn Stockard)&#13;&#10;• Turn in Badge of Command&#13;&#10;• Turn in Putrid Slime of Helchgam">
<requiredClass name="Captain"/>
<rewards>
<money gold="0" silver="49" copper="70"/>
<object name="Distilled Athelas Essence" pageURL="/wiki/Item:Distilled_Athelas_Essence" iconURL="http://content.turbine.com/sites/lorebook.lotro.com/images/icons/item/potion/it_potion_morale_instant_tier5.png" quantity="5"/>
<selectOneOf>
<object name="Trinket of Command" pageURL="/wiki/Item:Trinket_of_Command" iconURL="http://content.turbine.com/sites/lorebook.lotro.com/images/icons/item/jewelry/eq_class_pocketitem_02.png" quantity="1"/>
<object name="Earring of Command" pageURL="/wiki/Item:Earring_of_Command" iconURL="http://content.turbine.com/sites/lorebook.lotro.com/images/icons/item/jewelry/eq_class_earring_03.png" quantity="1"/>
</selectOneOf>
</rewards>
</quest>
