<?xml version="1.0" encoding="UTF-8"?>
<quest id="1879048620" key="My_Heart%27s_Hope" title="My Heart's Hope" category="Angmar" scope="" questArc="" minimumLevel="45" type="STANDARD" size="SOLO" faction="FREE_PEOPLES" repeatable="false" instanced="false" description="The bracelet you found belonged to a girl of the Hillmen called Dírdrë. Her mother wonders if she could still be alive." bestower="Éa (NPC)" bestowerText="'Could it be that my Dírdrë still lives?&#13;&#10;&#13;&#10;'It may be too much to hope for, but if you did not see her in Carn Dûm, perhaps they took her into Nan Gurth?&#13;&#10;&#13;&#10;'Please, I beg you to go there and search for her. Nan Gurth lies to the south and east.'" objectives="Objective 1:&#13;&#10;Dírdrë might be found in Nan Gurth, south-east of Carn Dûm.&#13;&#10;&#13;&#10;Éa's daughter was taken from her many years ago. It could be that Dírdrë still lives.&#13;&#10;• Find Dírdrë">
<prerequisites>
<prerequisite name="The_Tarnished_Bracelet"/>
</prerequisites>
<rewards>
<money gold="0" silver="9" copper="94"/>
<reputation>
<reputationItem faction="Council of the North" amount="300"/>
</reputation>
</rewards>
</quest>
