<?xml version="1.0" encoding="UTF-8"?>
<quest id="1879049960" key="Merciful_Release" title="Merciful Release" category="Lone-lands" scope="" questArc="Tainted Living" minimumLevel="25" type="STANDARD" size="SOLO" faction="FREE_PEOPLES" repeatable="false" instanced="false" description="Somehow the very essence of the Red Swamp has been corrupted. Radagast the Brown, a Wizard who has come to Agamaur, seeks to learn the cause." bestower="Radagast the Brown (NPC)" bestowerText="'You have done quite well thus far, $PLAYER$. I am impressed, and I am not often impressed by a mere (your race). I find your kind often lack the sense that my little friends here possess, but you have shown a greater understanding.&#13;&#10;&#13;&#10;'I need you to do something which I shudder to ask. The corrupted Huorns and their shepherds, the bog-lurkers, must be destroyed. I can sense that there is no reclamation for these poor creatures. The Huorns and bog-lurkers dwell to the north-west.&#13;&#10;&#13;&#10;'It is a terrible tragedy, but I see no other course that would be more merciful. I am also greatly concerned, for whatever this corruption is, it was not the work of Ivar the Bloodhand.'" objectives="Objective 1:&#13;&#10;Huorns and bog-lurkers can be found in the north-west of Agamaur.&#13;&#10;&#13;&#10;The bark you brought Radagast revealed that the corruption in the swamp has gone too deep, and there is no hope to reclaim Agamaur or its creatures. Radagast has laid the task of bringing a merciful end to the Huorns and bog-lurkers which dwell there.&#13;&#10;• Defeat Huorns (7)&#13;&#10;• Defeat bog-prowlers (15)&#13;&#10;Objective 2:&#13;&#10;Radagast is at the Eglain camp in the southern reaches of Agamaur.&#13;&#10;&#13;&#10;Radagast, not without difficulty, instructed you to destroy the Huorns and bog-lurkers of Agamaur, which you have done. You should bring word of your success to the Wizard at once.&#13;&#10;• Talk to Radagast the Brown">
<prerequisites>
<prerequisite name="Vol._I%2C_Book_2%2C_Chapter_15%3A_%28Fellowship%29The_Red-pass"/>
<prerequisite name="Vol._I%2C_Book_2%2C_Chapter_15_%28Solo%29%3A_The_Red-pass"/>
</prerequisites>
<rewards>
<money gold="0" silver="17" copper="85"/>
<reputation>
<reputationItem faction="Eglain" amount="700"/>
</reputation>
<selectOneOf>
<object name="Celechar" pageURL="/wiki/Armour:Celechar" iconURL="http://content.turbine.com/sites/lorebook.lotro.com/images/icons/item/head/eq_lonelands_heavy_head_02.png" quantity="1"/>
<object name="Huorn Purger" pageURL="/wiki/Weapon:Huorn_Purger" iconURL="http://content.turbine.com/sites/lorebook.lotro.com/images/icons/item/weapon_mace/eq_lonelands_1hclub_01.png" quantity="1"/>
</selectOneOf>
</rewards>
</quest>
