<?xml version="1.0" encoding="UTF-8"?>
<quest id="1879054469" key="Grain-hunter" title="Grain-hunter" category="North Downs" scope="" questArc="Brew-master" minimumLevel="23" type="STANDARD" size="SOLO" faction="FREE_PEOPLES" repeatable="false" instanced="false" description="The Dwarves of Othrikar are beset by supply troubles, stemming from the incursion of Orcs and Wargs from the north and the betrayal of the Dourhands." bestower="Gatson (NPC)" bestowerText="'There may just be a chance that you could help me and your dwarf-friends together. It seems to me that the stolen grain may still be at the Orcs' camp not far from here. If you can recover that grain for me, I'll be happy to offer it to the dwarves at half my normal price.&#13;&#10;&#13;&#10;'The Orcs have a big camp to the south and west of here. I don't know where in the camp they would be keeping the stolen grain, but you should retrieve three large sacks.&#13;&#10;&#13;&#10;'Bring me those sacks, and I'll see what I can do for the dwarves.'" objectives="Objective 1:&#13;&#10;The stolen grain may be found at the Orc camp, south-west of Gatson's farm.&#13;&#10;&#13;&#10;Hornbori sent you to speak with Farmer Gatson about purchasing some grain, but when you arrived, Gatson told you that Orcs had stolen all the grain he had. Gatson offered to sell the grain at half his normal price if you could recover his stolen grain sacks.&#13;&#10;• Return the Grain Sacks to Gatson (Gatson)&#13;&#10;• Turn in Sack of Grain&#13;&#10;Objective 2:&#13;&#10;Hornbori awaits your return at Othrikar.&#13;&#10;&#13;&#10;You successfully recovered the grain from the Orcs and brought it back to Gatson's farm. In turn, Gatson has asked you to deliver it to Hornbori.&#13;&#10;• Talk to Hornbori&#13;&#10;• Turn in Sack of Grain">
<prerequisites>
<prerequisite name="Grain-buyer"/>
</prerequisites>
<nextQuests>
<nextQuest name="Brew-master"/>
</nextQuests>
<rewards>
<money gold="0" silver="25" copper="60"/>
</rewards>
</quest>
