<?xml version="1.0" encoding="UTF-8"?>
<quest id="1879051661" key="Brimstone_and_Sparks" title="Brimstone and Sparks" category="Shire" scope="" questArc="Lobelia's Fireworks" minimumLevel="5" type="STANDARD" size="SOLO" faction="FREE_PEOPLES" repeatable="false" instanced="false" description="Since Lobelia Sackville-Baggins paid to acquire the ingredients for her fireworks, Hyacinth Took has recruited you to help her gather them." bestower="Hyacinth Took (NPC)" bestowerText="'You're too willing, $PLAYER$! First wolves, and now a bear? You should be more firm with these folk and make them take care of their own problems for once.&#13;&#10;&#13;&#10;'All right. Now last, but not least, I'll need some brimstone and iron filings. You can't find brimstone around here, so I always go to the dwarves for that stuff. They can also provide the filings cheaper than any of the local smiths, so we'll take care of two problems at once, this time.&#13;&#10;&#13;&#10;'Please head over to Needlehole and talk to the dwarf-merchant Onar. I've dealt with him in the past, and I imagine he'll be able to give us what we need.'" objectives="Objective 1:&#13;&#10;The dwarf-merchant Onar is in the hamlet of Needlehole in the north-west corner of Rushock Bog.&#13;&#10;&#13;&#10;Hyacinth only needs brimstone and iron filings to get to work on Lobelia Sackville-Baggins' fireworks. She suggested you could obtain them from Onar, a dwarf-merchant.&#13;&#10;• Talk to Onar&#13;&#10;Objective 2:&#13;&#10;Hyacinth Took is in Tuckborough, near the Great Smials.&#13;&#10;&#13;&#10;Hyacinth Took sent you to Needlehole to acquire brimstone and iron filings from the dwarf-merchant Onar. Onar made a quick and fair trade and has sent you back to Hyacinth with her parcels.&#13;&#10;• Talk to Hyacinth Took&#13;&#10;• Turn in Brimstone&#13;&#10;• Turn in Iron Filings&#13;&#10;Objective 3:&#13;&#10;Lobelia Sackville-Baggins is at her home at Bag End in Hobbiton.&#13;&#10;&#13;&#10;With your help, Hyacinth Took now has all she needs to begin work on Lobelia Sackville-Baggins' fireworks. She told you to return to Lobelia and let her know the fireworks will be done in three months.&#13;&#10;• Talk to Lobelia Sackville-Baggins">
<prerequisites>
<prerequisite name="The_Big_Black_Bear"/>
</prerequisites>
<nextQuests>
<nextQuest name="By_Hook_or_By_Crook"/>
</nextQuests>
<rewards>
<money gold="0" silver="0" copper="90"/>
</rewards>
</quest>
