<?xml version="1.0" encoding="UTF-8"?>
<quest id="1879051316" key="Man-slayers" title="Man-slayers" category="Lone-lands" scope="" questArc="Angmar Rising" minimumLevel="22" type="STANDARD" size="SOLO" faction="FREE_PEOPLES" repeatable="false" instanced="false" description="Orcs bearing the standard of Angmar poured into the Lone-lands from the North and have occupied Ost Cyrn, a ruin south-west of Ost Guruth." bestower="Grimdeal (NPC)" bestowerText="'You are a fine friend to the Eglain as is proven by your deeds on behalf of Hunulf and Gadaric Munce. This is why I feel that I can share my concerns with you. Orcs came from the North and moved beneath cover of night into Ost Cyrn, the ruin beyond the road to the south and west. If you have spoken to Refr Quicksilver, then you know that these Orcs are in league with the dwarves occupying Thandobel.&#13;&#10;&#13;&#10;'The threat of Orcs so close to Ost Guruth shakes the confidence of my people. We have suffered so much recently, and the rise of these ravening hordes has upset my people greatly.&#13;&#10;&#13;&#10;'If you are willing to assist us, I would ask that you go to Ost Cyrn and make war upon the Orcs to show the Eglain that there are folk willing to aid us. What say you?'" objectives="Objective 1:&#13;&#10;The Orcs can be found in the ruins of Ost Cyrn, south-west of Ost Guruth.&#13;&#10;&#13;&#10;Grimdeal asked that you help defend the Eglain by assaulting the Orcs of Ost Cyrn.&#13;&#10;• Kill 12 Angered Tarkrîp&#13;&#10;• Kill 10 Dreadful Tarkrîp&#13;&#10;Objective 2:&#13;&#10;Grimdeal awaits word of your success at Ost Guruth, north-east of Ost Cyrn.&#13;&#10;&#13;&#10;You should return to Grimdeal with word of your victory.&#13;&#10;• Talk to Grimdeal">
<rewards>
<money gold="0" silver="14" copper="50"/>
<reputation>
<reputationItem faction="Eglain" amount="700"/>
</reputation>
<selectOneOf>
<object name="Shadowhyrst's Cape" pageURL="/wiki/Armour:Shadowhyrst's_Cape" iconURL="http://content.turbine.com/sites/lorebook.lotro.com/images/icons/item/back/eq_lonelands_back_10.png" quantity="1"/>
<object name="Defender's Blade" pageURL="/wiki/Weapon:Defender's_Blade" iconURL="http://content.turbine.com/sites/lorebook.lotro.com/images/icons/item/weapon_sword/eq_lonelands_1hsword_07.png" quantity="1"/>
</selectOneOf>
</rewards>
</quest>
