<?xml version="1.0" encoding="UTF-8"?>
<quest id="1879048239" key="Intro:_The_Storm_is_Upon_Us" title="Intro: The Storm is Upon Us" category="Introduction" scope="Epic" questArc="Bree-land Introduction" minimumLevel="1" type="STANDARD" size="SOLO" faction="FREE_PEOPLES" repeatable="false" instanced="false" description="Your efforts to ready Archet for the impending Blackwold attack have come to fruition. Now the preparations are complete, and the time has come to fight." bestower="Jon Brackenbrook (NPC)" bestowerText="'Quickly! Calder Cob is making his move against Archet, and wicked men of Angmar are lending him and the Blackwolds strength. We must go to the town's defence at once! Return to me when you are prepared.'" objectives="Objective 1:&#13;&#10;Jon Brackenbrook is at the Hunting Lodge, east of Archet.&#13;&#10;&#13;&#10;Jon Brackenbrook is waiting for you to join his company.&#13;&#10;• Talk to Jon Brackenbrook (Jon Brackenbrook)&#13;&#10;Objective 2:&#13;&#10;Jon Brackenbrook is at the Hunting Lodge, east of Archet.&#13;&#10;&#13;&#10;Jon Brackenbrook is waiting for you to join his company.&#13;&#10;• Talk to Jon Brackenbrook&#13;&#10;Objective 3:&#13;&#10;#-1:$CLIENT_RACE$ #-1:{Jon Brackenbrook wishes to speak with you.&#13;&#10;&#13;&#10;After the assault on Archet, Jon Brackenbrook returned to the town to assist and rebuild, taking up his father's legacy.'[U,D,L]|'Mundo Sackville-Baggins wishes to speak with you.&#13;&#10;&#13;&#10;After the assault on Archet, you helped Mundo Sackville-Baggins and Celandine Brandybuck on their return trip to the Shire.'[O]}&#13;&#10;• Talk to Jon Brackenbrook (Jon Brackenbrook)&#13;&#10;• Talk to Mundo Sackville-Baggins (Mundo Sackville-Baggins)">
<prerequisites>
<prerequisite name="Intro%3A_A_Slender_Hope"/>
</prerequisites>
<nextQuests>
<nextQuest name="A_Message_of_Thanks"/>
</nextQuests>
<rewards>
<money gold="0" silver="0" copper="90"/>
<reputation>
<reputationItem faction="Men of Bree" amount="300"/>
</reputation>
<trait id="Novice" name="Novice"/>
<object name="Milestone Skill" pageURL="/wiki/Item:Milestone_Skill" iconURL="http://content.turbine.com/sites/lorebook.lotro.com/images/icons/item/scroll_skill/it_travelink_teleport_home_reusable.png" quantity="1"/>
</rewards>
</quest>
