<?xml version="1.0" encoding="UTF-8"?>
<quest id="1879050076" key="Ivar_the_Blood-hand" title="Ivar the Blood-hand" category="Garth Agarwen" scope="" questArc="" minimumLevel="27" type="STANDARD" size="SMALL_FELLOWSHIP" faction="FREE_PEOPLES" repeatable="false" instanced="false" description="Radagast knows the ancient evil of the Gaunt-lord Ivar, called the Blood-hand, who is raising an army of wights in Agamaur." bestower="Saeradan (NPC)" bestowerText="'You have made quite the name for yourself, (your name). Word of your exploits has reached me even here. Indeed, I am surprised with all you have accomplished. Still, perhaps you can assist me again.&#13;&#10;&#13;&#10;'I know what began the plague in Agamaur, the Red Swamp. A Gaunt-lord, a dire creature in the service of Angmar, has raised an army of wights here and has stirred this ancient evil, not the Eglain. I must ask you to intervene on my behalf, for I cannot. Would you go in my stead?&#13;&#10;&#13;&#10;'In the east are the ruins called Garth Agarwen. I would search there for Ivar the Blood-hand. If you find him and defeat him, bring his helm to me as proof.'" objectives="Objective 1:&#13;&#10;Ivar may be found in Garth Agarwen in Agamaur, within the Lone-lands.&#13;&#10;&#13;&#10;Radagast is unable to directly interfere in the war by seeking out and destroying Ivar the Bloodhand. He has asked you to go in his stead and to bring him Ivar's helm as proof of your victory.&#13;&#10;• Deliver Ivar's Helm to Radagast at the Eglan-camp (Radagast the Brown)&#13;&#10;• Turn in Ivar's Helm">
<prerequisites>
<prerequisite name="Vol._I%2C_Book_2%2C_Chapter_15%3A_%28Fellowship%29The_Red-pass"/>
<prerequisite name="Vol._I%2C_Book_2%2C_Chapter_15_%28Solo%29%3A_The_Red-pass"/>
<prerequisite name="Cutting_off_the_Hand"/>
</prerequisites>
<rewards>
<money gold="0" silver="37" copper="10"/>
<reputation>
<reputationItem faction="Eglain" amount="1200"/>
</reputation>
<selectOneOf>
<object name="Ivar's Defeat" pageURL="/wiki/Armour:Ivar's_Defeat" iconURL="http://content.turbine.com/sites/lorebook.lotro.com/images/icons/item/feet/eq_lonelands_light_feet_02.png" quantity="1"/>
<object name="Saeradan's Bow" pageURL="/wiki/Weapon:Saeradan's_Bow" iconURL="http://content.turbine.com/sites/lorebook.lotro.com/images/icons/item/weapon_bow/eq_lonelands_bow_02.png" quantity="1"/>
<object name="Bloodhand's Doom" pageURL="/wiki/Weapon:Bloodhand's_Doom" iconURL="http://content.turbine.com/sites/lorebook.lotro.com/images/icons/item/weapon_sword/eq_lonelands_1hsword_03.png" quantity="1"/>
</selectOneOf>
</rewards>
</quest>
