<?xml version="1.0" encoding="UTF-8"?>
<quest id="1879048679" key="Vol._I,_Book_8,_Chapter_3:_Forging_the_Sword" title="Vol. I, Book 8, Chapter 3: Forging the Sword" category="Epic - Vol. I, Book 8: The Scourge of the North" scope="Epic" questArc="Volume I, Book 8: The Scourge of the North" minimumLevel="44" type="EPIC" size="SOLO" faction="FREE_PEOPLES" repeatable="false" instanced="false" description="The Rangers of Esteldín were able to repair Golodir's shield and mail shirt, but the sword was of Elf-craft beyond their skill." bestower="Daervunn (NPC)" bestowerText="'Here, take Golodir's gear, and travel to Rivendell and speak to Master Elrond. I doubt not that he will be able to assist you. His smiths are among the greatest of the Elf-smiths of this day.&#13;&#10;&#13;&#10;'Do not tarry here. If this will help to renew Golodir's broken spirit, then you must make haste to Rivendell!'" objectives="Objective 1:&#13;&#10;Elrond is at Rivendell in the Trollshaws.&#13;&#10;&#13;&#10;Daervunn suggested you take Golodir's sword to Elrond of Rivendell to be reforged.&#13;&#10;• Bring Golodir's gear to Elrond (Elrond)&#13;&#10;Objective 2:&#13;&#10;Hemeldir can be found near Rivendell's forges.&#13;&#10;&#13;&#10;Elrond instructed you to take Golodir's sword to his chief smith, Hemeldir, to be reforged.&#13;&#10;• Talk to Hemeldir&#13;&#10;• Turn in Golodir's Sword&#13;&#10;Objective 3:&#13;&#10;Hemeldir can be found near Rivendell's forges.&#13;&#10;&#13;&#10;You should check with Hemeldir to learn if he has finished reforging Golodir's sword.&#13;&#10;• Collect Golodir's sword from Hemeldir (Hemeldir)&#13;&#10;Objective 4:&#13;&#10;Elrond is in Rivendell.&#13;&#10;&#13;&#10;Hemeldir returned Golodir's reforged sword to you and told you to bring it to Elrond for approval.&#13;&#10;• Talk to Elrond&#13;&#10;• Turn in Forged Sword&#13;&#10;• Turn in Golodir's Mail-shirt&#13;&#10;• Turn in Gondorian Shield">
<prerequisites>
<prerequisite name="Vol._I%2C_Book_8%2C_Chapter_2%3A_Rekindling_the_Flame"/>
</prerequisites>
<nextQuests>
<nextQuest name="Vol._I%2C_Book_8%2C_Chapter_4%3A_A_Beacon_of_Hope"/>
</nextQuests>
<rewards>
<money gold="0" silver="24" copper="50"/>
</rewards>
</quest>
