<?xml version="1.0" encoding="UTF-8"?>
<quest id="1879059660" key="The_Far_Reaching_Hand" title="The Far Reaching Hand" category="Angmar" scope="" questArc="Strength of Stone" minimumLevel="37" type="STANDARD" size="SMALL_FELLOWSHIP" faction="FREE_PEOPLES" repeatable="false" instanced="false" description="Chief Tuokki is worried that the Angmarim who command the Orcs will send them to fight the Earth-kin." bestower="Chief Tuokki (NPC)" bestowerText="'For one so small, you are very good at killing Orcs. The Orcs are many, but we think they run through Ram Dúath because Men tell them to go. Evil Men from the North, from Angmar, have come to Ram Dúath.&#13;&#10;&#13;&#10;'One of the Men is the leader. We think he will send the Orcs against us soon. We cannot fight them in their camp, they are too strong, but you are strong too. Maybe you can help us fight this Man, this Captain from Angmar.&#13;&#10;&#13;&#10;'The Angmarim have a camp north and east of here called Frith-vailë.'" objectives="Objective 1:&#13;&#10;Frith-vailë is in the north-east part of Ram Dúath.&#13;&#10;&#13;&#10;Chief Tuokki, hoping to discourage the Orcs and the Angmarim, has asked you to defeat the Captain of the Angmarim in Ram Dúath.&#13;&#10;• Kill 1 Iron Crown Captain&#13;&#10;Objective 2:&#13;&#10;Chief Tuokki is at the Suuri-lehmä camp in Ram Dúath.&#13;&#10;&#13;&#10;Now that you've defeated the Iron-crown Captain, return to the Earth-kin Chief and tell him of your deed.&#13;&#10;• Talk to Chief Tuokki">
<prerequisites>
<prerequisite name="Strength_of_Stone"/>
</prerequisites>
<nextQuests>
<nextQuest name="Men_of_the_Hills"/>
</nextQuests>
<rewards>
<money gold="0" silver="22" copper="5"/>
<selectOneOf>
<object name="Distilled Athelas Extract" pageURL="/wiki/Item:Distilled_Athelas_Extract" iconURL="http://content.turbine.com/sites/lorebook.lotro.com/images/icons/item/potion/it_c_potion_morale_instant_t5.png" quantity="3"/>
<object name="Tuokki's Halberd" pageURL="/wiki/Weapon:Tuokki's_Halberd" iconURL="https://my.lotro.com/sites/lorebook.lotro.com/images/icons/item/weapon_sword/eq_new_angmar_halberd_01.png" quantity="1"/>
<object name="Foe of the Iron-crown" pageURL="/wiki/Weapon:Foe_of_the_Iron-crown" iconURL="https://my.lotro.com/sites/lorebook.lotro.com/images/icons/item/weapon_dagger/eq_new_angmar_dagger_02.png" quantity="1"/>
</selectOneOf>
</rewards>
</quest>
