<?xml version="1.0" encoding="UTF-8"?>
<quest id="1879059561" key="Vile_Poison" title="Vile Poison" category="North Downs" scope="" questArc="A Poor Guard" minimumLevel="20" type="STANDARD" size="FELLOWSHIP" faction="FREE_PEOPLES" repeatable="false" instanced="false" description="Captain Trotter explained to you that the dried gourd you found was made by a \qdefiler,\q an Orc that relishes in poison and disease. He asked that you slay the creature, before it can spread any of its vile poisons into Trestlebridge." bestower="Captain Trotter (NPC)" bestowerText="'I wonder...I wonder if a &quot;defiler&quot; is behind this! Hrm, a defiler? Oh, it's a breed of Orc that some stories are told about. Supposedly they are masters of vile poisons and diseases, defiling all that they touch.&#13;&#10;&#13;&#10;'It is strange, though...I thought these defilers were just a myth. We've never seen one here before; most of the Orcs that attack us are just violent brutes, attacking without thought.&#13;&#10;&#13;&#10;'If there is a defiler out there, it means more trouble for us. Please, find this beast and slay it! If the defiler is anywhere, it'll be somewhere in the Nan Wathren, which lies east of town. Look for foul patches of water there, that will probably be a sign of his presence.'" objectives="Objective 1:&#13;&#10;The Tarkrîp Defiler should be found somewhere in Nan Wathren, east of Trestlebridge.&#13;&#10;&#13;&#10;Captain Trotter has asked you to hunt down and defeat the Tarkrîp-defiler. He suggested looking for the Orc near foul patches of water.&#13;&#10;• Kill 1 Tarkrîp Defiler&#13;&#10;Objective 2:&#13;&#10;Captain Trotter can be found in Trestlebridge.&#13;&#10;&#13;&#10;In Nan Wathren, you discovered the hiding place of the Tarkrîp-defiler and slew the Orc. You should tell Captain Trotter of your victory.&#13;&#10;• Talk to Captain Trotter">
<prerequisites>
<prerequisite name="Talbot_Redeemed"/>
</prerequisites>
<rewards>
<money gold="0" silver="11" copper="50"/>
<reputation>
<reputationItem faction="Men of Bree" amount="700"/>
</reputation>
<selectOneOf>
<object name="Trotter's Leggings" pageURL="/wiki/Armour:Trotter's_Leggings" iconURL="http://content.turbine.com/sites/lorebook.lotro.com/images/icons/item/legs/eq_northdowns_medium_legs_01.png" quantity="1"/>
<object name="Defiler's Doom" pageURL="/wiki/Weapon:Defiler's_Doom" iconURL="http://content.turbine.com/sites/lorebook.lotro.com/images/icons/item/weapon_sword/eq_northdowns_halberd_01.png" quantity="1"/>
<object name="Poison Hunter" pageURL="/wiki/Weapon:Poison_Hunter" iconURL="http://content.turbine.com/sites/lorebook.lotro.com/images/icons/item/weapon_dagger/eq_northdowns_dagger_02.png" quantity="1"/>
<object name="Defiler's Conqueror" pageURL="/wiki/Weapon:Defiler's_Conqueror" iconURL="http://content.turbine.com/sites/lorebook.lotro.com/images/icons/item/weapon_sword/eq_northdowns_2hclub_01.png" quantity="1"/>
</selectOneOf>
</rewards>
</quest>
