<?xml version="1.0" encoding="UTF-8"?>
<quest id="1879054424" key="Inform_Esteld%C3%ADn" title="Inform Esteldín" category="North Downs" scope="" questArc="" minimumLevel="21" type="STANDARD" size="SOLO" faction="FREE_PEOPLES" repeatable="false" instanced="false" description="You have helped Aglardir resupply Lin Giliath, but his worries are not yet eased. The original mission of Gildor Inglorion's company remains unfulfilled." bestower="Aglardir (NPC)" bestowerText="'Far to the north and east, the Dúnedain of the North have established a hidden encampment which they call Esteldín. These Men do their best to fight threats in the North Downs, but their numbers are now too few and the dangers too great.&#13;&#10;&#13;&#10;'If you are willing to go, I would have you complete the original mission of our company. Go to Esteldín and speak with the watch-captain, Dagoras. Tell him that the Nine are abroad and have crossed the River. The Enemy is on the move.&#13;&#10;&#13;&#10;'Esteldín is hidden in the mountains on the border of the Kingsfell and Nan Amlug. This is a message that should not be delayed.'" objectives="Objective 1:&#13;&#10;Esteldín is north-east of Lin Giliath, hidden within the eastern mountains between the Kingsfell and Nan Amlug.&#13;&#10;&#13;&#10;Aglardir has sent you to Dagoras, the watch-captain of Esteldín, to tell him of the passing of the Nazgûl.&#13;&#10;• Talk to Dagoras">
<prerequisites>
<prerequisite name="Provisions_for_the_Glade"/>
</prerequisites>
<rewards>
<reputation>
<reputationItem faction="Rangers of Esteldín" amount="500"/>
</reputation>
</rewards>
</quest>
