<?xml version="1.0" encoding="UTF-8"?>
<quest id="1879054338" key="Vol._I,_Book_3,_Chapter_4,_Part_II_of_III:_Freeing_Dori" title="Vol. I, Book 3, Chapter 4, Part II of III: Freeing Dori" category="Epic - Vol. I, Book 3: The Council of the North" scope="Epic" questArc="Volume I, Book 3: The Council of the North" minimumLevel="30" type="EPIC" size="FELLOWSHIP" faction="FREE_PEOPLES" repeatable="false" instanced="false" description="When you arrived at Othrikar, bringing word of the Council of Esteldín, Hannar told you that Dori, the emissary of the Longbeards of Erebor, had been captured by the Dourhands." bestower="Hannar (NPC)" bestowerText="'A council of the Free Peoples? How could we give thought to a council with Dori gone? It was only with Dori's arrival, and the hoard of gems he brought, that hope began to creep back into our hearts. But Dori has been captured, the gems lost, and hope is stolen away.&#13;&#10;&#13;&#10;'If those Men, those Rangers, wish to have the help of the Dwarves of Othrikar, then Dori must be freed! You -- if you are the Rangers' envoy -- must do this if you desire our presence at this council!&#13;&#10;&#13;&#10;'Dori is likely being held in the Dourhands' camp to the west of Othrikar. Free Dori and escort him to safety! Once he is free, we will make our decision regarding this council of yours.'&#13;&#10;&#13;&#10;NOTE: It is suggested that you complete this quest while in a fellowship. Inspiration will assist you if you choose to undertake this challenge alone or with a smaller group." objectives="Objective 1:&#13;&#10;The Dourhands' camp where Dori is being held is west of Othrikar. Search the ruins for where Dori is being held.&#13;&#10;&#13;&#10;Hannar told you that the dwarves could not even consider coming to the Council of Esteldín, unless Dori was freed from the Dourhands. As an envoy of the Rangers, he told you that you must free him if you hope to have the support of the dwarves at the Council.&#13;&#10;&#13;&#10;&lt;rgb=#FF0000&gt;This quest is meant for a fellowship. If you choose to undertake this quest solo you will receive an inspiration bonus, but the challenge will be great.&#13;&#10;• Find Dori&#13;&#10;Objective 2:&#13;&#10;Hannar can be found at the mines of Othrikar.&#13;&#10;&#13;&#10;After escorting Dori to safety, he told you to return to Othrikar and speak to Hannar.&#13;&#10;• Talk to Hannar">
<prerequisites>
<prerequisite name="Vol._I%2C_Book_3%2C_Chapter_4%2C_Part_I_of_III%3A_A_Call_to_Dwarves"/>
</prerequisites>
<nextQuests>
<nextQuest name="Vol._I%2C_Book_3%2C_Chapter_4%2C_Part_III_of_III%3A_The_Dwarves_Shall_Come"/>
</nextQuests>
<rewards>
<money gold="0" silver="19" copper="60"/>
<selectOneOf>
<object name="Dori's Defenders" pageURL="/wiki/Armour:Dori's_Defenders" iconURL="http://content.turbine.com/sites/lorebook.lotro.com/images/icons/item/hands/eq_northdowns_heavy_hands_03.png" quantity="1"/>
<object name="Dori's Saviour" pageURL="/wiki/Weapon:Dori's_Saviour" iconURL="http://content.turbine.com/sites/lorebook.lotro.com/images/icons/item/weapon_axe/eq_northdowns_1haxe_03.png" quantity="1"/>
</selectOneOf>
</rewards>
</quest>
