<?xml version="1.0" encoding="UTF-8"?>
<quest id="1879059599" key="The_Black-fire" title="The Black-fire" category="North Downs" scope="" questArc="The Black Fire" minimumLevel="20" type="STANDARD" size="FELLOWSHIP" faction="FREE_PEOPLES" repeatable="false" instanced="false" description="Aggy Digweed has dubbed the foul substance you found \qBlack-fire\q and called it a dark magic of the Orcs. She believes the Orcs have more and that it must be destroyed if Trestlebridge is to be saved." bestower="Aggy Digweed (NPC)" bestowerText="'I'm sure the Orcs have plenty more Black-fire. I'm going to ask you to find and destroy it all. That means you will have to go deep into Nan Wathren.&#13;&#10;&#13;&#10;'I know the Orcs have camps on three hills in the Nan Wathren. These hills are connected by rope bridges in the heart of the valley. I suspect that more Black-fire can be found there. We must destroy it if we can. It seems that open flame causes this foul powder to explode, so it would be wise to use fire to destroy the crates.&#13;&#10;&#13;&#10;'Also, keep an eye open for half-orcs. I wager it is them I saw carrying the crate. Pure-bred Orcs are brutes and could never work such magic! I'd take some friends along, if I was you -- that area is crawling with Orcs, and you'll need friends to defend you while you destroy the crates.'" objectives="Objective 1:&#13;&#10;The Black-fire crates are on three hills in Nan Wathren.&#13;&#10;&#13;&#10;Aggy Digweed said that there are three large hills connected by rope bridges in Nan Wathren and asked you to search those hills for more Black-fire crates. She told you to keep an eye open for half-orcs, as full-blooded Orcs are too brutish to create magic like the Black-fire. As the Black-fire powder explodes when touched by fire, Aggy asked you to put the Black-fire to the torch, destroying it all. She also suggested you take friends.&#13;&#10;• Find the Black-fire on the northern hill&#13;&#10;• Find the Black-fire on the south-eastern hill&#13;&#10;• Find the Black-fire on the south-western hill&#13;&#10;Objective 2:&#13;&#10;Aggy Digweed can be found in Trestlebridge.&#13;&#10;&#13;&#10;In your search of the three hills in the Nan Wathren, you found Black-fire crates atop each hill. You also found half-orcs, who spoke of a someone named Lugbas, who may be their leader. Aggy should know what you found.&#13;&#10;• Talk to Aggy Digweed">
<prerequisites>
<prerequisite name="Defending_the_Bridge"/>
</prerequisites>
<rewards>
<money gold="0" silver="18" copper="40"/>
<reputation>
<reputationItem faction="Men of Bree" amount="900"/>
</reputation>
</rewards>
</quest>
