<?xml version="1.0" encoding="UTF-8"?>
<quest id="1879052922" key="Articles_of_Harmony" title="Articles of Harmony" category="Minstrel" scope="" questArc="The Finest Melody" minimumLevel="45" type="STANDARD" size="SOLO" faction="FREE_PEOPLES" repeatable="false" instanced="false" description="Baillindiel has agreed to help you fashion a piece of equipment that will be of use to a renowned minstrel such as you." bestower="Baillindiel (NPC)" bestowerText="'For a minstrel of such heart as you, (your name), I will gladly fashion some truly remarkable equipment. The components I will need for its making will not be easily obtained, but I know that you will succeed.&#13;&#10;&#13;&#10;'I will need you to bring me the items I will need. The first items I will need are furs from the snowbeasts of the Misty Mountains and brimstone-tinged armour-plates from the Tarkrîp goblins in Angmar.&#13;&#10;&#13;&#10;'I will see you again, (your name), and we will sing of your deeds when you return in triumph!'" objectives="Objective 1:&#13;&#10;Snowbeasts can be found in the Misty Mountains. Goblins are encamped with the Tarkrîp Orcs in Malenhad in Angmar.&#13;&#10;&#13;&#10;Baillindiel asked you to bring her matted snowbeast-fur and brimstone-tinged Tarkrîp-plates.&#13;&#10;• Turn in Matted Snowbeast-fur&#13;&#10;• Turn in Brimstone-tinged Tarkrîp-plate&#13;&#10;Objective 2:&#13;&#10;Baillindiel is at the Elf-harbour of Celondim, in Ered Luin.&#13;&#10;&#13;&#10;Baillindiel is waiting for you to return with the first set of components.&#13;&#10;• Talk to Baillindiel&#13;&#10;• Turn in Matted Snowbeast-fur&#13;&#10;• Turn in Brimstone-tinged Tarkrîp-plate&#13;&#10;Objective 3:&#13;&#10;Worms can be found in Angmar. Wights can be found in Imlad Balchorth in Angmar.&#13;&#10;&#13;&#10;Baillindiel asked you to bring her clouded worm-eyes and revered wight-remains.&#13;&#10;• Turn in Clouded Worm Eye&#13;&#10;• Turn in Revered Wight Remains&#13;&#10;Objective 4:&#13;&#10;Baillindiel is at the Elf-harbour of Celondim, in Ered Luin.&#13;&#10;&#13;&#10;Baillindiel is waiting for you to return with the second set of components.&#13;&#10;• Bring second set of components to Baillindiel (Baillindiel)&#13;&#10;• Turn in Clouded Worm Eye&#13;&#10;• Turn in Revered Wight Remains&#13;&#10;Objective 5:&#13;&#10;Tarlûg can be found at Carn Dûm in Angmar. Goblins can be found at Urugarth in Angmar.&#13;&#10;&#13;&#10;Baillindiel asked you to bring her an ashen Gorthorog-horn and a goblin-badge of rank.&#13;&#10;• Turn in Ashen Gorthorog Horn&#13;&#10;• Turn in Goblin Badge of Rank&#13;&#10;Objective 6:&#13;&#10;Baillindiel is at the Elf-harbour of Celondim, in Ered Luin.&#13;&#10;&#13;&#10;Baillindiel is waiting for you to return with the last set of components.&#13;&#10;• Bring last set of components to Baillindiel (Baillindiel)&#13;&#10;• Turn in Ashen Gorthorog Horn&#13;&#10;• Turn in Goblin Badge of Rank">
<requiredClass name="Minstrel"/>
<rewards>
<money gold="0" silver="49" copper="70"/>
<object name="Distilled Athelas Essence" pageURL="/wiki/Item:Distilled_Athelas_Essence" iconURL="http://content.turbine.com/sites/lorebook.lotro.com/images/icons/item/potion/it_potion_morale_instant_tier5.png" quantity="5"/>
<selectOneOf>
<object name="Ring of Harmony" pageURL="/wiki/Item:Ring_of_Harmony" iconURL="http://content.turbine.com/sites/lorebook.lotro.com/images/icons/item/jewelry/eq_class_ring_03.png" quantity="1"/>
<object name="Necklace of Harmony" pageURL="/wiki/Item:Necklace_of_Harmony" iconURL="http://content.turbine.com/sites/lorebook.lotro.com/images/icons/item/jewelry/eq_class_necklace_02.png" quantity="1"/>
</selectOneOf>
</rewards>
</quest>
