<?xml version="1.0" encoding="UTF-8"?>
<quest id="1879048442" key="The_Darkness_Within" title="The Darkness Within" category="Fornost" scope="" questArc="Wraiths of Fornost" minimumLevel="37" type="STANDARD" size="FELLOWSHIP" faction="FREE_PEOPLES" repeatable="false" instanced="false" description="Ranger-scouts reported that there were wraiths within the ruins of Fornost." bestower="Halbarad (NPC)" bestowerText="'Word has come to me from our scouts outside the gates of Fornost that powerful wraiths have been seen within the city. I do not doubt the words of my men, and if these spirits are indeed who I believe them to be, there is a greater evil there that we have not yet perceived.&#13;&#10;&#13;&#10;'These wraiths must be the spirits of the four traitors that aided Angmar in the downfall of the Kings' Norbury. In the last stand against the Enemy, a great treachery occurred and the gates of the city were thrown down. Legend tells that the men were bewitched by the Witch-king's champion, a woman named Amarthiel. If these wraiths are indeed these men they must be dealt with.&#13;&#10;&#13;&#10;'I would ask that you visit Istuienn, who is learned in these matters. She may be able to assist you in finding some way of ending the threat of these new foes.'" objectives="Objective 1:&#13;&#10;Istuienn can be found outside the library in Esteldín.&#13;&#10;&#13;&#10;Halbarad suggested that you speak with Istuienn, a lore-master of the Rangers. She might know how to defeat the wraiths of Fornost.&#13;&#10;• Talk to Istuienn&#13;&#10;Objective 2:&#13;&#10;The morgul-hilts are in the possession of the four wraiths within Fornost.&#13;&#10;&#13;&#10;Istuienn believes that you may be able to find and recover the hilts of the four morgul-blades discussed in Laerdan's text inside the ruins of Fornost.&#13;&#10;• Turn in Remmenaeg's Morgul-hilt&#13;&#10;• Turn in Brogadan's Morgul-hilt&#13;&#10;• Turn in Rhavameldir's Morgul-hilt&#13;&#10;• Turn in Megoriath's Morgul-hilt&#13;&#10;Objective 3:&#13;&#10;Istuienn is outside the library in Esteldín.&#13;&#10;&#13;&#10;You should bring the four morgul-hilts to Istuienn at once.&#13;&#10;• Talk to Istuienn&#13;&#10;• Turn in Remmenaeg's Morgul-hilt&#13;&#10;• Turn in Brogadan's Morgul-hilt&#13;&#10;• Turn in Rhavameldir's Morgul-hilt&#13;&#10;• Turn in Megoriath's Morgul-hilt">
<nextQuests>
<nextQuest name="The_Shadow_Falls"/>
</nextQuests>
<rewards>
<money gold="0" silver="44" copper="10"/>
<reputation>
<reputationItem faction="Rangers of Esteldín" amount="1200"/>
</reputation>
<object name="Ríangol" pageURL="/wiki/Armour:Ríangol" iconURL="http://content.turbine.com/sites/lorebook.lotro.com/images/icons/item/back/eq_northdowns_back_07.png" quantity="1"/>
</rewards>
</quest>
