<?xml version="1.0" encoding="UTF-8"?>
<quest id="1879049959" key="Fallen_Oak" title="Fallen Oak" category="Lone-lands" scope="" questArc="Tainted Living" minimumLevel="25" type="STANDARD" size="SOLO" faction="FREE_PEOPLES" repeatable="false" instanced="false" description="Somehow the very essence of the Red Swamp has been corrupted. Radagast the Brown, a Wizard who has come to Agamaur, seeks to learn the cause." bestower="Radagast the Brown (NPC)" bestowerText="'This is a most terrible day for all of us. I have learned from Dannasen that the swamp was corrupted long ago during the wars, and the continued corruption is the work of a creature he calls the Red-maid. I glean that this Red-maid was once one of the gentle River-maidens who fell to the terrible corruption of her lands. Her hand now destroys all it touches.&#13;&#10;&#13;&#10;'Alas, there is a great Huorn here, Gloomleaf, that has been swayed by the Red-maid's grasp, and its hatred stirs the other Huorns. Sadly, this old and great creature must be destroyed. I am sure you will find Gloomleaf somewhere to the north-west among the other Huorns.&#13;&#10;&#13;&#10;'You must put this poor creature to rest.'" objectives="Objective 1:&#13;&#10;Gloomleaf can be found in the north-west of Agamaur.&#13;&#10;&#13;&#10;Radagast the Brown has tasked you with destroying the corrupted creatures of Agamaur in an effort to cleanse the Gaunt-lord Ivar's evil from the swamp. In your absence, he learned of a great Huorn that was corrupted and is the force stirring the other Huorns. He has asked you to destroy Gloomleaf.&#13;&#10;• Kill 1 Gloomleaf&#13;&#10;Objective 2:&#13;&#10;Radagast is in the Eglain camp in the southern reaches of Agamaur, near the entrance.&#13;&#10;&#13;&#10;Radagast sent you to destroy the great Huorn Gloomleaf in an effort to cleanse Ivar's evil from Agamaur. The deed done, it is time to return to Radagast with the tragic news of your success.&#13;&#10;• Talk to Radagast the Brown">
<prerequisites>
<prerequisite name="Vol._I%2C_Book_2%2C_Chapter_15%3A_%28Fellowship%29The_Red-pass"/>
<prerequisite name="Vol._I%2C_Book_2%2C_Chapter_15_%28Solo%29%3A_The_Red-pass"/>
</prerequisites>
<rewards>
<money gold="0" silver="17" copper="85"/>
<reputation>
<reputationItem faction="Eglain" amount="700"/>
</reputation>
<selectOneOf>
<object name="Gauntlets of the Brown Wizard" pageURL="/wiki/Armour:Gauntlets_of_the_Brown_Wizard" iconURL="http://content.turbine.com/sites/lorebook.lotro.com/images/icons/item/hands/eq_lonelands_heavy_hands_02.png" quantity="1"/>
<object name="Mace of the Brown Wizard" pageURL="/wiki/Weapon:Mace_of_the_Brown_Wizard" iconURL="http://content.turbine.com/sites/lorebook.lotro.com/images/icons/item/weapon_mace/eq_lonelands_1hmace_03.png" quantity="1"/>
<object name="Hammer of the Brown Wizard" pageURL="/wiki/Weapon:Hammer_of_the_Brown_Wizard" iconURL="http://content.turbine.com/sites/lorebook.lotro.com/images/icons/item/weapon_sword/eq_lonelands_2hhammer_01.png" quantity="1"/>
<object name="Band of the Brown Wizard" pageURL="/wiki/Item:Band_of_the_Brown_Wizard" iconURL="http://content.turbine.com/sites/lorebook.lotro.com/images/icons/item/jewelry/eq_lonelands_bracelet_05.png" quantity="1"/>
</selectOneOf>
</rewards>
</quest>
