<?xml version="1.0" encoding="UTF-8"?>
<quest id="1879048625" key="The_Northern_Cousin" title="The Northern Cousin" category="Angmar" scope="" questArc="" minimumLevel="43" type="STANDARD" size="SOLO" faction="FREE_PEOPLES" repeatable="false" instanced="false" description="Hwati in Gabilshathûr thinks his cousin to the north in Myrkworth may have need for your help." bestower="Hwati (Dwarf)" bestowerText="'You have been a great help to us here, (your name), but my cousin Eiláf is facing a whole different set of problems up to the north and might have need for your help as well. He is helping to oversee a small outpost we have built there. It is called Myrkworth, and it rests within Imlad Balchorth.&#13;&#10;&#13;&#10;'If you wish to continue to help us, travel to Myrkworth and find my cousin Eiláf. Myrkworth lies north of here atop a high hill in that treacherous land.&#13;&#10;&#13;&#10;'Oh, and if you do make it to Myrkworth, give Eiláf my regards!'" objectives="Objective 1:&#13;&#10;Myrkworth lies in Imlad Balchorth atop a high hill, north of Gabilshathûr.&#13;&#10;&#13;&#10;Hwati has asked you to travel to Myrkworth and speak with his cousin, Eiláf.&#13;&#10;• Talk to Eiláf">
<prerequisites>
<prerequisite name="A_Dire_Need"/>
<prerequisite name="Weapons_of_the_Orcs"/>
<prerequisite name="The_Orc-raid"/>
<prerequisite name="Master_of_Maethad"/>
<prerequisite name="The_Scent_of_Mithril"/>
</prerequisites>
<rewards>
<money gold="0" silver="24" copper="15"/>
</rewards>
</quest>
