<?xml version="1.0" encoding="UTF-8"?>
<quest id="1879048260" key="Vengeance_for_the_Lost" title="Vengeance for the Lost" category="Lone-lands" scope="" questArc="Vengeance for the Lost" minimumLevel="18" type="STANDARD" size="SOLO" faction="FREE_PEOPLES" repeatable="false" instanced="false" description="Gadaric Munce desires that vengeance be visited upon the goblins who drove his people from the ruins of Minas Eriol." bestower="Gadaric Munce (NPC)" bestowerText="'Our people suffered an attack that cost many lives, and who knows how many more will be dead of starvation before the year is spent? The goblins must pay for this foul treachery.&#13;&#10;&#13;&#10;'You carry yourself as one familiar with battle. Would you go to the ruins of Minas Eriol, south-east of this inn and destroy the goblins you find there? The Eglain deserve vengeance.'" objectives="Objective 1:&#13;&#10;Goblins can be found in the ruins of Minas Eriol, south-east of The Forsaken Inn.&#13;&#10;&#13;&#10;Goblins slaughtered many of the Eglain, and Gadaric Munce wants to revisit these losses upon the evil creatures. He bade you go to the ruins where the attack took place and defeat any goblins you find there.&#13;&#10;• Defeat White Hand Guards ($NUMBER$/$TOTAL$) (White Hand Guard)&#13;&#10;• Defeat White Hand Spear-throwers ($NUMBER$/$TOTAL$) (White Hand Spear-thrower)&#13;&#10;• Defeat White Hand Thrasher (White Hand Thrasher)&#13;&#10;Objective 2:&#13;&#10;Gadaric Munce is at The Forsaken Inn.&#13;&#10;&#13;&#10;You found your prey within the ruins and dispatched them, avenging those of the Eglain slain at the hands of the goblins. Gadaric Munce will wish to hear of your victory.&#13;&#10;• Talk to Gadaric Munce (Gadaric Munce)">
<nextQuests>
<nextQuest name="My_Brother_Hunulf"/>
</nextQuests>
<rewards>
<money gold="0" silver="8" copper="50"/>
<reputation>
<reputationItem faction="Eglain" amount="1200"/>
</reputation>
<selectOneOf>
<object name="Gadaric's Blade" pageURL="/wiki/Weapon:Gadaric's_Blade" iconURL="http://content.turbine.com/sites/lorebook.lotro.com/images/icons/item/weapon_sword/eq_lonelands_1hsword_06.png" quantity="1"/>
<object name="Munce's Stone" pageURL="/wiki/Weapon:Munce's_Stone" iconURL="http://content.turbine.com/sites/lorebook.lotro.com/images/icons/item/weapon_orb/eq_lonelands_orb_fire_03.png" quantity="1"/>
<object name="Gadaric's Vengeance" pageURL="/wiki/Item:Gadaric's_Vengeance" iconURL="http://content.turbine.com/sites/lorebook.lotro.com/images/icons/item/jewelry/eq_lonelands_necklace_08.png" quantity="1"/>
</selectOneOf>
</rewards>
</quest>
