<?xml version="1.0" encoding="UTF-8"?>
<quest id="1879051451" key="Angmar%27s_Dead" title="Angmar's Dead" category="Lone-lands" scope="" questArc="Angmar's Army" minimumLevel="26" type="STANDARD" size="SOLO" faction="FREE_PEOPLES" repeatable="false" instanced="false" description="You were able to defeat a number of the darkwater, but the corrupted swamp is not lacking in water. There are other threats in the swamp also growing, such as the army of wights Ivar is raising." bestower="Eriac the Strong (NPC)" bestowerText="'Prove yourself fit to help rid us of the armies that are being raised here. The strange creature, Ivar, has the power to summon evil spirits and instill them in the remains of the dead, of which this swamp is not lacking. We cannot let this happen. This evil cannot be allowed to grow in power.&#13;&#10;&#13;&#10;'In the southwestern reaches of Agamaur there lie many ruins teeming with wights. Lurking in those ruins there must be the gaunt-men who command them! If you kill the gaunt-men protectors, the curses binding the wights might be broken.&#13;&#10;&#13;&#10;'I do not know if this will succeed, but it cannot be a bad thing for creatures such as the gaunt-men to be removed from the Enemy's service.'" objectives="Objective 1:&#13;&#10;The gaunt-men protectors who command the wights might be lurking in the ruins in the southwestern reaches of Agamaur.&#13;&#10;&#13;&#10;Prove your valour to Eriac. He has set you the task of dealing with the gaunt-men who lead Ivar's wights in the hopes that the curses binding the wights might be broken.&#13;&#10;• Kill 3 Gaunt Protector&#13;&#10;Objective 2:&#13;&#10;Eriac awaits you at the Eglain camp in the southern reaches of Agamaur.&#13;&#10;&#13;&#10;Eriac set you to the task of killing the gaunt-men protectors, a task which you proved equal to. You should return to Eriac with your report.&#13;&#10;• Talk to Eriac the Strong">
<nextQuests>
<nextQuest name="Fell_Spirits"/>
</nextQuests>
<rewards>
<money gold="0" silver="18" copper="20"/>
<reputation>
<reputationItem faction="Eglain" amount="700"/>
</reputation>
<object name="Beleglos" pageURL="/wiki/Item:Beleglos" iconURL="http://content.turbine.com/sites/lorebook.lotro.com/images/icons/item/jewelry/eq_lonelands_earring_04.png" quantity="1"/>
<selectOneOf>
<object name="Eriac's Resolve" pageURL="/wiki/Armour:Eriac's_Resolve" iconURL="http://content.turbine.com/sites/lorebook.lotro.com/images/icons/item/back/eq_lonelands_back_12.png" quantity="1"/>
<object name="Eriac's Choker" pageURL="/wiki/Item:Eriac's_Choker" iconURL="http://content.turbine.com/sites/lorebook.lotro.com/images/icons/item/jewelry/eq_lonelands_necklace_11.png" quantity="1"/>
</selectOneOf>
</rewards>
</quest>
