<?xml version="1.0" encoding="UTF-8"?>
<quest id="1879050166" key="Purging_the_Dead" title="Purging the Dead" category="Great Barrows" scope="" questArc="Calming the Wake" minimumLevel="19" type="STANDARD" size="FELLOWSHIP" faction="FREE_PEOPLES" repeatable="false" instanced="false" description="The guides of Bree admit now that they should have been more cautious. Bob Redthistle believes now that they must do their part to destroy the fell creatures rising, as legend once told, throughout the Barrow-downs." bestower="Bob Redthistle (NPC)" bestowerText="'You've done good work dealing with those old wights, but I'll be honest with you, (your name)...these are creatures of legend! And the legend runs deeper than these mounds can provide.&#13;&#10;&#13;&#10;'The Great Barrow, called Othrongroth long ago, has always been a place that few are brave enough to face, because of the legends of the powerful beings that once walked there. With the return of these legendary creatures throughout the Barrow-downs, I can only assume that more have risen within the Great Barrow. Othrongroth lies towards the southern end of the Barrow-downs.&#13;&#10;&#13;&#10;'Stout or not, I'd not go it alone, if I were you. That Great Barrow is sure to be a bad place. Maybe you should take some friends?'" objectives="Objective 1:&#13;&#10;The Great Barrow is at the southern end of the Barrow-downs.&#13;&#10;&#13;&#10;Bob Redthistle has asked you to enter the Great Barrow and keep more wights from getting out. He recommended that you take friends with you.&#13;&#10;• Defeat wights in the Great Barrow (25)&#13;&#10;Objective 2:&#13;&#10;Bob Redthistle awaits your return at Dead Man's Perch, between the north and south Barrow-downs.&#13;&#10;&#13;&#10;You should return to Bob Redthistle and let him know that you have destroyed many wights within the Great Barrow.&#13;&#10;• Talk to Bob Redthistle at Dead Man's Perch (Bob Redthistle)">
<prerequisites>
<prerequisite name="Calming_the_Wake"/>
</prerequisites>
<rewards>
<money gold="0" silver="20" copper="0"/>
<reputation>
<reputationItem faction="Men of Bree" amount="1200"/>
</reputation>
<selectOneOf>
<object name="Grimbriar's Knife" pageURL="/wiki/Weapon:Grimbriar's_Knife" iconURL="http://content.turbine.com/sites/lorebook.lotro.com/images/icons/item/weapon_dagger/eq_breeland_dagger_05.png" quantity="1"/>
<object name="Yellowtusk Spear" pageURL="/wiki/Weapon:Yellowtusk_Spear" iconURL="http://content.turbine.com/sites/lorebook.lotro.com/images/icons/item/weapon_spear/eq_breeland_spear_02.png" quantity="1"/>
<object name="Chief Watcher's Bow" pageURL="/wiki/Weapon:Chief_Watcher's_Bow" iconURL="http://content.turbine.com/sites/lorebook.lotro.com/images/icons/item/weapon_bow/eq_breeland_bow_02.png" quantity="1"/>
</selectOneOf>
</rewards>
</quest>
