<?xml version="1.0" encoding="UTF-8"?>
<quest id="1879054455" key="Defending_the_Herd" title="Defending the Herd" category="North Downs" scope="" questArc="The Last Farm" minimumLevel="21" type="STANDARD" size="FELLOWSHIP" faction="FREE_PEOPLES" repeatable="false" instanced="false" description="Your attacks on the Orcs in Gatson's fields has stirred their peers' wrath. Gatson expects a raid at any moment." bestower="Gatson (NPC)" bestowerText="'It's my fault, I guess, but when you killed those Orcs in my fields, the rest of their ilk got pretty stirred up. I think they're getting ready to raid my herd, grazing to the south of here.&#13;&#10;&#13;&#10;'I'd like you to go down there and help my man Alwin defend the herd from those Orcs. Alwin's a fair hand with a bow, but he's no fighter. Them Orcs will finish my herd quick, and maybe worse. Make sure Alwin doesn't get hurt on my account!&#13;&#10;&#13;&#10;'I think you'd best bring some friends with you. I don't think the Orcs will be caught unawares this time.'" objectives="Objective 1:&#13;&#10;Gatson's man Alwin is with the herd, south of the farm.&#13;&#10;&#13;&#10;Gatson has asked you to help his farmhand, Alwin, defend his herd from the marauding Orcs. Make sure neither Alwin nor any of the herd come to harm.&#13;&#10;• Talk to Gatson's farmhand Alwin&#13;&#10;Objective 2:&#13;&#10;Gatson is at his farm, north of the fields where his herd grazes.&#13;&#10;&#13;&#10;You and Alwin managed to stave off the Orcs' raid on Gatson's herd. You should return to the farm and tell Gatson.&#13;&#10;• Talk to Gatson">
<prerequisites>
<prerequisite name="The_Orc_Threat"/>
</prerequisites>
<nextQuests>
<nextQuest name="Spoiler_Raid"/>
</nextQuests>
<rewards>
<money gold="0" silver="20" copper="80"/>
<object name="Gatson's Shoulder Pads" pageURL="/wiki/Armour:Gatson's_Shoulder_Pads" iconURL="http://content.turbine.com/sites/lorebook.lotro.com/images/icons/item/shoulders/eq_northdowns_light_shoulder_01.png" quantity="1"/>
</rewards>
</quest>
