<?xml version="1.0" encoding="UTF-8"?>
<quest id="1879052242" key="Vol._I,_Book_5,_Chapter_6:_In_the_Steps_of_Evil" title="Vol. I, Book 5, Chapter 6: In the Steps of Evil" category="Epic - Vol. I, Book 5: The Last Refuge" scope="Epic" questArc="Volume I, Book 5: The Last Refuge" minimumLevel="38" type="EPIC" size="SOLO" faction="FREE_PEOPLES" repeatable="false" instanced="false" description="Upon hearing that the Nazgûl fled to Helegrod, Glóin told you some of the tale of that ancient fortress." bestower="Glóin (NPC)" bestowerText="'If you have a moment, allow me to tell you some of the tale of Helegrod, the ruins of which lie north of here. The tale may shed light on what the Rider seeks to accomplish, though I cannot guess what that might be. Helegrod was delved beneath the mountain of Orod Lostol; it remained the northern-most outpost of Khazad-dûm for long years. Mithril was never found there, but a good many other stones and riches were. Those riches drew a dragon to Helegrod. Thorog, he was named; he slew all the dwarves and made his bed in Helegrod's treasury.&#13;&#10;&#13;&#10;'In Khazad-dûm, which the Elves call Moria, Durin marshalled a company of dwarves to journey to Helegrod and slay the beast. Thorog was defeated, but Durin was slain by the dragon's dying breath. He was the fifth of that name; the next, too, had a sad end, but I will not speak of that now. Dwarves sought to reclaim Helegrod in the years that followed, but death hung heavy over that place and they abandoned the halls and removed Helegrod's riches to Khazad-dûm.&#13;&#10;&#13;&#10;'I do not know what the Rider might seek to gain by taking to Helegrod. Perhaps he simply wants to fortify it, but I would wager there is more to this deed than we can see. Perhaps by scouting the borders of Helegrod we can learn more of his plans. Do not attempt to enter Helegrod itself--too many dark things linger there--but instead seek the outer treasury. Search near Nan Gongarag.'" objectives="Objective 1:&#13;&#10;Helegrod is north of Glóin's camp. The outer treasury is near Nan Gongarag.&#13;&#10;&#13;&#10;Glóin thinks you may be able to learn what the Nazgûl's plan for Helegrod is by scouting the borders of that abandoned hall for the entrance to the treasury. He warned you not to enter Helegrod itself, for it is guarded too strongly by dark things.&#13;&#10;• Scout the borders of Helegrod&#13;&#10;Objective 2:&#13;&#10;Helegrod is north of Glóin's camp.&#13;&#10;&#13;&#10;At the entrance to Helegrod's treasury you encountered wights. You should defeat one and search its remains for some clue as to what brought it here.&#13;&#10;• Bring the Sigil of Drugoth to Glóin (Glóin)&#13;&#10;• Turn in Sigil of Drugoth">
<prerequisites>
<prerequisite name="Vol._I%2C_Book_5%2C_Chapter_5%3A_The_Last_Refuge"/>
</prerequisites>
<nextQuests>
<nextQuest name="Vol._I%2C_Book_5%2C_Chapter_7%3A_Evil_Tidings"/>
</nextQuests>
<rewards>
<money gold="0" silver="22" copper="40"/>
<reputation>
<reputationItem faction="Thorin's Hall" amount="500"/>
</reputation>
</rewards>
</quest>
