<?xml version="1.0" encoding="UTF-8"?>
<quest id="1879048360" key="Vol._I,_Book_7,_Chapter_7:_The_Key_Forged" title="Vol. I, Book 7, Chapter 7: The Key Forged" category="Epic - Vol. I, Book 7: The Hidden Hope" scope="Epic" questArc="Volume I, Book 7: The Hidden Hope" minimumLevel="44" type="EPIC" size="SOLO" faction="FREE_PEOPLES" repeatable="false" instanced="false" description="After retrieving Thrór's Hammer and the necessary materials, Dwalin's smith, Litli, forged for you a mithril key that should allow you to pass the gates of Carn Dûm." bestower="Litli (NPC)" bestowerText="'A key to Carn Dûm...who would have dreamed anyone would wish to enter that accursed city.&#13;&#10;&#13;&#10;'Well, there is little else that I can do for you. You should return now to your task.&#13;&#10;&#13;&#10;'Good fortune to you, (your name).'" objectives="Objective 1:&#13;&#10;Lorniel awaits your return at Gath Forthnír in eastern Angmar.&#13;&#10;&#13;&#10;You should return with the key to Lorniel.&#13;&#10;• Talk to Lorniel&#13;&#10;• Turn in Key to the Gates of Carn Dûm">
<prerequisites>
<prerequisite name="Vol._I%2C_Book_7%2C_Chapter_6%3A_Thr%C3%B3r%27s_Hammer"/>
</prerequisites>
<nextQuests>
<nextQuest name="Vol._I%2C_Book_7%2C_Chapter_8%3A_The_Gates_of_Carn_D%C3%BBm"/>
</nextQuests>
<rewards>
<money gold="0" silver="24" copper="50"/>
</rewards>
</quest>
