<?xml version="1.0" encoding="UTF-8"?>
<quest id="1879057771" key="The_Arena_of_Maethad" title="The Arena of Maethad" category="Angmar" scope="" questArc="Master of the Maethad" minimumLevel="42" type="STANDARD" size="FELLOWSHIP" faction="FREE_PEOPLES" repeatable="false" instanced="false" description="To the north-east of Gabilshathûr is a place named \qMaethad\q. Here, trolls and their Gorthorog-masters train to fight and lead Angmar's armies." bestower="Hwati (Dwarf)" bestowerText="'Ah, welcome to you! It is good to have unexpected allies in our struggle to survive! It feels that -- after many years of hiding in the shadow of Angmar -- we can now finally strike back!&#13;&#10;&#13;&#10;'In this matter, you may be able to help. To the north and east there is a place called &quot;Maethad.&quot; It is a great arena in which those of troll-kind, especially the Gertheryg, train for battle. Those who survive the arena go on to lead and train others of Angmar. Striking at this arena would deal a blow to Angmar's ability to raise and train its army!&#13;&#10;&#13;&#10;'To end this threat, we must first defeat those who are training within the arena's walls, then we can move on and crush those who lead the training efforts. Go and reduce the number of the Gertheryg and trolls within Maethad.'" objectives="Objective 1:&#13;&#10;The arena of Maethad is north and east of Gabilshathûr.&#13;&#10;&#13;&#10;Hwati has asked you to find the arena and thin the numbers of Gertheryg and trolls training within.&#13;&#10;• Defeat Gertheryg in Maethad (8)&#13;&#10;• Defeat trolls in Maethad (8)&#13;&#10;Objective 2:&#13;&#10;Hwati is back at Gabilshathûr, west and south of Maethad.&#13;&#10;&#13;&#10;Having defeated a number of Gertheryg and trolls, you should return to Hwati.">
<prerequisites>
<prerequisite name="Vol._I%2C_Book_6%2C_Chapter_6%3A_Challenging_the_Stone"/>
</prerequisites>
<nextQuests>
<nextQuest name="Champion_of_Maethad"/>
<nextQuest name="Gem-hunter"/>
</nextQuests>
<rewards>
<money gold="0" silver="38" copper="8"/>
<selectOneOf>
<object name="Hwati's Cloak" pageURL="/wiki/Armour:Hwati's_Cloak" iconURL="http://content.turbine.com/sites/lorebook.lotro.com/images/icons/item/back/eq_angmar_back_07.png" quantity="1"/>
<object name="Lainis" pageURL="/wiki/Weapon:Lainis" iconURL="http://content.turbine.com/sites/lorebook.lotro.com/images/icons/item/weapon_staff/eq_angmar_staff_05.png" quantity="1"/>
</selectOneOf>
</rewards>
</quest>
