<?xml version="1.0" encoding="UTF-8"?>
<quest id="1879054254" key="An_Urgent_Message" title="An Urgent Message" category="North Downs" scope="" questArc="" minimumLevel="18" type="STANDARD" size="SOLO" faction="FREE_PEOPLES" repeatable="false" instanced="false" description="The refugees at Amon Raith are restless about the state of their homes and want something done about the Wargs that have invaded northern Annúndir." bestower="Amarion (NPC)" bestowerText="'It might be nothing, (your name), but I would swear that I saw...Aye! Look there! A goblin, running with great speed out of the north and towards their camp! What errand could have given him the need for such haste?&#13;&#10;&#13;&#10;'He has reached the camp. He was likely an errand-runner, and such urgency can mean only ill-tidings for the people here.&#13;&#10;&#13;&#10;'If I can ask you one more favour, I would have you journey into the goblin camp on the southern slopes of Annúndir, to the east. Defeat the Stonehold Chief there, and return with whatever message he was given. It may already be too late, but I would know what doom this goblin-runner's errand signifies.'" objectives="Objective 1:&#13;&#10;The Stonehold Chief is in the goblin camp on the southern hills of Annúndir, east of Amon Raith.&#13;&#10;&#13;&#10;Amarion has asked you to retrieve the message that was delivered to the Stonehold Chief in southern Annúndir.&#13;&#10;• Turn in Urgent Goblin-message&#13;&#10;Objective 2:&#13;&#10;The Ranger Amarion is at Amon Raith.&#13;&#10;&#13;&#10;Amarion will want to see the message you recovered from the body of the goblin-chief.&#13;&#10;• Talk to Amarion&#13;&#10;• Turn in Urgent Goblin-message">
<prerequisites>
<prerequisite name="The_Scout_Becomes_the_Hunter"/>
<prerequisite name="Wargs_of_Ann%C3%BAndir"/>
</prerequisites>
<rewards>
<money gold="0" silver="8" copper="50"/>
<object name="Skyn-hálm" pageURL="/wiki/Armour:Skyn-hálm" iconURL="http://content.turbine.com/sites/lorebook.lotro.com/images/icons/item/head/eq_northdowns_heavy_head_01.png" quantity="1"/>
</rewards>
</quest>
