<?xml version="1.0" encoding="UTF-8"?>
<quest id="1879057770" key="Champion_of_Maethad" title="Champion of Maethad" category="Angmar" scope="" questArc="Master of the Maethad" minimumLevel="43" type="STANDARD" size="FELLOWSHIP" faction="FREE_PEOPLES" repeatable="false" instanced="false" description="Hwati told you that to truly end the threat of Maethad, you must defeat its master, Khurrákh. However, this Gorthorog will only fight you if you can prove yourself worthy of his attention." bestower="Hwati (Dwarf)" bestowerText="'We have had a stroke of luck! While you were away, a dwarf-prospector returned and told us that he saw Ronkûrz entering the Orc-encampment of Mor Maudhúl. No doubt he is going there to train the Uruks, but being away from the arena leaves him vulnerable!&#13;&#10;&#13;&#10;'Wait, wait, I am getting ahead of myself. Allow me to explain my plan. You see, to truly end Maethad's threat, we must defeat its master, a Gorthorog named &quot;Khurrákh.&quot; Khurrákh rarely shows himself though, and only fights those he deems worthy of his attention. Ronkûrz, another Gorthorog and current champion of Maethad, is his prize student. If you were to defeat him and claim one of his maces, Khurrákh would have to fight you!&#13;&#10;&#13;&#10;'Mor Maudhúl lies to the north of here, on the far side of the foul lake in Duvuinen. Ronkûrz should be found somewhere within the encampment. Hurry now!'" objectives="Objective 1:&#13;&#10;Ronkûrz, the champion of Maethad, can be found training Uruks within the the Orc encampment of Mor Maudhúl, north of Gabilshathûr, on the far side of the lake in Duvuinen.&#13;&#10;&#13;&#10;Once you have claimed one of Ronkûrz's maces, bring it back to Hwati in Gabilshathûr.&#13;&#10;• Bring Ronkûrz's mace to Hwati&#13;&#10;• Turn in Ronkûrz' Mace">
<prerequisites>
<prerequisite name="The_Arena_of_Maethad"/>
</prerequisites>
<nextQuests>
<nextQuest name="Master_of_Maethad"/>
</nextQuests>
<rewards>
<money gold="0" silver="38" copper="64"/>
</rewards>
</quest>
