<?xml version="1.0" encoding="UTF-8"?>
<quest id="1879049860" key="Vol._I,_Book_2,_Chapter_11:_The_Stone-speaker" title="Vol. I, Book 2, Chapter 11: The Stone-speaker" category="Epic - Vol. I, Book 2: The Red Maid" scope="Epic" questArc="Volume I, Book 2: The Red Maid" minimumLevel="24" type="EPIC" size="SOLO" faction="FREE_PEOPLES" repeatable="false" instanced="false" description="Radagast wants to learn what drew a creature such as Ivar to the Red Swamp. He thinks that something could be learned from one of the Eglain." bestower="Radagast the Brown (NPC)" bestowerText="'This land was the site of many battles in the past. Some say the swamp takes its name from the blood of fallen Men that stains the earth red. But my knowledge of the swamp's history is limited.&#13;&#10;&#13;&#10;'I do know of a man named Aric, a wise man of the Eglain, though only by reputation. He is a Stone-speaker, a scholar who studies the stones and collects knowledge from their markings. Aric knows much of the local lore.&#13;&#10;&#13;&#10;'Travel to him and ask for his help. He currently dwells south of here, beyond Talath Gaun, down in Harloeg. He may provide us with the knowledge we seek.'" objectives="Objective 1:&#13;&#10;Aric is south of Ost Guruth, beyond Talath Gaun, down in Harloeg.&#13;&#10;&#13;&#10;Radagast spoke of a man named Aric the Stone-speaker. Aric may be able to tell you the history of the Red Swamp.&#13;&#10;• Talk to Aric the Stone-speaker in Harloeg (Aric the Stone-speaker)">
<prerequisites>
<prerequisite name="Vol._I%2C_Book_2%2C_Chapter_10%3A_Breeders_of_the_Dead"/>
</prerequisites>
<nextQuests>
<nextQuest name="Vol._I%2C_Book_2%2C_Chapter_12%3A_A_Dead_Man%27s_Challenge"/>
<nextQuest name="The_Stone-speaker"/>
</nextQuests>
<rewards>
<money gold="0" silver="17" copper="50"/>
</rewards>
</quest>
