<?xml version="1.0" encoding="UTF-8"?>
<quest id="1879048528" key="Flare_For_Danger" title="Flare For Danger" category="Shire" scope="" questArc="Lobelia's Fireworks" minimumLevel="7" type="STANDARD" size="SOLO" faction="FREE_PEOPLES" repeatable="false" instanced="false" description="Paladin Took is certain that a band of brigands stole Hyacinth's fireworks and is planning to use them for harmful purposes." bestower="Thain Paladin Took II (NPC)" bestowerText="'There are some Big Folk -- ruffians or brigands, most likely -- camping in the south-west part of the Marish, not far from Woodhall. The camp is at Narrowcleeve, and there is a ford near the brink of a waterfall that can bring you up to the heights. I've received many complaints about them, and I've asked the Shirriffs to deal with them, but assembling enough Bounders has been difficult.&#13;&#10;&#13;&#10;'I've heard rumours of strange lights in the sky around the Marish. Now that you remind me of those fireworks, I think that perhaps one of the ruffians must have stolen them from Hyacinth.&#13;&#10;&#13;&#10;'Those fireworks could be very dangerous in the wrong hands. Who knows what mischief they could cause with them? We have no time to gather Bounders, now. You must destroy those fireworks at once!'" objectives="Objective 1:&#13;&#10;The brigand encampment is at Narrowcleeve, the heights in the south-west part of the Marish, not far from Woodhall. You can enter the camp by crossing a ford near the brink of a waterfall.&#13;&#10;&#13;&#10;Shirriff Robin Smallburrow sent you to speak with Paladin Took, the Thain of the Shire, about Hyacinth's stolen fireworks. The Thain suggested that they may have been stolen by a band of ruffians camped in the Marish and sent you to destroy the fireworks.&#13;&#10;• Use Fireworks-crate&#13;&#10;Objective 2:&#13;&#10;The Thain is at the Great Smials in Tuckborough.&#13;&#10;&#13;&#10;The Thain, Paladin Took, sent you to destroy Hyacinth Took's stolen fireworks at a brigand encampment. With victory in hand, you should return to the Thain at once.&#13;&#10;• Talk to Thain Paladin Took II">
<prerequisites>
<prerequisite name="By_Hook_or_By_Crook"/>
</prerequisites>
<nextQuests>
<nextQuest name="The_End_of_the_Matter"/>
</nextQuests>
<rewards>
<money gold="0" silver="1" copper="60"/>
<object name="Gift Mathom" pageURL="/wiki/Item:Gift_Mathom" iconURL="http://content.turbine.com/sites/lorebook.lotro.com/images/icons/item/reputation/it_reputation_shire_mathoms_gift.png" quantity="1"/>
<selectOneOf>
<object name="Firework Starter" pageURL="/wiki/Weapon:Firework_Starter" iconURL="http://content.turbine.com/sites/lorebook.lotro.com/images/icons/item/weapon_mace/eq_shire_1hclub_02.png" quantity="1"/>
<object name="Paladin's Spear" pageURL="/wiki/Weapon:Paladin's_Spear" iconURL="http://content.turbine.com/sites/lorebook.lotro.com/images/icons/item/weapon_spear/eq_shire_spear_01.png" quantity="1"/>
<object name="Hammer of the Tooks" pageURL="/wiki/Weapon:Hammer_of_the_Tooks" iconURL="http://content.turbine.com/sites/lorebook.lotro.com/images/icons/item/weapon_sword/eq_shire_2hhammer_01.png" quantity="1"/>
</selectOneOf>
</rewards>
</quest>
