<?xml version="1.0" encoding="UTF-8"?>
<quest id="1879052923" key="Implements_of_Song" title="Implements of Song" category="Minstrel" scope="" questArc="The Finest Melody" minimumLevel="45" type="STANDARD" size="SOLO" faction="FREE_PEOPLES" repeatable="false" instanced="false" description="Baillindiel has agreed to help you craft a weapon that will help you fulfil your duties as a minstrel of great renown." bestower="Baillindiel (NPC)" bestowerText="'The way of the minstrel is not free of danger, (your name), a truth that you have surely come to realize. To combat that danger, you need a weapon that you can rely on. I can fashion you such a weapon.&#13;&#10;&#13;&#10;'As with all tales worth hearing, the tale of this weapon will be fraught with hardship and toil. You will look back upon the road you have walked, when all is done, and know that it was worth the journey, (your name). Of this, I am certain.&#13;&#10;&#13;&#10;'I must ask you to gather the items I will need to make this weapon and to give it the strength to counter our hated foes. The first set of components I will need includes the blunted tooth of the Warg Narglup, who ranges Fasach-larran in Angmar, and the fangs of the rock-worms of the Misty Mountains.'" objectives="Objective 1:&#13;&#10;Narglup roams Fasach-larran in Angmar. Rock-worms dwell in the Misty Mountains.&#13;&#10;&#13;&#10;Baillindiel asked you to bring her chipped rock-worm fangs and the blunted tooth of the Warg Narglup.&#13;&#10;• Turn in Narglup's Blunted Tooth&#13;&#10;• Turn in Chipped Rock-worm Fang&#13;&#10;Objective 2:&#13;&#10;Baillindiel is at the Elf-harbour of Celondim, in Ered Luin.&#13;&#10;&#13;&#10;Baillindiel is waiting for you to return with the first set of components.&#13;&#10;• Talk to Baillindiel&#13;&#10;• Turn in Narglup's Blunted Tooth&#13;&#10;• Turn in Chipped Rock-worm Fang&#13;&#10;Objective 3:&#13;&#10;Brimstone-slugs can be found in Angmar. Wargs can be found in Angmar and Eregion. Bats can be found in Angmar and Moria.&#13;&#10;&#13;&#10;Baillindiel asked you to bring her corrosive droplets, splintered Warg-claws, and grisly bat-talons.&#13;&#10;• Turn in Corrosive Droplets&#13;&#10;• Turn in Splintered Warg Claw&#13;&#10;• Turn in Grisly Bat Talon&#13;&#10;Objective 4:&#13;&#10;Baillindiel is at the Elf-harbour of Celondim, in Ered Luin.&#13;&#10;&#13;&#10;Baillindiel is waiting for you to return with the second set of components.&#13;&#10;• Bring second set of components to Baillindiel (Baillindiel)&#13;&#10;• Turn in Corrosive Droplets&#13;&#10;• Turn in Splintered Warg Claw&#13;&#10;• Turn in Grisly Bat Talon&#13;&#10;Objective 5:&#13;&#10;Morthrâng may be found in Urugarth. Mormoz and Azgoth dwell in Carn Dûm.&#13;&#10;&#13;&#10;Baillindiel asked you to return with an Emblem of Ritual and a Rune of Winged Dominance.&#13;&#10;• Turn in Emblem of Ritual&#13;&#10;• Turn in Rune of Winged Dominance&#13;&#10;Objective 6:&#13;&#10;Baillindiel is at the Elf-harbour of Celondim, in Ered Luin.&#13;&#10;&#13;&#10;Baillindiel is waiting for you to return with the last set of components.&#13;&#10;• Bring last set of components to Baillindiel (Baillindiel)&#13;&#10;• Turn in Emblem of Ritual&#13;&#10;• Turn in Rune of Winged Dominance">
<requiredClass name="Minstrel"/>
<rewards>
<money gold="0" silver="49" copper="70"/>
<object name="Distilled Celebrant Salve" pageURL="/wiki/Item:Distilled_Celebrant_Salve" iconURL="http://content.turbine.com/sites/lorebook.lotro.com/images/icons/item/potion/it_potion_power_instant_tier5.png" quantity="5"/>
<selectOneOf>
<object name="Club of Song" pageURL="/wiki/Weapon:Club_of_Song" iconURL="http://content.turbine.com/sites/lorebook.lotro.com/images/icons/item/weapon_sword/eq_class_1hclub_02.png" quantity="1"/>
<object name="Mace of Song" pageURL="/wiki/Weapon:Mace_of_Song" iconURL="http://content.turbine.com/sites/lorebook.lotro.com/images/icons/item/weapon_mace/eq_class_1hmace_02.png" quantity="1"/>
</selectOneOf>
</rewards>
</quest>
