<?xml version="1.0" encoding="UTF-8"?>
<quest id="1879048495" key="The_Last_Ingot" title="The Last Ingot" category="Misty Mountains" scope="" questArc="Every Last Ingot" minimumLevel="40" type="STANDARD" size="SOLO" faction="FREE_PEOPLES" repeatable="false" instanced="false" description="Halmur Stoneshaper, a descendant of the original Halmur Stoneshaper, son of Vithurr, has been charged with guarding the strongbox you seek until all its contents are returned." bestower="Halmur Stoneshaper (NPC)" bestowerText="'I see... so you were sent by a dwarf from the Blue Mountains, were you? Perhaps it is the long years alone here, but I believe you. Now, allow me to tell you a tale.&#13;&#10;&#13;&#10;'Long ago, the first Halmur Stoneshaper, son of Vithurr, was charged with guarding the treasures here. He stood sentry day and night, maintaining his post even on days of feasting. Yet he let his guard drop, only once, and a vile dwarf, Hjortur Dourhand, slipped in and stole a single ingot of dwarf-gold. Having failed in his duty, Halmur swore that he and his sons would keep vigil over the remaining gold until that ingot was returned. I am but one in a long line of Halmurs who have kept his oath.&#13;&#10;&#13;&#10;'If you return the stolen ingot, the oath will be fulfilled. The strongbox will then be yours to return to the dwarf who sent you. I cannot say, though, where to find Hjortur, although the legends of Halmur's failure tells that Hjortur fled with his gold to Orod Laden. Perhaps there you will be able to find the gold.'" objectives="Objective 1:&#13;&#10;The stolen ingot might be found atop Orod Laden.&#13;&#10;&#13;&#10;Halmur Stoneshaper suggested you seek the stolen ingot atop Orod Laden.&#13;&#10;• Find Hjortur Dourhand&#13;&#10;Objective 2:&#13;&#10;The stolen ingot might be inside Hjortur's strongbox, atop Orod Laden.&#13;&#10;&#13;&#10;You defeated Hjortur Dourhand and should now search the strongbox he guarded for the stolen ingot.&#13;&#10;• Use Hjortur's Chest&#13;&#10;Objective 3:&#13;&#10;Halmur Stoneshaper is in the tomb of his ancestor on the hill to the right as you approach the dwarf-keep in the pass of Gabilazan from the south.&#13;&#10;&#13;&#10;Halmur Stoneshaper is waiting for you to return with the stolen dwarf-gold ingot you retrieved from the descendant of the thief who stole it long ages ago.&#13;&#10;• Talk to Halmur Stoneshaper&#13;&#10;• Turn in Stolen Dwarf-gold Ingot&#13;&#10;Objective 4:&#13;&#10;The second strongbox is within the tomb of Halmur Stoneshaper in the pass of Gabilazan. Larus Sharpshard is at Glóin's camp, north of Rivendell.&#13;&#10;&#13;&#10;After helping Halmur Stoneshaper reclaim the stolen ingot and fulfil his family's oath, he has allowed you to take the strongbox to bring it to Larus Sharpshard.&#13;&#10;• Talk to Larus Sharpshard&#13;&#10;•">
<prerequisites>
<prerequisite name="The_Other_Chest"/>
</prerequisites>
<nextQuests>
<nextQuest name="Real_Treasure"/>
</nextQuests>
<rewards>
<money gold="0" silver="23" copper="10"/>
<selectOneOf>
<object name="Thol-mundar" pageURL="/wiki/Armour:Thol-mundar" iconURL="http://content.turbine.com/sites/lorebook.lotro.com/images/icons/item/hands/eq_trollshaws_light_hands_02.png" quantity="1"/>
<object name="Boots of the Long March" pageURL="/wiki/Armour:Boots_of_the_Long_March" iconURL="http://content.turbine.com/sites/lorebook.lotro.com/images/icons/item/feet/eq_trollshaws_heavy_feet_02.png" quantity="1"/>
<object name="Sharpshard Axe" pageURL="/wiki/Weapon:Sharpshard_Axe" iconURL="http://content.turbine.com/sites/lorebook.lotro.com/images/icons/item/weapon_axe/eq_trollshaws_1haxe_02.png" quantity="1"/>
<object name="Sharpshard's Shield" pageURL="/wiki/Armour:Sharpshard's_Shield" iconURL="http://content.turbine.com/sites/lorebook.lotro.com/images/icons/item/shield/eq_trollshaws_heavy_shield_03.png" quantity="1"/>
</selectOneOf>
</rewards>
</quest>
