<?xml version="1.0" encoding="UTF-8"?>
<quest id="1879049876" key="Vol._I,_Book_2,_Chapter_12:_A_Dead_Man%27s_Challenge" title="Vol. I, Book 2, Chapter 12: A Dead Man's Challenge" category="Epic - Vol. I, Book 2: The Red Maid" scope="Epic" questArc="Volume I, Book 2: The Red Maid" minimumLevel="24" type="EPIC" size="SOLO" faction="FREE_PEOPLES" repeatable="false" instanced="false" description="While investigating the source of the wights of the Red Swamp, Radagast sent you to a man named Aric the Stone-speaker. Aric hinted that the dead might hold the answers you seek." bestower="Aric the Stone-speaker (NPC)" bestowerText="'You can learn many things from the Dead. But there is one troublesome shade called Emelin that resists all attempts at communication. Perhaps you may succeed where I have not.&#13;&#10;&#13;&#10;'Emelin is...difficult. He is bound by pride and deems the living beneath contempt. If you can prove yourself to him, this might grant you enough status in his eyes that he will lend you aid.&#13;&#10;&#13;&#10;'Beware when you speak to him. He will try and win your trust with pleasant words, then send you off to your doom. You will find him at the ruins of Ost Haer.'" objectives="Objective 1:&#13;&#10;Emelin haunts the area called Ost Haer.&#13;&#10;&#13;&#10;Aric spoke of a shade called Emelin. If you can prove your worth to the shade, he might give you the information you desire.&#13;&#10;• Talk to Emelin&#13;&#10;Objective 2:&#13;&#10;Emelin haunts the area called Ost Haer.&#13;&#10;&#13;&#10;Emelin has tasked you with defeating the apparitions of his dead warriors. Succeed, and he will help you. Fail, and you may perish.&#13;&#10;• Talk to Emelin at Ost Haer (Emelin)">
<prerequisites>
<prerequisite name="Vol._I%2C_Book_2%2C_Chapter_11%3A_The_Stone-speaker"/>
</prerequisites>
<nextQuests>
<nextQuest name="Vol._I%2C_Book_2%2C_Chapter_13%3A_In_the_Gaunt-lord%27s_Grasp"/>
<nextQuest name="Rest_at_Last"/>
<nextQuest name="Pushing_Back_the_Past"/>
<nextQuest name="Something_Yet_to_be_Found"/>
<nextQuest name="To_Agamaur"/>
</nextQuests>
<rewards>
<money gold="0" silver="7" copper="0"/>
</rewards>
</quest>
