<?xml version="1.0" encoding="UTF-8"?>
<quest id="1879048663" key="The_Missing_Fragments" title="The Missing Fragments" category="Misty Mountains" scope="" questArc="Hidden by Drifts" minimumLevel="36" type="STANDARD" size="SOLO" faction="FREE_PEOPLES" repeatable="false" instanced="false" description="The fragments you retrieved from the snow lurkers of the Misty Mountains are of interest to the scholar Deluros, though Glorenglir missed their significance." bestower="Deluros (NPC)" bestowerText="'Glorenglir has not understood the significance of these fragments, (your name), but I do. These are shards from what must once have been a beautiful vase, crafted long ago by some lord of the Eldar.&#13;&#10;&#13;&#10;'If you can retrieve more fragments of this vase, it might be possible to reassemble it. Its former glory might have been lost to carelessness or necessity, but history leaves us with one certainty -- though broken, something once fair can be made beautiful again through care and good will.&#13;&#10;&#13;&#10;'Return to the source of the Bruinen and search the drifts there for more fragments. The remaining pieces are sure to be most jagged. Whether you dig them out of the drifts yourself or rely on Glorenglir's snow lurkers, I leave to you. Be warned, however, that the chance of finding the remaining fragments will likely be quite low.'" objectives="Objective 1:&#13;&#10;Snow Lurkers can be found near the source of the Bruinen and drifts of snow in the area may also hold the jagged relic fragments sought by Deluros.&#13;&#10;&#13;&#10;Scholar Deluros has asked you to collect jagged relic fragments from near the source of the Bruinen so he may reassemble the vase so readily dismissed by Glorenglir.&#13;&#10;• Turn in Jagged Relic-fragment&#13;&#10;Objective 2:&#13;&#10;Scholar Deluros is in the library of the House of Elrond in Rivendell.&#13;&#10;&#13;&#10;You have retrieved some jagged relic fragments. Perhaps Deluros can use them to reassemble the ancient vase.&#13;&#10;• Talk to Deluros&#13;&#10;• Turn in Jagged Relic-fragment">
<prerequisites>
<prerequisite name="Deluros_of_Rivendell"/>
</prerequisites>
<nextQuests>
<nextQuest name="A_Scholar%27s_Lesson"/>
</nextQuests>
<rewards>
<money gold="0" silver="21" copper="70"/>
</rewards>
</quest>
