<?xml version="1.0" encoding="UTF-8"?>
<quest id="1879051751" key="The_Dwarves_of_Needlehole" title="The Dwarves of Needlehole" category="Shire" scope="" questArc="Beast of the Bog" minimumLevel="5" type="STANDARD" size="SOLO" faction="FREE_PEOPLES" repeatable="false" instanced="false" description="According to Filibert Bolger, his cow, Daffodil, was stolen by a dwarf named Olwir; however, Bounder Chubb hesitates to accuse a dwarf of cow-theft without evidence." bestower="Bounder Chubb (NPC)" bestowerText="'I've got it! There's a dwarf by the name of Ulfar, with whom I've had some dealings in the past. He might be of some help. I think he's a sort of overseer for the dwarves, or some such.&#13;&#10;&#13;&#10;'In fact, just the other day there was a bit of a tussle between two of his folk, and Ulfar waded in and broke it up. The other dwarves seemed to respect him, so he might know something about his people here that will be of use to us.&#13;&#10;&#13;&#10;'You should be able to find Ulfar up among the dwarf buildings north of Needlehole. Tell him what you told me, and hopefully he'll be able to help us.'" objectives="Objective 1:&#13;&#10;Ulfar is at the dwarf buildings north of Needlehole.&#13;&#10;&#13;&#10;In order to avoid angering the dwarves with accusations of theft, Bounder Chubb told you to obtain the aid of the dwarves through their overseer, Ulfar. Chubb believes that Ulfar might be able to point out any potential thieves among his folk.&#13;&#10;• Talk to Ulfar&#13;&#10;Objective 2:&#13;&#10;The dwarf-hunters prowl the northern and eastern sections of Rushock Bog. The bog lies to the south-east of Needlehole.&#13;&#10;&#13;&#10;When you told Ulfar the tale of Filibert's cow, and Olwir's involvement, he wasn't surprised. A number of dwarves of low character have been passing through Needlehole lately, and Olwir seemed to be the worst of them. Ulfar has asked you to acquire letters from the dwarf-hunters that he suspects of working for Olwir.&#13;&#10;• Bring the orders to Ulfar (Ulfar)&#13;&#10;• Turn in Dourhand Orders">
<prerequisites>
<prerequisite name="Tell_Bounder_Chubb"/>
</prerequisites>
<nextQuests>
<nextQuest name="A_Gift_for_the_North"/>
</nextQuests>
<rewards>
<money gold="0" silver="0" copper="90"/>
<selectOneOf>
<object name="Ulfar's Hammer" pageURL="/wiki/Weapon:Ulfar's_Hammer" iconURL="http://content.turbine.com/sites/lorebook.lotro.com/images/icons/item/weapon_mace/eq_shire_1hhammer_02.png" quantity="1"/>
<object name="Pork Sausage" pageURL="/wiki/Item:Pork_Sausage" iconURL="http://content.turbine.com/sites/lorebook.lotro.com/images/icons/item/food/it_food_pork_sausage.png" quantity="3"/>
</selectOneOf>
</rewards>
</quest>
