<?xml version="1.0" encoding="UTF-8"?>
<quest id="1879048312" key="The_Fourth_Gear" title="The Fourth Gear" category="Ered Luin" scope="" questArc="The Puzzle-vault" minimumLevel="8" type="STANDARD" size="SOLO" faction="FREE_PEOPLES" repeatable="false" instanced="false" description="Bávor is an artificer tasked with repairing the great lock which opens access to the fabled Vault of the Mountain." bestower="Bávor (NPC)" bestowerText="'The fourth missing gear is going to be a...a bit of a problem. You see, it was kept here in Thorin's Halls, and the confounded Dourhands took it when they left, as they were forever trying to get into that vault while they were here.&#13;&#10;&#13;&#10;'From what I understand, the fourth gear is in a chest in Kheledûl, the last town the Dourhands still control. Kheledûl is on the river east of Gondamon.&#13;&#10;&#13;&#10;'I'm not sure exactly where you'll find the gear, but I would not be surprised if it was well-guarded, as the Dourhands know very well that it is essential for getting into the Vault.'" objectives="Objective 1:&#13;&#10;The fourth gear is in a chest at the Dourhand port of Kheledûl, east of Gondamon.&#13;&#10;&#13;&#10;Bávor has asked you to recover the fourth missing gear from the Dourhands of Kheledûl.&#13;&#10;• Use Chest&#13;&#10;Objective 2:&#13;&#10;Bávor is in Thorin's Hall, far to the north-west of Kheledûl.&#13;&#10;&#13;&#10;Bávor will be pleased to see you have recovered the fourth gear.&#13;&#10;• Bring the fourth gear to Bávor (Bávor)&#13;&#10;• Turn in Gear">
<prerequisites>
<prerequisite name="The_Third_Gear"/>
</prerequisites>
<nextQuests>
<nextQuest name="The_Fifth_Gear"/>
</nextQuests>
<rewards>
<money gold="0" silver="1" copper="5"/>
</rewards>
</quest>
