<?xml version="1.0" encoding="UTF-8"?>
<quest id="1879054143" key="Orcs_of_the_Blood_Mountain" title="Orcs of the Blood Mountain" category="North Downs" scope="" questArc="Shattering the Alliance" minimumLevel="28" type="STANDARD" size="FELLOWSHIP" faction="FREE_PEOPLES" repeatable="false" instanced="false" description="A great host of Orcs spilled through Ram Dúath, driving the Men of the North Downs from their farms. Esteldín, home of the few remaining Dúnedain of the North, was spared discovery. It is from there that the Rangers begin to plan their counter-offensive against the black tide of Angmar." bestower="Arohir (NPC)" bestowerText="'With the captains dead, the Orcs of the Blogmal will be vying to replace them. This gives us an opportunity to further disrupt their leadership.&#13;&#10;&#13;&#10;'Take your allies and slay the Orcs which patrol the trenches in Dol Dínen. These warriors are some of the strongest the Ongbúrz have to offer, and the replacements for the captains you slew will likely come from among their ranks.&#13;&#10;&#13;&#10;'The more you can slay, the less likely they will be able to find suitable replacements for their lost captains.'" objectives="Objective 1:&#13;&#10;The strongest warriors of the Ongbúrz tribe can be found patrolling the deep trenches of Dol Dínen, south-east of Esteldín.&#13;&#10;&#13;&#10;In order to keep the Orc-host in confusion, Arohir has asked you to enter the trenches of Dol Dínen and slay the Ongbúrz tribe's strongest warriors. He suggests you take allies with you.&#13;&#10;• Kill 16 Ongbúrz Combatant&#13;&#10;• Kill 12 Ongbúrz Man-slayer&#13;&#10;• Kill 6 Ongbúrz Battle-master&#13;&#10;Objective 2:&#13;&#10;Arohir awaits word from you at Esteldín.&#13;&#10;&#13;&#10;Arohir will want to hear news of your victory against the warriors of the Ongbúrz tribe.&#13;&#10;• Talk to Arohir">
<prerequisites>
<prerequisite name="Captains_of_the_Black_Tide"/>
</prerequisites>
<nextQuests>
<nextQuest name="Master_of_the_Black_Tide"/>
</nextQuests>
<rewards>
<money gold="0" silver="30" copper="24"/>
<reputation>
<reputationItem faction="Rangers of Esteldín" amount="900"/>
</reputation>
<selectOneOf>
<object name="Bridge-defenders" pageURL="/wiki/Armour:Bridge-defenders" iconURL="http://content.turbine.com/sites/lorebook.lotro.com/images/icons/item/hands/eq_northdowns_medium_hands_05.png" quantity="1"/>
<object name="Arohir's Axe" pageURL="/wiki/Weapon:Arohir's_Axe" iconURL="http://content.turbine.com/sites/lorebook.lotro.com/images/icons/item/weapon_axe/eq_northdowns_1haxe_06.png" quantity="1"/>
<object name="Arohir's Crossbow" pageURL="/wiki/Weapon:Arohir's_Crossbow" iconURL="http://content.turbine.com/sites/lorebook.lotro.com/images/icons/item/weapon_crossbow/eq_northdowns_crossbow_01.png" quantity="1"/>
<object name="Arohir's Necklace" pageURL="/wiki/Item:Arohir's_Necklace" iconURL="http://content.turbine.com/sites/lorebook.lotro.com/images/icons/item/jewelry/eq_northdowns_necklace_04.png" quantity="1"/>
</selectOneOf>
</rewards>
</quest>
