<?xml version="1.0" encoding="UTF-8"?>
<quest id="1879050075" key="The_Vale_of_Andrath" title="The Vale of Andrath" category="Bree-land" scope="" questArc="The Baying of Wolves" minimumLevel="11" type="STANDARD" size="SOLO" faction="FREE_PEOPLES" repeatable="false" instanced="false" description="Sharkey's Men and their half-orc allies from the South have blockaded the Vale of Andrath, inhibiting trade with the southern nations." bestower="Chief Watcher Grimbriar (NPC)" bestowerText="'The Vale of Andrath is Bree-land's gateway to the South. The South Downs, Dunland, Isengard, the Gap of Rohan -- all would be closed to Bree-land if the brigands are not hindered. It is clear that Sharkey is no mere brigand-leader. He has employed half-breeds to fill his ranks, a wholly depraved act.&#13;&#10;&#13;&#10;'I sent my men to watch the ruins at Andrath and fear they may now be prisoners or worse. Please, head south beyond the Greenway Crossing, further beyond the shadow of the barrows, and seek my scouts, Oakdale and Brittleleaf. Hopefully, they will have found a safe place close to the ruins, likely on the eastern side.&#13;&#10;&#13;&#10;'Be swift, for I fear the worst, and bring caution with you! That's likely to be a bad place.'" objectives="Objective 1:&#13;&#10;The brigand-encampment is at the southern end of the Vale of Andrath, south down the Greenway, far beyond the Greenway Crossing. Grimbriar's men, Watchers Brittleaf and Oakdale, will be hidden somewhere nearby.&#13;&#10;&#13;&#10;Watcher Grimbriar has learned that Sharkey's Men and their half-orc allies have blockaded the Vale of Andrath. He has asked you to travel south to support his men.&#13;&#10;• Find and speak with Grimbriar's scouts (Watcher Brittleleaf)">
<prerequisites>
<prerequisite name="Sharkey%27s_Plan"/>
</prerequisites>
<nextQuests>
<nextQuest name="Sharkey%27s_Lieutenant"/>
<nextQuest name="Brigands_and_Half-orcs"/>
<nextQuest name="Must_Have..."/>
<nextQuest name="Neeker-breaker"/>
<nextQuest name="Southern_Fiend"/>
</nextQuests>
<rewards>
<money gold="0" silver="3" copper="60"/>
<reputation>
<reputationItem faction="Men of Bree" amount="1200"/>
</reputation>
</rewards>
</quest>
