<?xml version="1.0" encoding="UTF-8"?>
<quest id="1879048621" key="The_Strongest_Back" title="The Strongest Back" category="Carn Dûm" scope="" questArc="Lifting the Yoke" minimumLevel="45" type="STANDARD" size="FELLOWSHIP" faction="FREE_PEOPLES" repeatable="false" instanced="false" description="The slaves of Carn Dûm were set free, but Éa, a woman of the Hillmen dwelling at Tármunn Súrsa, is still missing her husband." bestower="Éa (NPC)" bestowerText="'My husband remains in Carn Dûm. I know you have already done so much, but please...find it in your heart to help me once more.&#13;&#10;&#13;&#10;'Erscin is strong of back and force of will. I cannot imagine that he fell to the Orcs, though perhaps he tried to escape and was killed. I cannot bear to imagine such things.&#13;&#10;&#13;&#10;'If he lives, I fear he will not live long. I am sure that the Evil Ones will punish any slaves that remained behind. You must return to Carn Dûm and find him!'" objectives="Objective 1:&#13;&#10;Carn Dûm lies far to the west of Tármunn Súrsa.&#13;&#10;&#13;&#10;Éa begged you to find her missing husband, the Hillman-warrior called Erscin.&#13;&#10;• Find Erscin&#13;&#10;Objective 2:&#13;&#10;Erscin is at Carn Dûm, far to the west of Gath Forthnír.&#13;&#10;&#13;&#10;Erscin is waiting to speak with you again.&#13;&#10;• Speak to Erscin&#13;&#10;Objective 3:&#13;&#10;Éa is at Tármunn Súrsa, east of Carn Dûm.&#13;&#10;&#13;&#10;You found Erscin, alive and well, within Carn Dûm and returned him to safety. You should let Éa know the good tidings.&#13;&#10;• Talk to Éa">
<prerequisites>
<prerequisite name="Lifting_the_Yoke"/>
</prerequisites>
<rewards>
<money gold="0" silver="49" copper="70"/>
<reputation>
<reputationItem faction="Council of the North" amount="900"/>
</reputation>
<selectOneOf>
<object name="Éa's Helmet" pageURL="/wiki/Armour:Éa's_Helmet" iconURL="http://content.turbine.com/sites/lorebook.lotro.com/images/icons/item/head/eq_angmar_medium_head_03.png" quantity="1"/>
<object name="Halberd of the Swamp-wardens" pageURL="/wiki/Weapon:Halberd_of_the_Swamp-wardens" iconURL="http://content.turbine.com/sites/lorebook.lotro.com/images/icons/item/weapon_sword/eq_angmar_halberd_02.png" quantity="1"/>
<object name="Erscin's Saviour" pageURL="/wiki/Item:Erscin's_Saviour" iconURL="http://content.turbine.com/sites/lorebook.lotro.com/images/icons/item/jewelry/eq_angmar_earring_04.png" quantity="1"/>
</selectOneOf>
</rewards>
</quest>
