<?xml version="1.0" encoding="UTF-8"?>
<quest id="1879052207" key="Articles_of_Mystery" title="Articles of Mystery" category="Lore-master" scope="" questArc="The Wisest Way" minimumLevel="45" type="STANDARD" size="SOLO" faction="FREE_PEOPLES" repeatable="false" instanced="false" description="Isdi has agreed to fashion you a piece of equipment to reflect the depth of your knowledge." bestower="Isdi (NPC)" bestowerText="'I can fashion you a piece of equipment that will reflect the depth of your knowledge, (your name), and aid you in your further pursuit of wisdom.&#13;&#10;&#13;&#10;'However, I will need you to obtain the components I will need if I am to make this equipment for you. Do not quail from the danger, for you are a learned lore-master and have come through all hazards to reach this point. You are wise enough to survive your coming trials.&#13;&#10;&#13;&#10;'The first items I will need are the matted fur of the great boar Grimgore, who roams Fasach-larran in Angmar, and the emblem of the Corcur tribe of Hillmen encamped near Helegrod in the Misty Mountains.'" objectives="Objective 1:&#13;&#10;Grimgore roams Fasach-larran in Angmar. Corcur may be found near Helegrod in the Misty Mountains.&#13;&#10;&#13;&#10;Isdi has asked you to bring her Grimgore's matted fur and several distasteful Corcur-emblems.&#13;&#10;• Turn in Grimgore's Matted Fur&#13;&#10;• Turn in Distasteful Corcur-emblem&#13;&#10;Objective 2:&#13;&#10;Isdi is at the ruins of Edhelion, near Thorin's Hall.&#13;&#10;&#13;&#10;Isdi is waiting for you to return with the first set of components.&#13;&#10;• Talk to Isdi&#13;&#10;• Turn in Grimgore's Matted Fur&#13;&#10;• Turn in Distasteful Corcur-emblem&#13;&#10;Objective 3:&#13;&#10;Wights may be found in Imlad Balchorth in Angmar. Brimstone-leeches may be found in Mallenhad in Angmar.&#13;&#10;&#13;&#10;Isdi has asked you to bring her revered wight-remains and bubbling droplets.&#13;&#10;• Turn in Revered Wight Remains&#13;&#10;• Turn in Bubbling Droplets&#13;&#10;Objective 4:&#13;&#10;Isdi is at the ruins of Edhelion, near Thorin's Hall.&#13;&#10;&#13;&#10;Isdi is waiting for you to return with the second set of components.&#13;&#10;• Bring second set of components to Isdi (Isdi)&#13;&#10;• Turn in Revered Wight Remains&#13;&#10;• Turn in Bubbling Droplets&#13;&#10;Objective 5:&#13;&#10;Helchgam dwells in the pools below Carn Dûm in Angmar. Goblins guard the tower of Urugarth, also in Angmar.&#13;&#10;&#13;&#10;Isdi has asked you to bring her some putrid slime of Helchgam and a goblin-badge of rank.&#13;&#10;• Turn in Putrid Slime of Helchgam&#13;&#10;• Turn in Goblin Badge of Rank&#13;&#10;Objective 6:&#13;&#10;Isdi is at the ruins of Edhelion, near Thorin's Hall.&#13;&#10;&#13;&#10;Isdi is waiting for you to return with the last set of components.&#13;&#10;• Bring last set of components to Isdi (Isdi)&#13;&#10;• Turn in Putrid Slime of Helchgam&#13;&#10;• Turn in Goblin Badge of Rank">
<requiredClass name="Lore-master"/>
<rewards>
<money gold="0" silver="49" copper="70"/>
<object name="Distilled Athelas Essence" pageURL="/wiki/Item:Distilled_Athelas_Essence" iconURL="http://content.turbine.com/sites/lorebook.lotro.com/images/icons/item/potion/it_potion_morale_instant_tier5.png" quantity="5"/>
<selectOneOf>
<object name="Trinket of Mystery" pageURL="/wiki/Item:Trinket_of_Mystery" iconURL="http://content.turbine.com/sites/lorebook.lotro.com/images/icons/item/jewelry/eq_class_pocketitem_01.png" quantity="1"/>
<object name="Ring of Mystery" pageURL="/wiki/Item:Ring_of_Mystery" iconURL="http://content.turbine.com/sites/lorebook.lotro.com/images/icons/item/jewelry/eq_class_ring_02.png" quantity="1"/>
</selectOneOf>
</rewards>
</quest>
