<?xml version="1.0" encoding="UTF-8"?>
<quest id="1879059949" key="Scouting_the_Mountains" title="Scouting the Mountains" category="Trollshaws" scope="" questArc="Thunder in the Mountains" minimumLevel="40" type="STANDARD" size="SOLO" faction="FREE_PEOPLES" repeatable="false" instanced="false" description="Concerned about hostile giant activity in the Misty Mountains, Ringhul has sent you to meet with a scout in the highlands north of Rivendell." bestower="Ringhul (NPC)" bestowerText="'Master Elrond sent a scout into the mountains to watch the activities of the giants while Gailthin is in Ered Luin. At present, Gwaemithrin is encamped at the small outpost our dwarf-visitors have established north of Imladris.&#13;&#10;&#13;&#10;'Bring Gwaemithrin word of your adventures in Arifael's vale and of the hostile giants there and lend her what assistance you may.&#13;&#10;&#13;&#10;'The dwarf-camp is north and east of Rivendell. Take the hillside path north through the hills and look to your left as you climb above the snow line.'" objectives="Objective 1:&#13;&#10;The scout Gwaemithrin is in the highlands north and east of Rivendell at a camp established by the dwarves.&#13;&#10;&#13;&#10;Ringhul has asked you to assist Gwaemithrin with her investigation into the doings of the giants of the Misty Mountains.&#13;&#10;• Talk to Gwaemithrin">
<prerequisites>
<prerequisite name="Mountain_Raiders"/>
</prerequisites>
<nextQuests>
<nextQuest name="Giant_Country"/>
</nextQuests>
<rewards>
<money gold="0" silver="23" copper="10"/>
</rewards>
</quest>
