<?xml version="1.0" encoding="UTF-8"?>
<quest id="1879048535" key="The_Last_of_the_Fireworks" title="The Last of the Fireworks" category="Shire" scope="" questArc="Ghost of the Old Took" minimumLevel="5" type="STANDARD" size="SOLO" faction="FREE_PEOPLES" repeatable="false" instanced="false" description="In tidying up his library, Adelard Took came across a rocket from the Old Took's last Midsummer's Eve party. He sent it off to the Mathom-house in Michel Delving, but he thinks that might have upset the Old Took's ghost." bestower="Adelard Took (NPC)" bestowerText="'The ghost is still in my library! When will it leave me alone? You know, all this started when I was doing a bit of tidying up in there, sending a few things off to the Mathom-house, and such....&#13;&#10;&#13;&#10;'I stumbled across an old rocket from the Old Took's last Midsummer's Eve party. Gandalf the Grey and he were great friends, you know, and Gandalf would bring the most splendid fireworks! Perhaps I upset the Old Took's ghost when I sent that rocket off to the Mathom-house? It could be that he wants to see it fired off!&#13;&#10;&#13;&#10;'If we could get the rocket back and fire it, that might appease his ghost. Could you speak with Keeper Brombard Foxtail in Michel Delving and get it? The Mathom-house is up on a hill, north-west of the centre of Michel Delving. Once you have the crackers, could you fire them off at the Methel-stage in Bywater?'" objectives="Objective 1:&#13;&#10;Brombard Foxtail is at the Mathom-house in Michel Delving, far west of Tuckborough.&#13;&#10;&#13;&#10;Adelard Took asked you to travel to the Mathom-house in Michel Delving and ask Keeper Foxtail for the fireworks rocket he had sent there.&#13;&#10;• Talk to Keeper Brombard Foxtail&#13;&#10;Objective 2:&#13;&#10;The Methel-stage is on the southern side of the road heading west out of Bywater.&#13;&#10;&#13;&#10;Adelard Took had asked you to fire the rocket off at the Methel-stage in Bywater in hopes that the sight of this last rocket will appease the Old Took's ghost.&#13;&#10;• Use Fireworks-rocket&#13;&#10;• Find the Methel-stage in Bywater&#13;&#10;Objective 3:&#13;&#10;Adelard Took can be found at the Great Smials in Tuckborough.&#13;&#10;&#13;&#10;You should return to Adelard Took and let him know that you have done as he asked.&#13;&#10;• Talk to Adelard Took">
<prerequisites>
<prerequisite name="The_Old_Took%27s_Favourite"/>
</prerequisites>
<nextQuests>
<nextQuest name="Confront_the_Old_Took"/>
</nextQuests>
<rewards>
<money gold="0" silver="0" copper="90"/>
</rewards>
</quest>
