<?xml version="1.0" encoding="UTF-8"?>
<quest id="1879048444" key="Vol._I,_Book_3,_Chapter_1:_Ranger_of_the_Fields" title="Vol. I, Book 3, Chapter 1: Ranger of the Fields" category="Epic - Vol. I, Book 3: The Council of the North" scope="Epic" questArc="Volume I, Book 3: The Council of the North" minimumLevel="29" type="EPIC" size="SOLO" faction="FREE_PEOPLES" repeatable="false" instanced="false" description="From the reports coming from the west and south of the North Downs, Halbarad believes the Enemy is moving on many fronts. The strength of Esteldín is nearly tapped, and Halbarad feels a council of the Free Peoples must be called. Before doing so, he desires more knowledge on the Enemy's movements." bestower="Halbarad (NPC)" bestowerText="'While the eyes of Esteldín have been turned to the east, news from west and south tells me that the Enemy is moving on many fronts. I fear that the strength of Esteldín is nearly spent, and alone we cannot face this greater threat.&#13;&#10;&#13;&#10;'A council of the Free Peoples of the North Downs must be called. Yet before I do so, I need more knowledge of this threat. I need to know if Fornost, once the capital of Arnor of old, has fallen under the sway of Angmar once more. If the Enemy has taken and fortified the ruins of Fornost, we are in the gravest of dangers.&#13;&#10;&#13;&#10;'Travel to Mincham, a Ranger who camps on the Fields of Fornost to the west, and ask for his aid.'" objectives="Objective 1:&#13;&#10;Mincham can be found in his camp on the southern edge of the Fields of Fornost.&#13;&#10;&#13;&#10;Halbarad has asked you to speak with Mincham to learn if the Enemy has retaken the ruins of Fornost, the ancient capital of Arnor.&#13;&#10;• Talk to Mincham">
<nextQuests>
<nextQuest name="Vol._I%2C_Book_3%2C_Chapter_2%3A_The_Gates_of_Fornost"/>
</nextQuests>
<rewards>
<money gold="0" silver="19" copper="25"/>
<reputation>
<reputationItem faction="Rangers of Esteldín" amount="500"/>
</reputation>
</rewards>
</quest>
