<?xml version="1.0" encoding="UTF-8"?>
<quest id="1879048595" key="Further_Upstream" title="Further Upstream" category="Urugarth" scope="" questArc="Foul Waters" minimumLevel="45" type="STANDARD" size="FELLOWSHIP" faction="FREE_PEOPLES" repeatable="false" instanced="false" description="Thorod is worried this is a much bigger issue and wants to enlist the help of the Elves in Gath Forthnír to solve this mystery." bestower="Thorod (NPC)" bestowerText="'There are many creatures in Angmar that carry venom or poisonous blood in their veins. But even so, how could all the water be affected so? Could something have spawned in the bowels of Carn Dûm? Something monstrous and poisonous to all life?&#13;&#10;&#13;&#10;'This is more than I know of the ways of the water and such. Please, go and speak with Fimreg in Gath Forthnír. She may know more about the evils that could do such things. It is far beyond my meagre skills.&#13;&#10;&#13;&#10;'You will find Fimreg to the north and east of here among the Rangers.'" objectives="Objective 1:&#13;&#10;Fimreg is at Gath Forthnir, north and east of Myrkworth.&#13;&#10;&#13;&#10;Thorod has asked you to speak with Fimreg in Gath Forthnír. He is worried about his findings but will not say why.&#13;&#10;• Talk to Fimreg&#13;&#10;Objective 2:&#13;&#10;Urugarth is to the west of Gath Forthnír and north of Imlad Balchorth.&#13;&#10;&#13;&#10;Fimreg believes that a large creature of some kind is poisoning the waters. If such a beast exists, proof of it will be found upstream in Urugarth.&#13;&#10;• Use Dead Tentacle&#13;&#10;Objective 3:&#13;&#10;Fimreg is at Gath Forthnír, in eastern Himbar, east of Urugarth.&#13;&#10;&#13;&#10;You found a curious bony hook, like a claw or beak but not resembling part of any animal you have ever encountered before.&#13;&#10;• Talk to Fimreg&#13;&#10;• Turn in Bony Hook">
<prerequisites>
<prerequisite name="Discovering_the_Source"/>
</prerequisites>
<nextQuests>
<nextQuest name="Heart_of_the_Waters"/>
</nextQuests>
<rewards>
<money gold="0" silver="49" copper="70"/>
<reputation>
<reputationItem faction="Council of the North" amount="900"/>
</reputation>
<selectOneOf>
<object name="Fimreg's Shoulder Guards" pageURL="/wiki/Armour:Fimreg's_Shoulder_Guards" iconURL="http://content.turbine.com/sites/lorebook.lotro.com/images/icons/item/shoulders/eq_angmar_heavy_shoulder_03.png" quantity="1"/>
<object name="Fimreg's Dirk" pageURL="/wiki/Weapon:Fimreg's_Dirk" iconURL="http://content.turbine.com/sites/lorebook.lotro.com/images/icons/item/weapon_dagger/eq_angmar_dagger_06.png" quantity="1"/>
</selectOneOf>
</rewards>
</quest>
