<?xml version="1.0" encoding="UTF-8"?>
<quest id="1879048603" key="Vol._I,_Book_7,_Chapter_2:_Crossing_the_Shadow" title="Vol. I, Book 7, Chapter 2: Crossing the Shadow" category="Epic - Vol. I, Book 7: The Hidden Hope" scope="Epic" questArc="Volume I, Book 7: The Hidden Hope" minimumLevel="41" type="EPIC" size="SOLO" faction="FREE_PEOPLES" repeatable="false" instanced="false" description="Lorniel told you that she believes her father still lives, held captive in the dungeons of Carn Dûm. She hopes to find a way inside the terrible city and rescue him." bestower="Lorniel (NPC)" bestowerText="'If you came from Braigiar, I have no doubt you heard that my father was lost. He was indeed lost to us, but I do not believe he was slain. I have heard reports from our allies that he was taken captive and is being held within the dungeons of Carn Dûm.&#13;&#10;&#13;&#10;'One such ally, a sympathetic Hillman from the hostile eastern tribes named Raghnall, claims that he has acquired a scroll from the libraries of Carn Dûm that tells how to gain access to the city. If you would meet Raghnall and obtain the scroll from him, it would be a tremendous step towards freeing my father from the clutches of the Enemy.&#13;&#10;&#13;&#10;'Be wary, though...he will be waiting just south of Bail Cátharnakh, a Hillman village which lies to the south-west of Gath Forthnír. Most of the Hillmen there are in the service of the Iron Crown.'" objectives="Objective 1:&#13;&#10;Meet with Raghnall south of Bail Cátharnakh, west of Gath Forthnír.&#13;&#10;&#13;&#10;Lorniel told you that she had heard from a Hillman named Raghnall who was seeking to leave the service of Angmar and might have information that will allow her to gain access to Carn Dûm.&#13;&#10;• Talk to Raghnall&#13;&#10;Objective 2:&#13;&#10;Lorniel can be found within Gath Forthnír, east of Bail Cátharnakh.&#13;&#10;&#13;&#10;You met with Raghnall and he gave you a scroll that explains how to forge a key for the Gates of Carn Dûm.&#13;&#10;• Talk to Lorniel&#13;&#10;• Turn in Tattered Scroll">
<prerequisites>
<prerequisite name="Vol._I%2C_Book_7%2C_Chapter_1%3A_Hidden_in_Shadow"/>
</prerequisites>
<nextQuests>
<nextQuest name="Vol._I%2C_Book_7%2C_Chapter_3%3A_Opening_the_Way"/>
</nextQuests>
<rewards>
<money gold="0" silver="23" copper="45"/>
</rewards>
</quest>
