<?xml version="1.0" encoding="UTF-8"?>
<quest id="1879048452" key="Vol._I,_Book_3,_Foreword:_Fires_in_the_North" title="Vol. I, Book 3, Foreword: Fires in the North" category="Epic - Vol. I, Book 3: The Council of the North" scope="Epic" questArc="Volume I, Book 3: The Council of the North" minimumLevel="29" type="EPIC" size="SOLO" faction="FREE_PEOPLES" repeatable="false" instanced="false" description="Orcs from the north are sweeping across the North Downs and setting fires to everything in their path." bestower="Frideric the Elder (NPC)" bestowerText="'I received a message from a Man. Perhaps you know of him? He is a Ranger by the name of Candaith.&#13;&#10;&#13;&#10;'The details are vague but it seems of great importance that you talk to him. I believe it concerns the Enemy's movements in the North Downs.&#13;&#10;&#13;&#10;'He is staying at a camp north-west of Weathertop. Travel west to The Forsaken Inn, then go north until you reach his campsite.'" objectives="Objective 1:&#13;&#10;Travel along the road to the west until you reach The Forsaken Inn. Candaith is at a camp north of The Forsaken Inn, north-west of Weathertop.&#13;&#10;&#13;&#10;Frideric told you that a Ranger desires to speak with you about urgent matters.&#13;&#10;• Talk to Candaith&#13;&#10;Objective 2:&#13;&#10;Halbarad is in the North Downs, north of Meluinen.&#13;&#10;&#13;&#10;Candaith's fellow Ranger is in urgent need of assistance.&#13;&#10;• Talk to Halbarad">
<nextQuests>
<nextQuest name="Vol._I%2C_Book_3%2C_Chapter_1%3A_Ranger_of_the_Fields"/>
</nextQuests>
<rewards>
<money gold="0" silver="19" copper="25"/>
<reputation>
<reputationItem faction="Rangers of Esteldín" amount="500"/>
</reputation>
</rewards>
</quest>
