<?xml version="1.0" encoding="UTF-8"?>
<quest id="1879049666" key="Unwelcome_Strangers" title="Unwelcome Strangers" category="Shire" scope="" questArc="Old Forestry" minimumLevel="11" type="STANDARD" size="SOLO" faction="FREE_PEOPLES" repeatable="false" instanced="false" description="Farmer Maggot's produce was stolen by brigands. His farmhand, son, and his son's friend escaped, but the produce meant for Buckland was taken away by the brigands." bestower="Wilmac Brandybuck (NPC)" bestowerText="'Some man from around Bree came to Maggot's demanding food and got run off by the dogs, but as we -- Rollo, Doderic, and I -- crossed the bridge we were waylaid by Big Folk just like him on the bridge! They made us take everything from our waggon and put it on theirs, then they headed off east along the Great East Road; but not before giving a good licking to Mister Maggot's own waggon. Now look at her, all in tatters.&#13;&#10;&#13;&#10;'I know I was lucky to get away with my hide, but...without that produce being delivered my hide will be worth nothing after Maggot gets done with it. Doderic and Rollo ran off after the waggon and found that the brigands' camp is between here and Adso's Camp on the north side of the road.&#13;&#10;&#13;&#10;'I would appreciate it if you could get the produce back.'" objectives="Objective 1:&#13;&#10;The brigands' stockade is north of the road, between the Brandywine Bridge and Adso's camp. Wilmac Brandybuck awaits you inside the Hay Gate in Newbury, Buckland.&#13;&#10;&#13;&#10;Wilmac Brandybuck has asked you to retrieve Farmer Maggot's produce from the ruffians who accosted him.&#13;&#10;• Deliver the Produce to Wilmac Brandybuck (Wilmac Brandybuck)&#13;&#10;• Turn in Produce">
<prerequisites>
<prerequisite name="Old_Forestry"/>
</prerequisites>
<nextQuests>
<nextQuest name="Rollo_and_Doderic"/>
</nextQuests>
<rewards>
<money gold="0" silver="1" copper="80"/>
</rewards>
</quest>
