<?xml version="1.0" encoding="UTF-8"?>
<quest id="1879054145" key="Shattering_the_Alliance" title="Shattering the Alliance" category="North Downs" scope="" questArc="Shattering the Alliance" minimumLevel="27" type="STANDARD" size="SOLO" faction="FREE_PEOPLES" repeatable="false" instanced="false" description="A great host of Orcs spilled through Ram Dúath, driving the Men of the North Downs from their farms. Esteldín, home of the few remaining Dúnedain of the North, was spared discovery. It is from there that the Rangers begin to plan their counter-offensive against the black tide of Angmar." bestower="Arohir (NPC)" bestowerText="'$PLAYER$, I have a task for you. The Orcs in Dol Dínen, to the south-east, are fortifying their position. They dig trenches, tear down trees, and are burning enough of them to cover the area in a heavy cloud of smoke and ash.&#13;&#10;&#13;&#10;'On the outskirts of the encampment, goblins patrol, protecting the main force. While the goblins alone are not a great threat, scattered among them are several skirmishers from the Ongbúrz tribe. If you can slay several of these skirmishers, the goblins may be dismayed.&#13;&#10;&#13;&#10;'The Ongbúrz orcs are among the fiercest of the Orc-tribes known to the Dúnedain. Bring me their badges, so that we may be certain it is they who lead this horde.'" objectives="Objective 1:&#13;&#10;Ongbúrz Skirmishers can be found among the goblins who patrol the outskirts of the Orc-host in Dol Dínen, south-east of Esteldín.&#13;&#10;&#13;&#10;Arohir told you about the Orc-host in Dol Dínen, and the goblins they use to guard the outskirts of their encampment. He also mentioned that skirmishers of the Ongbúrz tribe were seen among the goblins and has asked you to slay them in hopes that the deaths of the powerful Ongbúrz Skirmishers might break the will of the goblins.&#13;&#10;• Return the Ongbúrz badges to Arohir (Arohir)&#13;&#10;• Turn in Ongbúrz-insignia">
<prerequisites>
<prerequisite name="The_Black_Tide_of_Angmar"/>
</prerequisites>
<nextQuests>
<nextQuest name="Captains_of_the_Black_Tide"/>
</nextQuests>
<rewards>
<money gold="0" silver="18" copper="55"/>
<reputation>
<reputationItem faction="Rangers of Esteldín" amount="700"/>
</reputation>
</rewards>
</quest>
