<?xml version="1.0" encoding="UTF-8"?>
<quest id="1879052605" key="Vol._I,_Book_5,_Chapter_3:_The_High_Fortress" title="Vol. I, Book 5, Chapter 3: The High Fortress" category="Epic - Vol. I, Book 5: The Last Refuge" scope="Epic" questArc="Volume I, Book 5: The Last Refuge" minimumLevel="38" type="EPIC" size="SOLO" faction="FREE_PEOPLES" repeatable="false" instanced="false" description="Glóin told you that the Nazgûl you are pursuing can be found in the old dwarf-fortress of Gabilazan, in the company of Skorgrím Dourhand. The two entered the nearly impregnable inner keep of the fortress. Glóin believes the only way to enter the inner keep is to learn its secret entrance." bestower="Glóin (NPC)" bestowerText="'If we can but enter this fortress, we will end two problems with one fell stroke. By ending the threat of this Rider, we can ensure Rivendell's safety, and by putting an end to Skorgrím, we will crush the Dourhands. However, it won't be easy, as the scout reported that the two entered the inner keep of the fortress. That keep is nearly impregnable.&#13;&#10;&#13;&#10;'This is what you must do, (your name). Every dwarf-fortress has a secret entrance, and although I do not know the secret of Gabilazan, I know how to learn it. When the cornerstone for Gabilazan was laid down, a copy of the fortress' plans would have been stored within. Around that cornerstone the fortress was built, and can now only be accessed by entering Gabilazan's vault. Once we have the plans, we will be able to learn the fortress' secret entrance.&#13;&#10;&#13;&#10;'Gabilazan can be found in the more westerly of the two passes that gate entrance to Iorbar. The easternmost pass, Rakhâs-bizar, is not guarded by dwarves and may give you a roundabout means of approaching the keep.'" objectives="Objective 1:&#13;&#10;The cornerstone containing the plans is located inside Gabilazan's Vault, located in one of the two passes east of Glóin's camp. Glóin's camp is north of Rivendell.&#13;&#10;&#13;&#10;Glóin told you that to learn how to access the secret entrance to Gabilazan's inner keep, you will need to take the plans for the fortress placed in its cornerstone.&#13;&#10;• Use Gabilazan Cornerstone&#13;&#10;Objective 2:&#13;&#10;Bring the Gabilazan plans to Glóin.&#13;&#10;• Bring the Gabilazan plans to Glóin (Glóin)&#13;&#10;• Turn in Gabilazan-plans">
<prerequisites>
<prerequisite name="Vol._I%2C_Book_5%2C_Chapter_2%3A_Troublesome_Goblins"/>
</prerequisites>
<nextQuests>
<nextQuest name="Vol._I%2C_Book_5%2C_Chapter_4%3A_The_Key-stone"/>
</nextQuests>
<rewards>
<money gold="0" silver="35" copper="84"/>
<reputation>
<reputationItem faction="Thorin's Hall" amount="700"/>
</reputation>
</rewards>
</quest>
