<?xml version="1.0" encoding="UTF-8"?>
<quest id="1879052546" key="Vol._I,_Book_4,_Chapter_4:_Regaining_the_Trail" title="Vol. I, Book 4, Chapter 4: Regaining the Trail" category="Epic - Vol. I, Book 4: Chasing Shadows" scope="Epic" questArc="Volume I, Book 5: Chasing Shadows" minimumLevel="33" type="EPIC" size="SOLO" faction="FREE_PEOPLES" repeatable="false" instanced="false" description="Lord Glorfindel gave you a beryl which glows when it is brought into places where great evil has left its mark." bestower="Glorfindel (NPC)" bestowerText="'I do not often travel into the wild, though I will do so when the need is great, as the Ranger Aragorn or his small friend Frodo Baggins could tell you. The sons of Elrond are better-suited for directing your search for the missing Nazgûl.&#13;&#10;&#13;&#10;'I leave my Elf-stone in your care for the time being and ask you to return with it to Elladan at his camp of Thorenhad. He will know where you should bring it to follow the traces of the Nazgûl.&#13;&#10;&#13;&#10;'Go with speed and with clarity of vision! The beryl will help you to find this stray servant of the Enemy, but what will you do when you find him, I wonder?'" objectives="Objective 1:&#13;&#10;Elladan is at Thorenhad, his camp among the Bruinen Gorges, north of the bear-dens.&#13;&#10;&#13;&#10;Lord Glorfindel has sent you back to Elladan with a beryl, an Elf-stone that glows when it comes near places on which great evil has left its mark.&#13;&#10;• Talk to Elladan&#13;&#10;• Turn in Glorfindel's Elf-stone">
<prerequisites>
<prerequisite name="Vol._I%2C_Book_4%2C_Chapter_3%3A_The_Wisdom_of_Lord_Glorfindel"/>
</prerequisites>
<nextQuests>
<nextQuest name="Vol._I%2C_Book_4%2C_Chapter_5%3A_Hiding_in_the_Dark"/>
</nextQuests>
<rewards>
<reputation>
<reputationItem faction="Elves of Rivendell" amount="500"/>
</reputation>
</rewards>
</quest>
