<?xml version="1.0" encoding="UTF-8"?>
<quest id="1879049865" key="Vol._I,_Book_2,_Chapter_4:_Light_in_the_Darkness" title="Vol. I, Book 2, Chapter 4: Light in the Darkness" category="Epic - Vol. I, Book 2: The Red Maid" scope="Epic" questArc="Volume I, Book 2: The Red Maid" minimumLevel="17" type="EPIC" size="SOLO" faction="FREE_PEOPLES" repeatable="false" instanced="false" description="As Candaith returned from his journey in the lands to the east, he saw flashes atop Weathertop of white light, akin to lightning, though there was no storm." bestower="Candaith (NPC)" bestowerText="'As I was returning from the lands to the east, the night sky over Weathertop was lit by bright flashes of white light, akin to lightning, yet no clouds darkened the sky and of thunder there was no sound.&#13;&#10;&#13;&#10;'I think that no ordinary storm visited Amon Sûl that night. I ask you to search the ruins atop Weathertop and see if there is anything to find, my friend.&#13;&#10;&#13;&#10;'If you find anything out of the ordinary, return to me immediately.'" objectives="Objective 1:&#13;&#10;Weathertop towers above Candaith's camp.&#13;&#10;&#13;&#10;Candaith asked you to search Weathertop for anything out of the ordinary and to bring any news or evidence that you may find back to him.&#13;&#10;• Use Rune-covered Rock&#13;&#10;Objective 2:&#13;&#10;Candaith's camp is at the foot of Weathertop.&#13;&#10;&#13;&#10;You found a rune-covered rock and took a rubbing of the markings. You should return to Candaith and learn if he knows what the runes might mean.&#13;&#10;• Talk to Candaith&#13;&#10;• Turn in Rock-rubbing">
<prerequisites>
<prerequisite name="Vol._I%2C_Book_2%2C_Chapter_3%3A_War-master_Uzorr"/>
</prerequisites>
<nextQuests>
<nextQuest name="Vol._I%2C_Book_2%2C_Chapter_5_%28Solo%29%3A_Retake_Weathertop"/>
<nextQuest name="Vol._I%2C_Book_2%2C_Chapter_5_%28Fellowship%29%3A_Retake_Weathertop"/>
</nextQuests>
<rewards>
<money gold="0" silver="7" copper="0"/>
</rewards>
</quest>
