<?xml version="1.0" encoding="UTF-8"?>
<quest id="1879052582" key="Beasts_Among_the_Ruins" title="Beasts Among the Ruins" category="Trollshaws" scope="" questArc="Abominations" minimumLevel="33" type="STANDARD" size="SOLO" faction="FREE_PEOPLES" repeatable="false" instanced="false" description="Calenthon has observed some foul disease corrupting the bears of Nan Tornaeth and wants to ensure it does not pose a threat to travellers in the area." bestower="Calenthon (NPC)" bestowerText="'I have travelled throughout much of Nan Tornaeth in recent days, and few things trouble me like the corruption that has taken some of the beasts here. A fell malady has seized the bears that hunt in Nan Tornaeth, twisting their minds and bodies.&#13;&#10;&#13;&#10;'I do not know if this vile malady can spread to other creatures, (your name), but I want to know its source. We cannot risk this corruption leaving Nan Tornaeth and spreading across the Bruinen to Imladris itself.&#13;&#10;&#13;&#10;'Bring me pelts from the corrupted bears that stalk the valleys of Nan Tornaeth, and I will examine them for some sign of the malady's source.'" objectives="Objective 1:&#13;&#10;Corrupted bears stalk the passes and valleys of Nan Tornaeth.&#13;&#10;&#13;&#10;Calenthon is concerned about the corruption that seems to have affected the bears of Nan Tornaeth and wants you to bring him their pelts for study.&#13;&#10;• Turn in Tainted Bear-hide&#13;&#10;Objective 2:&#13;&#10;Calenthon is north-west of Thorenhad, keeping watch over Nan Tornaeth.&#13;&#10;&#13;&#10;Calenthon is waiting for you to return with tainted bear-hides from the diseased bears of Nan Tornaeth.&#13;&#10;• Talk to Calenthon&#13;&#10;• Turn in Tainted Bear-hide">
<nextQuests>
<nextQuest name="Calenthon_and_Malloval"/>
</nextQuests>
<rewards>
<money gold="0" silver="20" copper="65"/>
<reputation>
<reputationItem faction="Elves of Rivendell" amount="700"/>
</reputation>
</rewards>
</quest>
