<?xml version="1.0" encoding="UTF-8"?>
<quest id="1879048673" key="Vol._I,_Book_4,_Chapter_1:_Where_is_the_Horse_and_the_Rider%3F" title="Vol. I, Book 4, Chapter 1: Where is the Horse and the Rider?" category="Epic - Vol. I, Book 4: Chasing Shadows" scope="Epic" questArc="Volume I, Book 5: Chasing Shadows" minimumLevel="32" type="EPIC" size="SOLO" faction="FREE_PEOPLES" repeatable="false" instanced="false" description="Servants of the Enemy pursued Frodo Baggins to the Bruinen, and though the hobbit and his friends were saved and the fell creatures defeated by the power of Elrond, not all of the Nazgûl have been accounted for." bestower="Elrond (NPC)" bestowerText="'Welcome to Imladris, (your name). It is good that you have come. Rest well, but not too deeply or too long! We have need of adventuring folk, for there is evil beyond the vale.&#13;&#10;&#13;&#10;'Not more than two months ago, a hobbit by the name of Frodo Baggins and his companions were pursued to the Ford of Bruinen by servants of the Enemy. I speak of the Nine, the Nazgûl, fell creatures in the service of Sauron, and though the Bruinen fell upon them at my command, we have found the steeds of only eight. One of the Riders is unaccounted for.&#13;&#10;&#13;&#10;'My sons set forth with scouts bound to them by friendship to seek this missing Rider. I ask that you speak with Elladan at their camp of Thorenhad, among the Bruinen Gorges, and lend your aid to the search. We must learn where this Nazgûl has gone, and most importantly, his designs.'" objectives="Objective 1:&#13;&#10;Elladan is at his camp of Thorenhad on the north-western slope of the Bruinen Gorges, north of the bear-dens.&#13;&#10;&#13;&#10;Lord Elrond has asked you to lend your assistance to his sons Elladan and Elrohir, currently seeking the missing Nazgûl.&#13;&#10;• Talk to Elladan">
<nextQuests>
<nextQuest name="Vol._I%2C_Book_4%2C_Chapter_2%3A_The_Missing_Rider"/>
</nextQuests>
<rewards>
<money gold="0" silver="20" copper="30"/>
<reputation>
<reputationItem faction="Elves of Rivendell" amount="500"/>
</reputation>
</rewards>
</quest>
