<?xml version="1.0" encoding="UTF-8"?>
<quest id="1879052804" key="Weapons_of_the_Orcs" title="Weapons of the Orcs" category="Angmar" scope="" questArc="Schemes of Sabotage" minimumLevel="43" type="STANDARD" size="FELLOWSHIP" faction="FREE_PEOPLES" repeatable="false" instanced="false" description="The Orcs were further along in their plans to build siege-weapons with which to assault Gabilshathûr than Avar thought. He told you that they had built two siege weapons and were hiding them within the caves of Grishbalt." bestower="Avar (Dwarf)" bestowerText="'A very brave Dwarf-scout returned to Gabilshathûr and confirmed what I feared: the Orcs are building siege-weapons. In fact, they have already completed some of them! It is only a matter of time before they bring them to bear up on us.&#13;&#10;&#13;&#10;'We have had two pieces of luck though. The Orcs have hidden these weapons well in the caves of Grishbalt north of here. However, the Dwarf-scout saw them bring a load of lumber into the caves and carefully followed them in. The second piece of luck is that the Orcs have built only a single siege-tower and a single catapult. That makes the task easier...although only a little.&#13;&#10;&#13;&#10;'The caves of Grishbalt are to the north of here, along the east side of Duvuinen. The caves are infested with Orcs and trolls, so bring allies to help you.'" objectives="Objective 1:&#13;&#10;The caves of Grishbalt lie north of Gabilshathûr, along the east side of Duvuinen.&#13;&#10;&#13;&#10;Avar asked you to find and destroy the two siege-weapons the Orcs have hidden there.&#13;&#10;• Find a torch to burn the siege-tower&#13;&#10;Objective 2:&#13;&#10;The caves of Grishbalt lie north of Gabilshathûr, along the east side of Duvuinen.&#13;&#10;&#13;&#10;Avar asked you to find and destroy the two siege-weapons the Orcs have hidden there.&#13;&#10;• Find a torch to burn the catapult&#13;&#10;Objective 3:&#13;&#10;Avar is at Gabilshathûr, south of Duvuinen.&#13;&#10;&#13;&#10;You should return to the Avar with word of your success.">
<prerequisites>
<prerequisite name="Tools_of_the_Orcs"/>
</prerequisites>
<nextQuests>
<nextQuest name="The_Northern_Cousin"/>
<nextQuest name="Gaeruan%27s_Rage"/>
<nextQuest name="Onward_to_Gath_Forthn%C3%ADr"/>
</nextQuests>
<rewards>
<money gold="0" silver="48" copper="30"/>
<object name="Avar's Salute" pageURL="/wiki/Armour:Avar's_Salute" iconURL="http://content.turbine.com/sites/lorebook.lotro.com/images/icons/item/back/eq_angmar_back_12.png" quantity="1"/>
<selectOneOf>
<object name="Distilled Athelas Extract" pageURL="/wiki/Item:Distilled_Athelas_Extract" iconURL="http://content.turbine.com/sites/lorebook.lotro.com/images/icons/item/potion/it_c_potion_morale_instant_t5.png" quantity="2"/>
<object name="Avar's Leggings" pageURL="/wiki/Armour:Avar's_Leggings" iconURL="http://content.turbine.com/sites/lorebook.lotro.com/images/icons/item/legs/eq_new_angmar_light_legs_02.png" quantity="1"/>
<object name="The Siege-turner" pageURL="/wiki/Armour:The_Siege-turner" iconURL="http://content.turbine.com/sites/lorebook.lotro.com/images/icons/item/head/eq_new_angmar_heavy_head_01.png" quantity="1"/>
</selectOneOf>
</rewards>
</quest>
