<?xml version="1.0" encoding="UTF-8"?>
<quest id="1879049962" key="The_Tainted_Living" title="The Tainted Living" category="Lone-lands" scope="" questArc="Tainted Living" minimumLevel="25" type="STANDARD" size="SOLO" faction="FREE_PEOPLES" repeatable="false" instanced="false" description="Somehow the very essence of the Red Swamp has been corrupted. Radagast the Brown, a Wizard who has come to Agamaur, seeks to learn the cause." bestower="Radagast the Brown (NPC)" bestowerText="'Your efforts here in Agamaur are commendable, my good (your race), but perhaps not enough. The very swamp itself has been corrupted. By corrupted, I do not mean decayed, for that is simply the natural progression of life in such places, but rather evil has seeped into the very essence of Agamaur.&#13;&#10;&#13;&#10;'If you would, return to the swamp and gather the bark from the tree-stumps. I must collect something of the living things that inhabit Agamaur if I am to discover how Ivar corrupted this place. There are many bare stumps north-west of here.&#13;&#10;&#13;&#10;'I should warn you: because of the corruption here, you should not traverse Agamaur alone.'" objectives="Objective 1:&#13;&#10;There are many corrupted stumps in the north-west of Agamaur.&#13;&#10;&#13;&#10;Radagast has asked you to gather bark from the corrupted tree-stumps in Agamaur, so that he may continue his study into Ivar's means of causing the corruption. He warns you that Agamaur should not be traversed alone. You should gather allies.&#13;&#10;• Use Corrupted Stump&#13;&#10;Objective 2:&#13;&#10;Radagast is in the Eglan-camp in the southern parts of Agamaur.&#13;&#10;&#13;&#10;The task was not simple, for enemies were abundant in the swamp, but you managed to gather nine strips of bark for Radagast. You should return to the Wizard with your bounty.&#13;&#10;• Talk to Radagast the Brown&#13;&#10;• Turn in Root-bark">
<prerequisites>
<prerequisite name="Vol._I%2C_Book_2%2C_Chapter_15%3A_%28Fellowship%29The_Red-pass"/>
<prerequisite name="Vol._I%2C_Book_2%2C_Chapter_15_%28Solo%29%3A_The_Red-pass"/>
</prerequisites>
<rewards>
<money gold="0" silver="17" copper="85"/>
<reputation>
<reputationItem faction="Eglain" amount="700"/>
</reputation>
</rewards>
</quest>
