<?xml version="1.0" encoding="UTF-8"?>
<quest id="1879049920" key="Long_Overdue_Justice" title="Long Overdue Justice" category="Garth Agarwen" scope="" questArc="Long Overdue Justice" minimumLevel="27" type="STANDARD" size="SOLO" faction="FREE_PEOPLES" repeatable="false" instanced="false" description="Dannasen's desire to be avenged upon the Hillmen of Rhudaur is shared by Emelin, the leader of the shades of Arthedain who dwell in the southern bog." bestower="Dannasen (NPC)" bestowerText="'In years long past, the Angmarim and the Hillmen of Rhudaur did war upon the Kingdom of Arthedain, my people. It was an unjust war and the cause of much needless bloodshed, but the Hillmen worshipped the Witch-king of Angmar and did whatever he bade them. And so it was that they made sacrifices to him and defiled the land until the waters themselves seemed as blood.&#13;&#10;&#13;&#10;'And so arose the Red-maid. We knew not what she was, nor what she had been. Many even among the Hillmen fled from the creature, but many also remained and worshipped her.&#13;&#10;&#13;&#10;'The Hillmen caused this creature to come into being, and our curse as well. Justice is long overdue. Destroy them, and we shall fulfil our curse. They guard Garth Agarwen, the fortress of the Red-maid in the north-east of Agamaur.'" objectives="Objective 1:&#13;&#10;The Hillmen of Rhudaur occupy the ancient ruins called Garth Agarwen in the north-east of Agamaur. Adherents follow the Red-maid but are not truly Hillmen, they are drawn from the the Grim Créoth, Créoth Apprentices and the Créoth Disciples. The devoted are drawn from the Créoth Devout and Créoth Wardens. Lastly, the masters are drawn from the Créoth Chieftains and Leaders.&#13;&#10;&#13;&#10;The shade explained that the Rhudaur were responsible for raising the Red-maid, an evil creature of great power, and were in some way also responsible for the curse that holds the shades of Arthedain in Middle-earth. He has asked you to destroy the Hillmen, allowing him and his brethren to fulfil their curse.&#13;&#10;• Defeat Créoth Apprentices and Disciples (16)&#13;&#10;• Defeat Créoth Wardens (10)&#13;&#10;• Defeat Créoth Chieftains (12)&#13;&#10;Objective 2:&#13;&#10;Emelin resides with his brethren in the southernmost reaches of the Harloeg.&#13;&#10;&#13;&#10;You were sent to destroy the Hillmen of Rhudaur who dwell within Garth Agarwen. Your victory was not complete, but you struck a telling blow against the Hillmen. Emelin should be told of your efforts.&#13;&#10;• Talk to Emelin">
<prerequisites>
<prerequisite name="Vengeance_Comes"/>
</prerequisites>
<rewards>
<money gold="0" silver="18" copper="55"/>
<reputation>
<reputationItem faction="Eglain" amount="700"/>
</reputation>
<selectOneOf>
<object name="Shield of Rhudaur" pageURL="/wiki/Armour:Shield_of_Rhudaur" iconURL="http://content.turbine.com/sites/lorebook.lotro.com/images/icons/item/shield/eq_lonelands_heavy_shield_04.png" quantity="1"/>
<object name="Créoth's Justice" pageURL="/wiki/Weapon:Créoth's_Justice" iconURL="http://content.turbine.com/sites/lorebook.lotro.com/images/icons/item/weapon_spear/eq_lonelands_spear_02.png" quantity="1"/>
<object name="Créoth's Bane" pageURL="/wiki/Weapon:Créoth's_Bane" iconURL="http://content.turbine.com/sites/lorebook.lotro.com/images/icons/item/weapon_axe/eq_lonelands_1haxe_03.png" quantity="1"/>
<object name="Emelin's Pads" pageURL="/wiki/Armour:Emelin's_Pads" iconURL="http://content.turbine.com/sites/lorebook.lotro.com/images/icons/item/shoulders/eq_lonelands_light_shoulder_03.png" quantity="1"/>
</selectOneOf>
</rewards>
</quest>
