<?xml version="1.0" encoding="UTF-8"?>
<quest id="1879054474" key="Brew-master" title="Brew-master" category="North Downs" scope="" questArc="Brew-master" minimumLevel="24" type="STANDARD" size="SOLO" faction="FREE_PEOPLES" repeatable="false" instanced="false" description="The Dwarves of Othrikar are beset by supply troubles, stemming from the incursion of Orcs and Wargs from the north and the betrayal of the Dourhands." bestower="Hornbori (NPC)" bestowerText="'You've done a good job for us with that bear-meat and the grain. You've proved yourself a friend to Othrikar. But now I have some grave and serious news, and I need to ask for your help once again.&#13;&#10;&#13;&#10;'Before those blasted Dourhands left, they stole most of the yeast and poisoned the rest. You do know what that means, don't you? No beer! This is an outrage not to be borne!&#13;&#10;&#13;&#10;'Morale around here is bad enough without running out of beer for our miners. I need you to go to the Dourhand camp north of here and get that yeast back!'" objectives="Objective 1:&#13;&#10;The stolen yeast is at the Dourhand camp north of Othrikar. Hornbori is at Othrikar, south of the Dourhand camp.&#13;&#10;&#13;&#10;After you returned from Gatson's farm, Hornbori told you that the Dourhand dwarves had stolen or poisoned all of Othrikar's yeast, which threatens their supply of beer. He has asked you to rectify this outrage by recovering the stolen yeast.&#13;&#10;• Bring the yeast pouch back to Hornbori (Hornbori)&#13;&#10;• Turn in Pouch of Yeast">
<prerequisites>
<prerequisite name="Grain-hunter"/>
</prerequisites>
<rewards>
<money gold="0" silver="28" copper="0"/>
<selectOneOf>
<object name="Happ-leggar" pageURL="/wiki/Armour:Happ-leggar" iconURL="http://content.turbine.com/sites/lorebook.lotro.com/images/icons/item/legs/eq_northdowns_medium_legs_03.png" quantity="1"/>
<object name="Brew-master's Shield" pageURL="/wiki/Armour:Brew-master's_Shield" iconURL="http://content.turbine.com/sites/lorebook.lotro.com/images/icons/item/shield/eq_northdowns_shield_03.png" quantity="1"/>
</selectOneOf>
</rewards>
</quest>
