<?xml version="1.0" encoding="UTF-8"?>
<quest id="1879050072" key="Rogue%27s_Gallery" title="Rogue's Gallery" category="Bree-land" scope="" questArc="The Baying of Wolves" minimumLevel="11" type="STANDARD" size="SOLO" faction="FREE_PEOPLES" repeatable="false" instanced="false" description="Chief Grimbriar wants you to deal a significant blow to the brigands' leadership in Bree-land." bestower="Chief Watcher Grimbriar (NPC)" bestowerText="'Now listen here. I am not going to invite the aid of those Rangers out of the wild. The Men of Bree are capable of defending their own lands from the threats they face, and we will not rely on strange folk for assistance.&#13;&#10;&#13;&#10;'This information speaks of the captain who led the raid on Dogwood's Farm and his current location. We have a chance to strike a telling blow against these brigands and find out more about them.&#13;&#10;&#13;&#10;'It appears that the leader established a camp within a thick copse of trees behind the knoll to the west. The knoll in question is to the south of Dogwood's Farm. Let us strike this blow for the Men of Bree-land.'" objectives="Objective 1:&#13;&#10;The brigand leader is encamped in a copse of trees to the west of Grimbriar's post. Grimbriar awaits your return at his post at the stone house near the crossroads of Bree.&#13;&#10;&#13;&#10;Grimbriar's spy provided information on the location of the brigand leader responsible for the latest attacks on the farms of Bree-land. Grimbriar then asked you strike a blow against the brigands and obtain any information you could from the leader.&#13;&#10;• Talk to Chief Watcher Grimbriar&#13;&#10;• Turn in Brigand's Note">
<prerequisites>
<prerequisite name="Shadow_of_the_White_Hand"/>
</prerequisites>
<nextQuests>
<nextQuest name="Sharkey%27s_Plan"/>
</nextQuests>
<rewards>
<money gold="0" silver="1" copper="80"/>
<reputation>
<reputationItem faction="Men of Bree" amount="700"/>
</reputation>
</rewards>
</quest>
