<?xml version="1.0" encoding="UTF-8"?>
<quest id="1879051784" key="Prologue:_The_Old_Dourhand_City" title="Prologue: The Old Dourhand City" category="Epic - Vol. I, Prologue" scope="Epic" questArc="Ered Luin Epic Prologue (Dwarf Path)" minimumLevel="5" type="EPIC" size="SOLO" faction="FREE_PEOPLES" repeatable="false" instanced="false" description="Rothgar told you about the old Dourhand city to the west of Noglond, but does not know why the Dourhands would bring the stolen gold into it -- the city was overrun by goblins two years earlier." bestower="Rothgar (NPC)" bestowerText="'The thrushes saw the Dourhands carrying this stolen gold into the old Dourhand city to the west? That is very peculiar. You see, it has been infested with goblins for the past two years!&#13;&#10;&#13;&#10;'I don't know why the Dourhands would bring the gold into a goblin-held city, even if they once called it home. Most peculiar. It reminds me of the tale of....&#13;&#10;&#13;&#10;'I am sorry. You want to head west to the old Dourhand city and search it for the stolen Longbeard gold, I expect. It won't be easy, but I'll be waiting to hear of your exploits! Head west of Noglond and look for the stairs carved into the mountainside...and watch out for the goblins!'" objectives="Objective 1:&#13;&#10;The old Dourhand city lies to the west of Noglond, up a flight of steps carved into the mountains.&#13;&#10;&#13;&#10;Rothgar has confirmed the existence of an old stronghold of the Dourhands, now goblin-infested, near Noglond. If the thrushes are correct, the Dourhands brought the stolen gold into the city.&#13;&#10;• Turn in Stolen Longbeard-gold&#13;&#10;Objective 2:&#13;&#10;Rothgar is at Noglond, east of the old Dourhand city, along the road that runs through the Vale of Thráin.&#13;&#10;&#13;&#10;You have recovered the stolen gold and should return it to Rothgar for delivery, as Dwalin instructed.&#13;&#10;• Talk to Rothgar&#13;&#10;• Turn in Stolen Longbeard-gold">
<prerequisites>
<prerequisite name="Prologue%3A_The_Wisdom_of_the_Thrushes"/>
</prerequisites>
<nextQuests>
<nextQuest name="Prologue%3A_Gondamon_in_the_Low-lands"/>
</nextQuests>
<rewards>
<money gold="0" silver="0" copper="90"/>
<selectOneOf>
<object name="Polished Silver Earring" pageURL="/wiki/Item:Polished_Silver_Earring" iconURL="http://content.turbine.com/sites/lorebook.lotro.com/images/icons/item/jewelry/eq_breeland_unpaid_earring_02.png" quantity="1"/>
<object name="Sparkling Silver Earring" pageURL="/wiki/Item:Sparkling_Silver_Earring" iconURL="http://content.turbine.com/sites/lorebook.lotro.com/images/icons/item/jewelry/eq_breeland_unpaid_earring_01.png" quantity="1"/>
</selectOneOf>
</rewards>
</quest>
