<?xml version="1.0" encoding="UTF-8"?>
<quest id="1879048280" key="Bounty:_Goblin-scabbards" title="Bounty: Goblin-scabbards" category="Lone-lands" scope="" questArc="" minimumLevel="18" type="STANDARD" size="SOLO" faction="FREE_PEOPLES" repeatable="true" instanced="false" description="Gadaric Munce has asked for vengeance to be meted out to the goblins now infesting Minas Eriol. They are responsible for the death of many of Gadaric's people, and he has offered rewards for their destruction." bestower="Gadaric Munce (NPC)" bestowerText="'My charge is clear: revisit a measured vengeance upon the goblins. Still, I feel this is not enough.&#13;&#10;&#13;&#10;'The goblins are responsible for the deaths of many. I want to revisit upon them what they wrought upon us. I will pay you in trade and recognition among my people if you are willing to assist me in this endeavour.&#13;&#10;&#13;&#10;'Any goblin from the north-east of this encampment to the depths of Minas Eriol will suffice as many will carry the proof that I desire: scabbards, leather scabbards used to house their murderous daggers. Seek out the goblins in those places and claim their scabbards. Return them to me, and I will see that you receive a fitting reward.'" objectives="Objective 1:&#13;&#10;Goblins can be found north-east in the shadow of Weathertop or in the ruins of Minas Eriol, south-east of the Forsaken Inn.&#13;&#10;&#13;&#10;Gadaric Munce wants to collect the bounty on the scabbards carried by goblins in the Lone-lands.&#13;&#10;&#13;&#10;&lt;rgb=#FF0000&gt;NOTE: Bounty quests are repeatable quests, but have a finite number of completions. This quest can be completed three times.&#13;&#10;• Bring goblin-scabbards to Gadaric Munce (Gadaric Munce)&#13;&#10;• Turn in Goblin-scabbard">
<rewards>
<money gold="0" silver="8" copper="50"/>
<reputation>
<reputationItem faction="Eglain" amount="700"/>
</reputation>
<object name="Rushlight Candle" pageURL="/wiki/Item:Rushlight_Candle" iconURL="http://content.turbine.com/sites/lorebook.lotro.com/images/icons/item/ingredient_optional/it_craft_s_t2_optional_ingredient.png" quantity="1"/>
<object name="Small Whetstone" pageURL="/wiki/Item:Small_Whetstone" iconURL="http://content.turbine.com/sites/lorebook.lotro.com/images/icons/item/ingredient_optional/it_craft_ws_t2_optional_ingredient.png" quantity="1"/>
<object name="Bree Flax Fibre" pageURL="/wiki/Item:Bree_Flax_Fibre" iconURL="http://content.turbine.com/sites/lorebook.lotro.com/images/icons/item/ingredient_optional/it_craft_t_t2_optional_ingredient.png" quantity="1"/>
<object name="Drop of Ashy Resin" pageURL="/wiki/Item:Drop_of_Ashy_Resin" iconURL="http://content.turbine.com/sites/lorebook.lotro.com/images/icons/item/ingredient_optional/it_craft_ww_t2_optional_ingredient.png" quantity="1"/>
<selectOneOf>
<object name="Journeyman Jeweller Scroll Case" pageURL="/wiki/Item:Journeyman_Jeweller_Scroll_Case" iconURL="http://content.turbine.com/sites/lorebook.lotro.com/images/icons/item/scroll/it_scrollcase_j_tier2.png" quantity="1"/>
<object name="Journeyman Metalworker Scroll Case" pageURL="/wiki/Item:Journeyman_Metalworker_Scroll_Case" iconURL="http://content.turbine.com/sites/lorebook.lotro.com/images/icons/item/scroll/it_scrollcase_mw_tier2.png" quantity="1"/>
<object name="Journeyman Tailor Scroll Case" pageURL="/wiki/Item:Journeyman_Tailor_Scroll_Case" iconURL="http://content.turbine.com/sites/lorebook.lotro.com/images/icons/item/scroll/it_scrollcase_t_tier2.png" quantity="1"/>
<object name="Journeyman Weaponsmith Scroll Case" pageURL="/wiki/Item:Journeyman_Weaponsmith_Scroll_Case" iconURL="http://content.turbine.com/sites/lorebook.lotro.com/images/icons/item/scroll/it_scrollcase_ws_tier2.png" quantity="1"/>
<object name="Journeyman Woodworker Scroll Case" pageURL="/wiki/Item:Journeyman_Woodworker_Scroll_Case" iconURL="http://content.turbine.com/sites/lorebook.lotro.com/images/icons/item/scroll/it_scrollcase_ww_tier2.png" quantity="1"/>
<object name="Journeyman Scholar Scroll Case" pageURL="/wiki/Item:Journeyman_Scholar_Scroll_Case" iconURL="http://content.turbine.com/sites/lorebook.lotro.com/images/icons/item/scroll/it_scrollcase_s_tier2.png" quantity="1"/>
<object name="Journeyman Tool Scroll Case" pageURL="/wiki/Item:Journeyman_Tool_Scroll_Case" iconURL="http://content.turbine.com/sites/lorebook.lotro.com/images/icons/item/scroll/it_scrollcase_tools_tier2.png" quantity="1"/>
</selectOneOf>
</rewards>
</quest>
