<?xml version="1.0" encoding="UTF-8"?>
<quest id="1879054142" key="Master_of_the_Black_Tide" title="Master of the Black Tide" category="North Downs" scope="" questArc="" minimumLevel="32" type="STANDARD" size="FELLOWSHIP" faction="FREE_PEOPLES" repeatable="false" instanced="false" description="The Rangers of Esteldín believe that the Orc-horde that swept down from Ram Dúath is led by two Uruks, one of which has been sighted amidst the army gathered in Dol Dínen." bestower="Arohir (NPC)" bestowerText="'$PLAYER$, the opportunity to cripple the Orcs in Dol Dínen has finally presented itself. We are certain that there are two generals, Uruks of Angmar, who lead the Orc-horde which came down out of Ram Dúath, but until now they have been hidden from us. One of the Uruks has been seen in Dol Dínen!&#13;&#10;&#13;&#10;'We still cannot risk exposing Esteldín to the Orcs, so we must rely on yourself and others to weaken them. Gather your allies and journey into the heart of the Orc-camp. Search for the general on the hill overlooking the fields and slay him. Bring me back a token of his armour as evidence that you have completed the task.&#13;&#10;&#13;&#10;'Such a blow will certainly cripple the Orc-horde, at least until a replacement can be sent, giving us time to prepare a defence.'" objectives="Objective 1:&#13;&#10;The Uruk-general can be found atop a hill at the heart of the Orc-encampment in Dol Dínen, south-east of Esteldín.&#13;&#10;&#13;&#10;Arohir has tasked you with slaying the Uruk-general discovered in Dol Dínen. He has asked you to bring back the Uruk's armour as proof of the deed. He also warned you to take allies.&#13;&#10;• Kill 1 Zaukîl&#13;&#10;• Speak to Arohir (Arohir)&#13;&#10;• Turn in Uruk-breastplate">
<prerequisites>
<prerequisite name="Orcs_of_the_Blood_Mountain"/>
</prerequisites>
<nextQuests>
<nextQuest name="A_Leader_Unveiled"/>
</nextQuests>
<rewards>
<money gold="0" silver="40" copper="60"/>
<reputation>
<reputationItem faction="Rangers of Esteldín" amount="1200"/>
</reputation>
<selectOneOf>
<object name="Postolf" pageURL="/wiki/Weapon:Postolf" iconURL="http://content.turbine.com/sites/lorebook.lotro.com/images/icons/item/weapon_staff/eq_northdowns_staff_05.png" quantity="1"/>
<object name="Balandram" pageURL="/wiki/Weapon:Balandram" iconURL="http://content.turbine.com/sites/lorebook.lotro.com/images/icons/item/weapon_mace/eq_northdowns_1hmace_07.png" quantity="1"/>
<object name="Zaukîl's Doom" pageURL="/wiki/Weapon:Zaukîl's_Doom" iconURL="http://content.turbine.com/sites/lorebook.lotro.com/images/icons/item/weapon_sword/eq_northdowns_2hsword_07.png" quantity="1"/>
<object name="Arohir's Spear" pageURL="/wiki/Weapon:Arohir's_Spear" iconURL="http://content.turbine.com/sites/lorebook.lotro.com/images/icons/item/weapon_spear/eq_northdowns_spear_02.png" quantity="1"/>
</selectOneOf>
</rewards>
</quest>
