<?xml version="1.0" encoding="UTF-8"?>
<quest id="1879053183" key="Vol._I,_Book_6,_Chapter_6:_Challenging_the_Stone" title="Vol. I, Book 6, Chapter 6: Challenging the Stone" category="Epic - Vol. I, Book 6: Fires in the North" scope="Epic" questArc="Volume I, Book 6: Fires in the North" minimumLevel="41" type="EPIC" size="SOLO" faction="FREE_PEOPLES" repeatable="false" instanced="false" description="Corunir reacted strangely to the presence and touch of the stone-heart, recoiling from it in terror. He told you that the heart had been prepared to receive a fell spirit from an elder Age, similar to those that inhabit the wights which serve Angmar." bestower="Corunir (NPC)" bestowerText="'Nay, take this evil thing...I can bear it no longer! My apologies, friend, but the sense of this thing is too much likened to the terror of Rammas Deluon. I cannot bear its presence.&#13;&#10;&#13;&#10;'But I know now the secret of the stones of Rammas Deluon. It is no spell that grants the statues such power, but a fell spirit of an elder Age, such as those that inhabit the wights which serve Angmar. This stone-heart was prepared to receive such a spirit.&#13;&#10;&#13;&#10;'Perhaps this heart may be made to draw forth such a spirit from another stone. It may be a clue to breaking the will of the watching-stones! Take this stone-heart to the ancient watching-stone which stands near the eastern pass of Ram Dúath to the east of here, not far from Bail Róva, a fortress of the Angmarim'" objectives="Objective 1:&#13;&#10;The ancient watching-stone is near the eastern pass of Ram Dúath, near Bail Róva, east of Aughaire.&#13;&#10;&#13;&#10;Corunir believes that the stone-heart may be able to draw forth the fell spirit from another watching-stone and has asked you to test his theory upon an ancient watching-stone which guards the passes of Ram Dúath.&#13;&#10;• Kill 1 Enraged Fell-spirit&#13;&#10;• Present Heart-stone to Ancient Watching-stone&#13;&#10;Objective 2:&#13;&#10;Corunir is at the Hillman-village of Aughaire, west of Bail Róva.&#13;&#10;&#13;&#10;With the spirit of the ancient watching-stone defeated, you should return to Corunir with the news of hope.&#13;&#10;• Talk to Corunir&#13;&#10;• Turn in Stone-heart">
<prerequisites>
<prerequisite name="Vol._I%2C_Book_6%2C_Chapter_5%3A_The_Sorcerer%27s_Doom"/>
</prerequisites>
<nextQuests>
<nextQuest name="Vol._I%2C_Book_6%2C_Chapter_7%3A_Beyond_Rammas_Deluon"/>
<nextQuest name="Lifting_the_Yoke"/>
<nextQuest name="Worse_than_Death"/>
<nextQuest name="The_Tincture"/>
<nextQuest name="A_Tenuous_Thread"/>
<nextQuest name="Bogbereth%27s_Brood"/>
<nextQuest name="Stamping_out_the_Enemy"/>
<nextQuest name="Pushing_the_Panic"/>
<nextQuest name="Spirits_of_Old"/>
<nextQuest name="Tools_of_the_Orcs"/>
<nextQuest name="Gaeruan%27s_Rage"/>
<nextQuest name="A_Dire_Need"/>
<nextQuest name="Desperate_Straits"/>
<nextQuest name="Scaled_Menace"/>
<nextQuest name="Gem-hunter"/>
<nextQuest name="Foul_Waters"/>
<nextQuest name="The_Secret_of_the_Swords"/>
<nextQuest name="The_Winged_Host"/>
<nextQuest name="The_Highwayman"/>
<nextQuest name="The_Arena_of_Maethad"/>
<nextQuest name="Breathing-space"/>
<nextQuest name="The_Lost_Dwarves"/>
<nextQuest name="The_Lost_Dwarves"/>
<nextQuest name="Quenching_the_Flames"/>
<nextQuest name="The_Enemy%27s_Arms"/>
<nextQuest name="The_Drake-queen%27s_Brood"/>
<nextQuest name="The_Council_of_the_North"/>
<nextQuest name="Crests_of_Valour_--_Introduction"/>
<nextQuest name="Icon_of_Heroes_--_Introduction"/>
<nextQuest name="Bone_Amulets_--_Introduction"/>
<nextQuest name="Wicked_Daggers_--_Introduction"/>
<nextQuest name="War_Dispatches_--_Introduction"/>
<nextQuest name="Crests_of_Vigilance_--_Introduction"/>
</nextQuests>
<rewards>
<money gold="0" silver="23" copper="45"/>
<trait id="Conqueror_of_the_Watching-stones" name="Conqueror of the Watching-stones"/>
<selectOneOf>
<object name="Eiliangor" pageURL="/wiki/Item:Eiliangor" iconURL="http://content.turbine.com/sites/lorebook.lotro.com/images/icons/item/jewelry/eq_angmar_bracelet_07.png" quantity="1"/>
<object name="Corunir's Axe" pageURL="/wiki/Weapon:Corunir's_Axe" iconURL="http://content.turbine.com/sites/lorebook.lotro.com/images/icons/item/weapon_axe/eq_angmar_1haxe_06.png" quantity="1"/>
<object name="Thalronn" pageURL="/wiki/Weapon:Thalronn" iconURL="http://content.turbine.com/sites/lorebook.lotro.com/images/icons/item/weapon_mace/eq_angmar_1hclub_06.png" quantity="1"/>
<object name="Corunir's Robe" pageURL="/wiki/Armour:Corunir's_Robe" iconURL="http://content.turbine.com/sites/lorebook.lotro.com/images/icons/item/chest/eq_angmar_light_chest_02.png" quantity="1"/>
</selectOneOf>
</rewards>
</quest>
