<?xml version="1.0" encoding="UTF-8"?>
<quest id="1879054146" key="War_and_Famine" title="War and Famine" category="North Downs" scope="" questArc="Hillmen of the North" minimumLevel="30" type="STANDARD" size="SOLO" faction="FREE_PEOPLES" repeatable="false" instanced="false" description="Hillmen from Angmar followed the Orc army through Ram Dúath into the North Downs and established an encampment near the head of the pass. These Hillmen serve to keep open the passage from Angmar." bestower="Arohir (NPC)" bestowerText="'We are ill-prepared to deal with this force from Ram Dúath. While they are not entrenched, they are well-armed and outfitted. This places us at a disadvantage.&#13;&#10;&#13;&#10;'We need time, and to furnish that time, we need to slow their progress and ability to wage this war. Find and destroy their weapons, shields, and food stores. This may slow their advance long enough to mount a sufficent attack.&#13;&#10;&#13;&#10;'You have faced this enemy once already, I would ask that you return to their encampment, further north this time, in search of their armaments and provisions. Destroy them, then return to me.'" objectives="Objective 1:&#13;&#10;The food stores, weapons, and shields can be found in the northern part of the Hillmen's camp, north-east of Esteldín.&#13;&#10;&#13;&#10;Arohir the Ranger has tasked you with destroying the food stores, weapons, and shields of the Hillmen, affecting their ability to effectively wage war.&#13;&#10;• Use Hillman Weapon-rack&#13;&#10;• Use Hillman Shield-rack&#13;&#10;• Use Food-crate&#13;&#10;Objective 2:&#13;&#10;Arohir awaits your return at Esteldín.&#13;&#10;&#13;&#10;After entering the Hillman camp, you found and destroyed their weapons, armour, and food stores in an effort to slow their progress and ability to field a true army. Arohir will be pleased to hear this news.&#13;&#10;• Talk to Arohir">
<prerequisites>
<prerequisite name="Hillmen_of_the_North"/>
</prerequisites>
<nextQuests>
<nextQuest name="Plague-bearer_of_the_North"/>
</nextQuests>
<rewards>
<money gold="0" silver="19" copper="60"/>
<reputation>
<reputationItem faction="Rangers of Esteldín" amount="700"/>
</reputation>
</rewards>
</quest>
