<?xml version="1.0" encoding="UTF-8"?>
<quest id="1879048672" key="The_Shadow_Falls" title="The Shadow Falls" category="North Downs" scope="" questArc="Wraiths of Fornost" minimumLevel="37" type="STANDARD" size="SOLO" faction="FREE_PEOPLES" repeatable="false" instanced="false" description="You have recovered the four morgul-hilts from the wraiths in the ruins of Fornost. Istuienn has asked for your help in finding a way to destroy them." bestower="Istuienn (NPC)" bestowerText="'So, you say you have defeated the wraiths? I fear that they were not wholly destroyed, for they are bound to this world by the spells upon those hilts.&#13;&#10;&#13;&#10;'The malice of their spirits still remains, and they will return in time. I have read all I can from the morgul-hilts. They are twisted and black, but they bear strange devices for works of the Enemy. I would ask you to bear the hilts as quickly as may be to the vale of Rivendell to the house of Elrond Halfelven...he will know how best to deal with them.&#13;&#10;&#13;&#10;'Rivendell lies deep in the Trollshaws, far to the south and east. Destroying the hilts should break the spell that binds their unseen sinews to this world. I caution you again: do not handle the hilts, but carry them as swiftly as possible to Rivendell.'" objectives="Objective 1:&#13;&#10;Elrond can be found at Rivendell in the Trollshaws to the south and east of the North Downs.&#13;&#10;&#13;&#10;Istuienn told you to take the morgul-hilts to Elrond Halfelven to be destroyed.&#13;&#10;• Talk to Elrond&#13;&#10;Objective 2:&#13;&#10;Hemeldir can be found at the Forges of Rivendell outside the Halls of Elrond.&#13;&#10;&#13;&#10;Elrond told you to take the morgul-hilts to his chief smith, Hemeldir.&#13;&#10;• Talk to Hemeldir&#13;&#10;• Turn in Remmenaeg's Morgul-hilt&#13;&#10;• Turn in Megoriath's Morgul-hilt&#13;&#10;• Turn in Rhavameldir's Morgul-hilt&#13;&#10;• Turn in Brogadan's Morgul-hilt">
<prerequisites>
<prerequisite name="The_Darkness_Within"/>
</prerequisites>
<rewards>
<money gold="0" silver="22" copper="5"/>
<selectOneOf>
<object name="Dermaib" pageURL="/wiki/Armour:Dermaib" iconURL="http://content.turbine.com/sites/lorebook.lotro.com/images/icons/item/hands/eq_northdowns_light_hands_01.png" quantity="1"/>
<object name="Filegdail" pageURL="/wiki/Armour:Filegdail" iconURL="http://content.turbine.com/sites/lorebook.lotro.com/images/icons/item/feet/eq_northdowns_heavy_feet_05.png" quantity="1"/>
<object name="Deep-delvers" pageURL="/wiki/Armour:Deep-delvers" iconURL="http://content.turbine.com/sites/lorebook.lotro.com/images/icons/item/shoulders/eq_northdowns_medium_shoulder_05.png" quantity="1"/>
<object name="Remmenaeg's Fall" pageURL="/wiki/Weapon:Remmenaeg's_Fall" iconURL="http://content.turbine.com/sites/lorebook.lotro.com/images/icons/item/weapon_sword/eq_northdowns_1hsword_04.png" quantity="1"/>
</selectOneOf>
</rewards>
</quest>
