<?xml version="1.0" encoding="UTF-8"?>
<quest id="1879048259" key="Hunters_Become_Prey" title="Hunters Become Prey" category="Lone-lands" scope="" questArc="Vengeance for the Lost" minimumLevel="18" type="STANDARD" size="SOLO" faction="FREE_PEOPLES" repeatable="false" instanced="false" description="The goblins in Annunlos used Wargs, evil beasts of war, to hunt members of the Eglain in the ruins of Minas Eriol. Gadaric wants vengeance on the foul beasts for the murders of his people." bestower="Gadaric Munce (NPC)" bestowerText="'My people suffered such horrors as Wargs tore through the ruins before the lashes of their masters. Ferocious and unyielding, the beasts devoured many members of my tribe, even as they lay dying.&#13;&#10;&#13;&#10;'The beasts must be punished, and my people must find their strength again. The Wargs dwell now among the ruins of Minas Eriol, the home they stole from my people! We must humiliate the enemy, take their tails, and show them they are weak.&#13;&#10;&#13;&#10;'Hunt down the Wargs, collect their tails, and bring them to me so I can see smiles once more upon the faces of those few that remain of my people!'" objectives="Objective 1:&#13;&#10;Wargs can be found among the ruins of Minas Eriol to the south-east of The Forsaken Inn.&#13;&#10;&#13;&#10;Gadaric Munce believes that taking the tails of the Wargs who murdered his people will renew the will of the Eglain and humiliate the Wargs and their goblin-masters.&#13;&#10;• Bring Warg-tails to Gadaric Munce (Gadaric Munce)&#13;&#10;• Turn in Warg-tail">
<nextQuests>
<nextQuest name="My_Brother_Hunulf"/>
</nextQuests>
<rewards>
<money gold="0" silver="13" copper="60"/>
<reputation>
<reputationItem faction="Eglain" amount="1200"/>
</reputation>
<selectOneOf>
<object name="Munce's Gauntlets" pageURL="/wiki/Armour:Munce's_Gauntlets" iconURL="http://content.turbine.com/sites/lorebook.lotro.com/images/icons/item/hands/eq_lonelands_light_hands_01.png" quantity="1"/>
<object name="Munce's Axe" pageURL="/wiki/Weapon:Munce's_Axe" iconURL="http://content.turbine.com/sites/lorebook.lotro.com/images/icons/item/weapon_axe/eq_lonelands_1haxe_01.png" quantity="1"/>
<object name="Munce's Cape" pageURL="/wiki/Armour:Munce's_Cape" iconURL="http://content.turbine.com/sites/lorebook.lotro.com/images/icons/item/back/eq_lonelands_back_05.png" quantity="1"/>
</selectOneOf>
</rewards>
</quest>
