<?xml version="1.0" encoding="UTF-8"?>
<quest id="1879049849" key="Vol._I,_Book_2,_Chapter_8:_The_Red_Swamp" title="Vol. I, Book 2, Chapter 8: The Red Swamp" category="Epic - Vol. I, Book 2: The Red Maid" scope="Epic" questArc="Volume I, Book 2: The Red Maid" minimumLevel="22" type="EPIC" size="SOLO" faction="FREE_PEOPLES" repeatable="false" instanced="false" description="An aura of corruption drew Radagast the Brown to the Red Swamp. He needs help to uncover the source of this corruption." bestower="Radagast the Brown (NPC)" bestowerText="'The land itself is turning against us, and I know not the reason why. Even the shepherds are twisted shadows of their former selves. I speak of the bog-prowlers, those that tend to the trees.&#13;&#10;&#13;&#10;'If I can discern what is twisting the shepherds, I may be able to determine what is fouling the land. Bring me the moss that they use to line their nests. They roam the swamp to the east of here.&#13;&#10;&#13;&#10;'Remember, I do not wish to harm the shepherds, no matter how confused they appear. They are innocent victims of the corruption and know not the harm they do.'" objectives="Objective 1:&#13;&#10;The bog-prowlers wander in Haragmar, east of Ost Guruth.&#13;&#10;&#13;&#10;In order to learn what might be causing the corruption of the swamp, Radagast needs bits of moss from the nests of the bog-prowlers.&#13;&#10;• Use Bog-prowler Nest&#13;&#10;Objective 2:&#13;&#10;Radagast waits in Ost Guruth, west of Haragmar.&#13;&#10;&#13;&#10;You should return to Radagast the Brown with the moss you collected.&#13;&#10;• Talk to Radagast the Brown&#13;&#10;• Turn in Bog-moss">
<prerequisites>
<prerequisite name="Vol._I%2C_Book_2%2C_Chapter_7%3A_Radagast_the_Brown"/>
</prerequisites>
<nextQuests>
<nextQuest name="Vol._I%2C_Book_2%2C_Chapter_9%3A_The_Bloated_Dead"/>
</nextQuests>
<rewards>
<money gold="0" silver="14" copper="50"/>
</rewards>
</quest>
