<?xml version="1.0" encoding="UTF-8"?>
<quest id="1879051313" key="A_Brokered_Peace" title="A Brokered Peace" category="Lone-lands" scope="" questArc="Gentle Giants" minimumLevel="24" type="STANDARD" size="SOLO" faction="FREE_PEOPLES" repeatable="false" instanced="false" description="With the migration of Orcs and goblins to the western Lone-lands, the Eglain attempted to rekindle old trade relations with an Elf from Rivendell to the east. However, they encountered great, lumbering beasts upon the Road and dared not continue forwards." bestower="Kekkonen (NPC)" bestowerText="'Kekkonen will accept the offer from this tribe you help, these Eglain. You have shown the Jorthkyn that there is strength in the little people who dwell here.&#13;&#10;&#13;&#10;'Return to your folk and tell them that they may come to us, and we will speak with them and be friends.&#13;&#10;&#13;&#10;'Go to their rocks to the north and give them my words.'" objectives="Objective 1:&#13;&#10;Frideric the Elder awaits word from you at Ost Guruth, north of the Tornstones.&#13;&#10;&#13;&#10;After assisting the Earth-kin, Kekkonen sent you to speak with Frideric and let him know that they wish to become allies.&#13;&#10;• Talk to Frideric the Elder">
<prerequisites>
<prerequisite name="Pursued_by_the_Past"/>
</prerequisites>
<rewards>
<money gold="0" silver="17" copper="50"/>
<reputation>
<reputationItem faction="Eglain" amount="1200"/>
</reputation>
<object name="Diplomat's Cloak" pageURL="/wiki/Armour:Diplomat's_Cloak" iconURL="http://content.turbine.com/sites/lorebook.lotro.com/images/icons/item/back/eq_lonelands_back_02.png" quantity="1"/>
<selectOneOf>
<object name="Diplomat Leggings" pageURL="/wiki/Armour:Diplomat_Leggings" iconURL="http://content.turbine.com/sites/lorebook.lotro.com/images/icons/item/legs/eq_lonelands_light_legs_03.png" quantity="1"/>
<object name="Diplomat's Ward" pageURL="/wiki/Armour:Diplomat's_Ward" iconURL="http://content.turbine.com/sites/lorebook.lotro.com/images/icons/item/shield/eq_lonelands_heavy_shield_03.png" quantity="1"/>
<object name="Diplomat's Shield" pageURL="/wiki/Armour:Diplomat's_Shield" iconURL="http://content.turbine.com/sites/lorebook.lotro.com/images/icons/item/shield/eq_lonelands_medium_shield_03.png" quantity="1"/>
</selectOneOf>
</rewards>
</quest>
