<?xml version="1.0" encoding="UTF-8"?>
<quest id="1879050070" key="Breaking_Alliances" title="Breaking Alliances" category="Bree-land" scope="" questArc="My Brethren's Call" minimumLevel="14" type="STANDARD" size="SOLO" faction="FREE_PEOPLES" repeatable="false" instanced="false" description="Rangers, watching movements of enemies from the north and south, are concerned over the appearance of a foe they have long fought in the north." bestower="Andreg (NPC)" bestowerText="'Your efforts in the south yielded information about Bill Ferny, a Man of Bree with terrible and self-serving ideals. Ferny was working to assist the brigands loyal to Sharkey to join with the Tarkrîp Orcs coming from the north. Such an alliance would pinch the resources to Bree-land from both sides and spell certain doom for her people. Your efforts here in the north have done much to assist us in seeing that the Orcs are broken and their strength diminished.&#13;&#10;&#13;&#10;'Your recent discovery of a cave built into the cliff face at Cirith Núr leads me to believe that the cave will serve a terrible purpose; a place for Ferny to meet with the Orc-leaders and facilitate an arrangement to further invade Bree.&#13;&#10;&#13;&#10;'It seems now that you have been chosen to avert this invasion and shatter this alliance once and for all. You will need to return to the encampment at Cirith Núr and enter the cavern to disrupt the alliance. You must see that the Orcs and evil Men do not succeed in their plans. Are you prepared?'" objectives="Objective 1:&#13;&#10;The meeting cave is in the Orc-encampment of Cirith Núr, north-west of the Old Greenway Fort.&#13;&#10;&#13;&#10;Andreg has tasked you with finding the cave where the brigands and Orcs plan to meet and defeat their leaders.&#13;&#10;• Locate the cave&#13;&#10;Objective 2:&#13;&#10;You have found the cave. Now all that remains is to enter it, disperse the brigands and Orcs, and defeat their leaders.&#13;&#10;• Enter the cave&#13;&#10;Objective 3:&#13;&#10;Andreg is at the Old Greenway Fort, south-east of Cirith Núr.&#13;&#10;&#13;&#10;You should bring news of your success to Andreg at once.&#13;&#10;• Talk to Andreg at the Old Greenway Fort (Andreg)">
<prerequisites>
<prerequisite name="Dirty_Work%3A_Orc-slaying"/>
</prerequisites>
<nextQuests>
<nextQuest name="Word_to_the_South"/>
</nextQuests>
<rewards>
<money gold="0" silver="6" copper="0"/>
<reputation>
<reputationItem faction="Men of Bree" amount="900"/>
</reputation>
<object name="Túrthann" pageURL="/wiki/Item:Túrthann" iconURL="http://content.turbine.com/sites/lorebook.lotro.com/images/icons/item/jewelry/eq_breeland_necklace_01.png" quantity="1"/>
<selectOneOf>
<object name="Saeradan's Greataxe" pageURL="/wiki/Weapon:Saeradan's_Greataxe" iconURL="http://content.turbine.com/sites/lorebook.lotro.com/images/icons/item/weapon_sword/eq_breeland_2haxe_02.png" quantity="1"/>
<object name="Gollang" pageURL="/wiki/Weapon:Gollang" iconURL="http://content.turbine.com/sites/lorebook.lotro.com/images/icons/item/weapon_sword/eq_breeland_1hsword_04.png" quantity="1"/>
<object name="Saeradan's Trousers" pageURL="/wiki/Armour:Saeradan's_Trousers" iconURL="http://content.turbine.com/sites/lorebook.lotro.com/images/icons/item/legs/eq_breeland_light_legs_02.png" quantity="1"/>
<object name="Woodsman Shoulder Pads" pageURL="/wiki/Armour:Woodsman_Shoulder_Pads" iconURL="http://content.turbine.com/sites/lorebook.lotro.com/images/icons/item/shoulders/eq_breeland_medium_shoulder_03.png" quantity="1"/>
</selectOneOf>
</rewards>
</quest>
