<?xml version="1.0" encoding="UTF-8"?>
<quest id="1879053151" key="The_Tincture" title="The Tincture" category="Angmar" scope="" questArc="Cauldron of Death" minimumLevel="43" type="STANDARD" size="SOLO" faction="FREE_PEOPLES" repeatable="false" instanced="false" description="Oflár is disturbed by the news of the wights spreading throughout Imlad Balchorth and has developed a plan to get rid of them." bestower="Oflár (NPC)" bestowerText="'Greetings. I have heard your name in dispatches from Gabilshathûr. There is much work to be done here, so I must encourage you to pay attention. West of here there is a region of dread and darkness called Imlad Balchorth. It is largely inhabited, if that is the word, by terrible wights and fell spirits summoned from the world of shadow. It is most unnatural for such creatures to be seen abroad...something must be summoning them, binding them, causing them to wander in that place.&#13;&#10;&#13;&#10;'Whatever the cause, these terrible creatures are an abomination and a terrible, growing threat to all the Free Peoples. It seems that Angmar is breeding an army of the Dead to bring against the lands of the North.&#13;&#10;&#13;&#10;'To the north and east of the troll-infested Maethad, which is just south of here, grows the poisonous herb nightshade. It is said that this plant is a simple which has virtue to ward against the terrible wights when steeped in a certain rare liquor I have obtained from the Rangers at Gath Forthnír. Please gather nightshade-plants and bring them to me, and I will prepare a tincture for you to help with this menace.'" objectives="Objective 1:&#13;&#10;The nightshade plant grows north and east of Maethad, to the south-east of Myrkworth.&#13;&#10;&#13;&#10;Oflár has asked you to collect Nightshade plants to prepare a tincture that he hopes will prove useful against the wights of Imlad Balchorth.&#13;&#10;• Bring the nightshade-plants back to Oflár (Oflár)&#13;&#10;• Collect nightshade-plants (6 Nightshade)">
<prerequisites>
<prerequisite name="Vol._I%2C_Book_6%2C_Chapter_6%3A_Challenging_the_Stone"/>
</prerequisites>
<nextQuests>
<nextQuest name="Purification_of_Death"/>
</nextQuests>
<rewards>
<money gold="0" silver="24" copper="15"/>
<reputation>
<reputationItem faction="Council of the North" amount="500"/>
</reputation>
</rewards>
</quest>
