<?xml version="1.0" encoding="UTF-8"?>
<quest id="1879048268" key="Bounty:_Goblin-tabards" title="Bounty: Goblin-tabards" category="Lone-lands" scope="" questArc="" minimumLevel="18" type="STANDARD" size="SOLO" faction="FREE_PEOPLES" repeatable="true" instanced="false" description="Goblins in the ruins of Minas Eriol, south-east of The Forsaken Inn, cause a great deal of trouble for people at the inn. Lieva Dourlily is sewing a scarecrow intended to frighten away the goblins." bestower="Lieva Dourlily (NPC)" bestowerText="'I'm not just the server and maid here at The Forsaken Inn, I'm also a fair hand with needle and thread. At the moment, Anlaf has me making a special treat for the goblins of Annunlos.&#13;&#10;&#13;&#10;'I've been trying to finish this terrible, little scarecrow for weeks, but there are none here willing to risk their lives against the goblins to bring me what I need to complete it. I have all the pieces I need except cloth from enough goblin-tabards to complete the scarecrow.&#13;&#10;&#13;&#10;'If you are willing, go to the ruins of Minas Eriol to the south-east or to the plains of Annunlos and bring me some tabards from the goblins there so I can finish this dreadful thing.'" objectives="Objective 1:&#13;&#10;There are goblins in the ruins of Minas Eriol, to the south-east of the Forsaken Inn, and on the fields of Annunlos.&#13;&#10;&#13;&#10;To finish her scarecrow, Lieva Dourlily requires some of the tabards worn by the goblins of Annunlos, but no one at The Forsaken Inn is brave enough to risk themselves to collect the cloth for her. She has asked you to gather the tabards instead.&#13;&#10;&#13;&#10;&lt;rgb=#FF0000&gt;NOTE: Bounty quests are repeatable quests, but have a finite number of completions. This quest can be completed three times.&#13;&#10;• Bring goblin-tabards to Lieva Dourlily (Lieva Dourlily)&#13;&#10;• Turn in Goblin-tabard">
<rewards>
<money gold="0" silver="8" copper="50"/>
<object name="Sprig of Mugwort" pageURL="/wiki/Item:Sprig_of_Mugwort" iconURL="http://content.turbine.com/sites/lorebook.lotro.com/images/icons/item/ingredient_optional/it_craft_c_t2_optional_ingredient.png" quantity="1"/>
<object name="Chunk of Pale Brimstone" pageURL="/wiki/Item:Chunk_of_Pale_Brimstone" iconURL="http://content.turbine.com/sites/lorebook.lotro.com/images/icons/item/ingredient_optional/it_craft_mw_t2_optional_ingredient.png" quantity="1"/>
<object name="Chunk of White Rock-salt" pageURL="/wiki/Item:Chunk_of_White_Rock-salt" iconURL="http://content.turbine.com/sites/lorebook.lotro.com/images/icons/item/ingredient_optional/it_craft_j_t2_optional_ingredient.png" quantity="1"/>
<selectOneOf>
<object name="Journeyman Jeweller Scroll Case" pageURL="/wiki/Item:Journeyman_Jeweller_Scroll_Case" iconURL="http://content.turbine.com/sites/lorebook.lotro.com/images/icons/item/scroll/it_scrollcase_j_tier2.png" quantity="1"/>
<object name="Journeyman Metalworker Scroll Case" pageURL="/wiki/Item:Journeyman_Metalworker_Scroll_Case" iconURL="http://content.turbine.com/sites/lorebook.lotro.com/images/icons/item/scroll/it_scrollcase_mw_tier2.png" quantity="1"/>
<object name="Journeyman Tailor Scroll Case" pageURL="/wiki/Item:Journeyman_Tailor_Scroll_Case" iconURL="http://content.turbine.com/sites/lorebook.lotro.com/images/icons/item/scroll/it_scrollcase_t_tier2.png" quantity="1"/>
<object name="Journeyman Weaponsmith Scroll Case" pageURL="/wiki/Item:Journeyman_Weaponsmith_Scroll_Case" iconURL="http://content.turbine.com/sites/lorebook.lotro.com/images/icons/item/scroll/it_scrollcase_ws_tier2.png" quantity="1"/>
<object name="Journeyman Woodworker Scroll Case" pageURL="/wiki/Item:Journeyman_Woodworker_Scroll_Case" iconURL="http://content.turbine.com/sites/lorebook.lotro.com/images/icons/item/scroll/it_scrollcase_ww_tier2.png" quantity="1"/>
<object name="Journeyman Scholar Scroll Case" pageURL="/wiki/Item:Journeyman_Scholar_Scroll_Case" iconURL="http://content.turbine.com/sites/lorebook.lotro.com/images/icons/item/scroll/it_scrollcase_s_tier2.png" quantity="1"/>
<object name="Journeyman Tool Scroll Case" pageURL="/wiki/Item:Journeyman_Tool_Scroll_Case" iconURL="http://content.turbine.com/sites/lorebook.lotro.com/images/icons/item/scroll/it_scrollcase_tools_tier2.png" quantity="1"/>
</selectOneOf>
</rewards>
</quest>
