<?xml version="1.0" encoding="UTF-8"?>
<quest id="1879059666" key="Strength_of_Stone" title="Strength of Stone" category="Angmar" scope="" questArc="Strength of Stone" minimumLevel="36" type="STANDARD" size="SOLO" faction="FREE_PEOPLES" repeatable="false" instanced="false" description="The Earth-kin have been destroying the siege-engines of the Angmarim as they wheel them through Ram Dúath, but now they are too strongly guarded for the Earth-kin to reach." bestower="Chief Tuokki (NPC)" bestowerText="'The Men and Orcs of Angmar have been bringing great wheeled war-engines through Ram Dúath. At first, they often broke on their own. It took many tries before the stupid Orcs learned how to move these clumsy things safely through the pass.&#13;&#10;&#13;&#10;'We thought, they are taking such pains, perhaps we can help them too. So we showed them the strength of stone and broke many of them ourselves, seeing as the evil ones seemed to want them in the South so badly.&#13;&#10;&#13;&#10;'Now, though, they have learned again, and the war-engines are too well-guarded for us. But maybe you can fight through to them. These must be treasures for these evil folk, things they need to make war in the South. You can find them in the eastern pass.'" objectives="Objective 1:&#13;&#10;The war-engines -- siege towers and catapults -- of the Angmarim are in the eastern part of Ram Dúath.&#13;&#10;&#13;&#10;Tuokki has asked you to help destroy the Angmarim siege-towers and catapults.&#13;&#10;• Use Catapult&#13;&#10;• Use Siege Tower&#13;&#10;Objective 2:&#13;&#10;Chief Tuokki is at the Suuri-lehmä camp in Ram Dúath.&#13;&#10;&#13;&#10;You should return to Tuokki with word of your success.&#13;&#10;• Talk to Chief Tuokki">
<prerequisites>
<prerequisite name="Orcs_in_the_Ram_D%C3%BAath"/>
</prerequisites>
<nextQuests>
<nextQuest name="The_Far_Reaching_Hand"/>
</nextQuests>
<rewards>
<money gold="0" silver="21" copper="70"/>
<selectOneOf>
<object name="Siege Stompers" pageURL="/wiki/Armour:Siege_Stompers" iconURL="http://content.turbine.com/sites/lorebook.lotro.com/images/icons/item/feet/eq_angmar_heavy_feet_01.png" quantity="1"/>
<object name="Siege Slasher" pageURL="/wiki/Weapon:Siege_Slasher" iconURL="http://content.turbine.com/sites/lorebook.lotro.com/images/icons/item/weapon_dagger/eq_angmar_dagger_01.png" quantity="1"/>
<object name="Siege Shooter" pageURL="/wiki/Weapon:Siege_Shooter" iconURL="http://content.turbine.com/sites/lorebook.lotro.com/images/icons/item/weapon_bow/eq_angmar_bow_01.png" quantity="1"/>
</selectOneOf>
</rewards>
</quest>
