<?xml version="1.0" encoding="UTF-8"?>
<quest id="1879049781" key="Payment_in_Full" title="Payment in Full" category="Bree-land" scope="" questArc="Unfair Cost of Business" minimumLevel="12" type="STANDARD" size="SOLO" faction="FREE_PEOPLES" repeatable="false" instanced="false" description="Adso Haybank has had enough of the brigands who have been extorting money and food from him." bestower="Adso Haybank (NPC)" bestowerText="'Look, friend, I have one more favour to ask of you, and it's a terrible thing, too, that fills me with shame to talk about. You know that Bill Ferny I had you pay off before? Well he sent me a message telling me that his henchman, Brunmor, would be after me. He went so far as to tell me that the knave is west and north at some place called the Outlaw's Haven.&#13;&#10;&#13;&#10;'It seems all his big talk is backed by this fellow, and if he is to come here, this scant crew will be useless. But you? You've proven yourself over and again! If you can drive off this Brunmor, maybe I can get out of this mess.&#13;&#10;&#13;&#10;'Get rid of him for me, and I swear it's the last thing I'll ask of you...and I'll pay you well, too! Apparently, the Outlaw's Haven is west of my camp and a little ways north, with watchposts and a fenced encampment on a hill.'" objectives="Objective 1:&#13;&#10;The brigand, Brunmor, is encamped at the Outlaw's Haven, west and north of Adso's Camp.&#13;&#10;&#13;&#10;Desperate to rid himself of his debts and his troubles, Adso Haybank has asked you to deal with Bill Ferny's associate, Brunmor.&#13;&#10;• Defeat Brunmor (Brunmor)&#13;&#10;Objective 2:&#13;&#10;Adso Haybank is at his camp, south-east along the Great East Road.&#13;&#10;&#13;&#10;Desperate to rid himself of his troubles, Adso asked you to drive off the brigands who were extorting money from him. The hobbit will be glad to know that you have succeeded.&#13;&#10;• Talk to Adso Haybank at Adso's Camp (Adso Haybank)">
<prerequisites>
<prerequisite name="Paying_Bills"/>
<prerequisite name="Threats_and_Follow-through"/>
</prerequisites>
<rewards>
<money gold="0" silver="4" copper="8"/>
<reputation>
<reputationItem faction="Men of Bree" amount="300"/>
</reputation>
<selectOneOf>
<object name="Adso's Waistcoat" pageURL="/wiki/Armour:Adso's_Waistcoat" iconURL="http://content.turbine.com/sites/lorebook.lotro.com/images/icons/item/chest/eq_breeland_medium_chest_01.png" quantity="1"/>
<object name="Adso's Blade" pageURL="/wiki/Weapon:Adso's_Blade" iconURL="http://content.turbine.com/sites/lorebook.lotro.com/images/icons/item/weapon_dagger/eq_breeland_dagger_02.png" quantity="1"/>
<object name="Torchar" pageURL="/wiki/Armour:Torchar" iconURL="http://content.turbine.com/sites/lorebook.lotro.com/images/icons/item/head/eq_breeland_light_head_03.png" quantity="1"/>
</selectOneOf>
</rewards>
</quest>
