<?xml version="1.0" encoding="UTF-8"?>
<quest id="1879053067" key="Implements_of_War" title="Implements of War" category="Captain" scope="" questArc="The Noblest Path" minimumLevel="45" type="STANDARD" size="SOLO" faction="FREE_PEOPLES" repeatable="false" instanced="false" description="Dawn Stockard has agreed to help you fashion a weapon worthy of your status as a great captain." bestower="Dawn Stockard (NPC)" bestowerText="'I can make you a weapon that befits your impressive stature as a captain, (your name), but I warn you that its making will be fraught with danger. As with all things of worth, the road to it will be hard and long, but you will surely look back on it with satisfaction.&#13;&#10;&#13;&#10;'I need you to venture forth and bring me the materials needed to craft your weapon. The first items are some knives from the Snowreap goblins who dwell in the Misty Mountains and the jagged blade of the Orc Fakhthal, who commands the Orcs of Fasach-falroid in Angmar.&#13;&#10;&#13;&#10;'Bring these items to me, and I will begin my work.'" objectives="Objective 1:&#13;&#10;Snowreap goblins can be found in the Misty Mountains. Fakhthal leads the Orcs of Fasach-falroid in Angmar.&#13;&#10;&#13;&#10;Dawn Stockard asked you to bring her nasty Snowreap-knives and Fakhthal's jagged blade.&#13;&#10;• Turn in Nasty Snowreap-knife&#13;&#10;• Turn in Fakhthal's Jagged Blade&#13;&#10;Objective 2:&#13;&#10;Dawn Stockard is in the town of Archet, north of Bree.&#13;&#10;&#13;&#10;Dawn Stockard is waiting for you to return with the first set of components she needs.&#13;&#10;• Talk to Dawn Stockard&#13;&#10;• Turn in Nasty Snowreap-knife&#13;&#10;• Turn in Fakhthal's Jagged Blade&#13;&#10;Objective 3:&#13;&#10;Spiders can be found in Angmar and Helegrod in the Misty Mountains. Worms can be found in places like Forochel, the Misty Mountains, Sarnur in Ered Luin, and Eregion. Barghests can be found at Fornost in the North Downs, the Tomb of Maenadar in the Barrow-downs of Bree-land, and in Angmar.&#13;&#10;&#13;&#10;Dawn Stockard asked you to bring her coiled spider-spinnerets, hateful worm-eyes, and rotted barghest-paws.&#13;&#10;• Turn in Coiled Spider Spinneret&#13;&#10;• Turn in Hateful Worm Eye&#13;&#10;• Turn in Rotted Barghest Paw&#13;&#10;Objective 4:&#13;&#10;Dawn Stockard is in the town of Archet, north of Bree.&#13;&#10;&#13;&#10;Dawn Stockard is waiting for you to return with the second set of components.&#13;&#10;• Bring second set of components to Dawn Stockard (Dawn Stockard)&#13;&#10;• Turn in Coiled Spider Spinneret&#13;&#10;• Turn in Hateful Worm Eye&#13;&#10;• Turn in Rotted Barghest Paw&#13;&#10;Objective 5:&#13;&#10;The Gertheryg Dushkâl, Brízrip, and Thordragh may be found at Urugarth in Angmar. Uruks may be found at Carn Dûm in Angmar.&#13;&#10;&#13;&#10;Dawn Stockard asked you to return with teeth of the Gorthorog and a Medallion of Passage.&#13;&#10;• Turn in Teeth of the Gorthorog&#13;&#10;• Turn in Medallion of Passage&#13;&#10;Objective 6:&#13;&#10;Dawn Stockard is in the town of Archet, north of Bree.&#13;&#10;&#13;&#10;Dawn Stockard is waiting for you to return with the last set of components she needs for the weapon she will make for you.&#13;&#10;• Bring last set of components to Dawn Stockard (Dawn Stockard)&#13;&#10;• Turn in Teeth of the Gorthorog&#13;&#10;• Turn in Medallion of Passage">
<requiredClass name="Captain"/>
<rewards>
<money gold="0" silver="49" copper="70"/>
<object name="Distilled Celebrant Salve" pageURL="/wiki/Item:Distilled_Celebrant_Salve" iconURL="http://content.turbine.com/sites/lorebook.lotro.com/images/icons/item/potion/it_potion_power_instant_tier5.png" quantity="5"/>
<selectOneOf>
<object name="Halberd of War" pageURL="/wiki/Weapon:Halberd_of_War" iconURL="http://content.turbine.com/sites/lorebook.lotro.com/images/icons/item/weapon_sword/eq_class_halberd_02.png" quantity="1"/>
<object name="Sword of War" pageURL="/wiki/Weapon:Sword_of_War" iconURL="http://content.turbine.com/sites/lorebook.lotro.com/images/icons/item/weapon_sword/eq_class_1hsword_01.png" quantity="1"/>
</selectOneOf>
</rewards>
</quest>
