<?xml version="1.0" encoding="UTF-8"?>
<quest id="1879054096" key="Vol._I,_Book_6,_Chapter_5:_The_Sorcerer%27s_Doom" title="Vol. I, Book 6, Chapter 5: The Sorcerer's Doom" category="Epic - Vol. I, Book 6: Fires in the North" scope="Epic" questArc="Volume I, Book 6: Fires in the North" minimumLevel="40" type="EPIC" size="SOLO" faction="FREE_PEOPLES" repeatable="false" instanced="false" description="While the stone-heart you found was cracked and useless, another path still remains open. Corunir has learned of a ritual taking place at the fortress of Tór Gailvin, which may yield a whole heart if interrupted." bestower="Corunir (NPC)" bestowerText="'It is a pity that this heart is broken, but there may yet be another path open to us. While you were away, some of the villagers returned from a hunting expedition and told of a ritual being performed at Tór Gailvin, a fortress to the north-east, east of a place called Fail-á-Khro.&#13;&#10;&#13;&#10;'The ritual appears to be related to whatever spell is cast upon these stones to grant them such power, and the sorcerer who is performing the ritual bears with him a stone-heart. If you can interrupt the ritual and slay Tath, you may be able to recover the stone-heart from him.&#13;&#10;&#13;&#10;'Go quickly, for if he is preparing yet another watching-stone, you may not get another chance!'" objectives="Objective 1:&#13;&#10;Tath is at Tór Gailvin, north-east of Aughaire, east of the Fail-á-Khro.&#13;&#10;&#13;&#10;Corunir has sent you to Tór Gailvin to wrest a stone-heart from a sorcerer of Angmar named Tath.&#13;&#10;• Bring the stone-heart to Corunir (Corunir)&#13;&#10;• Turn in Stone-heart">
<prerequisites>
<prerequisite name="Vol._I%2C_Book_6%2C_Chapter_4%3A_Heart_of_Stone"/>
</prerequisites>
<nextQuests>
<nextQuest name="Vol._I%2C_Book_6%2C_Chapter_6%3A_Challenging_the_Stone"/>
</nextQuests>
<rewards>
<money gold="0" silver="23" copper="10"/>
<selectOneOf>
<object name="Eruis" pageURL="/wiki/Weapon:Eruis" iconURL="http://content.turbine.com/sites/lorebook.lotro.com/images/icons/item/weapon_staff/eq_angmar_staff_08.png" quantity="1"/>
<object name="Fist of Gundabad" pageURL="/wiki/Weapon:Fist_of_Gundabad" iconURL="http://content.turbine.com/sites/lorebook.lotro.com/images/icons/item/weapon_sword/eq_angmar_2hhammer_01.png" quantity="1"/>
<object name="Edhelharloch" pageURL="/wiki/Item:Edhelharloch" iconURL="http://content.turbine.com/sites/lorebook.lotro.com/images/icons/item/jewelry/eq_angmar_earring_07.png" quantity="1"/>
</selectOneOf>
</rewards>
</quest>
