<?xml version="1.0" encoding="UTF-8"?>
<quest id="1879052547" key="Vol._I,_Book_4,_Chapter_5:_Hiding_in_the_Dark" title="Vol. I, Book 4, Chapter 5: Hiding in the Dark" category="Epic - Vol. I, Book 4: Chasing Shadows" scope="Epic" questArc="Volume I, Book 5: Chasing Shadows" minimumLevel="34" type="EPIC" size="FELLOWSHIP" faction="FREE_PEOPLES" repeatable="false" instanced="false" description="Elladan has determined that the missing Rider may be hiding in one of the many caves that dot the crags of the Trollshaws and wants you to search several of them with Glorfindel's beryl." bestower="Elladan (NPC)" bestowerText="'I have given some thought to our riddle, (your name), and while I do not know if this is the answer, my heart tells me that we must exhaust this course before we can be sure it is fruitless.&#13;&#10;&#13;&#10;'Many caves dot the wilderness of the Trollshaws, home to the creatures that give this place its name. The missing Nazgûl suffered some grievous hurt when caught between the fires of Glorfindel and the Ranger Aragorn and the waters of Bruinen, and he must have escaped to some secluded corner of the wild to regain his strength; I believe he fled to one of the troll-caves.&#13;&#10;&#13;&#10;'I will write down the names and locations of three caves. Descend into the deepest chamber of each and hold Glorfindel's beryl aloft. We must learn if the Nazgûl hid within one of these caves in order to pick up his trail. Bring allies to these caves, for the trolls that lurk within are dangerous. Here are my notes, (your name).'&#13;&#10;&#13;&#10;Using the Elf-stone allows you to access the inspiration buff while solo or in a smaller fellowship." objectives="Objective 1:&#13;&#10;Elladan gave you his notes containing the locations of the troll-caves.&#13;&#10;&#13;&#10;Elladan wants you to search three troll-caves with Glorfindel's beryl.&#13;&#10;&#13;&#10;&lt;rgb=#FF0000&gt;Using the Elf-stone allows you to access the inspiration buff while solo or in a smaller fellowship.&#13;&#10;• Use Glorfindel's Elf-stone&#13;&#10;• Find the deepest chamber of Torogrod&#13;&#10;• Use Glorfindel's Elf-stone&#13;&#10;• Find the deepest chamber of Nurath&#13;&#10;• Use Glorfindel's Elf-stone&#13;&#10;• Find the deepest chamber of Thingroth&#13;&#10;• Use Shimmering Elf-stone&#13;&#10;• If not in a fellowship you can use the shimmering Elf-stone to invoke inspiration&#13;&#10;Objective 2:&#13;&#10;Elladan is at Thorenhad, his camp among the Bruinen Gorges, north of the bear-dens.&#13;&#10;&#13;&#10;Elladan is waiting to hear what Glorfindel's beryl revealed: that the missing Nazgûl was never in any of the caves you searched.&#13;&#10;• Talk to Elladan&#13;&#10;• Turn in Glorfindel's Elf-stone&#13;&#10;• Turn in Elladan's Notes&#13;&#10;• Turn in Shimmering Elf-stone">
<prerequisites>
<prerequisite name="Vol._I%2C_Book_4%2C_Chapter_4%3A_Regaining_the_Trail"/>
</prerequisites>
<nextQuests>
<nextQuest name="Vol._I%2C_Book_4%2C_Chapter_6%3A_The_Knowledge_of_the_Onodrim"/>
</nextQuests>
<rewards>
<money gold="0" silver="33" copper="60"/>
<reputation>
<reputationItem faction="Elves of Rivendell" amount="900"/>
</reputation>
<selectOneOf>
<object name="Ladgris" pageURL="/wiki/Weapon:Ladgris" iconURL="http://content.turbine.com/sites/lorebook.lotro.com/images/icons/item/weapon_sword/eq_trollshaws_1hsword_01.png" quantity="1"/>
<object name="Luthrand" pageURL="/wiki/Armour:Luthrand" iconURL="http://content.turbine.com/sites/lorebook.lotro.com/images/icons/item/shield/eq_trollshaws_heavy_shield_02.png" quantity="1"/>
<object name="Eluil" pageURL="/wiki/Item:Eluil" iconURL="http://content.turbine.com/sites/lorebook.lotro.com/images/icons/item/jewelry/eq_trollshaws_earring_01.png" quantity="1"/>
</selectOneOf>
</rewards>
</quest>
