<?xml version="1.0" encoding="UTF-8"?>
<quest id="1879052593" key="A_Perfect_Feather" title="A Perfect Feather" category="Trollshaws" scope="" questArc="An Elf-swain's Lament" minimumLevel="31" type="STANDARD" size="SOLO" faction="FREE_PEOPLES" repeatable="false" instanced="false" description="One of Elladan and Elrohir's scouts, Arrod, is torn between fulfilling his duties and trying to court an Elf-maid with whom he is smitten." bestower="Arrod (NPC)" bestowerText="'Elladan and Elrohir have entrusted me with watching over the road through the Bruinen Gorges, but my mind keeps drifting, and I cannot keep my eyes upon the road.&#13;&#10;&#13;&#10;'There is an Elf-maiden of unsurpassed loveliness in whose company I delight, and I wish to make her a gift she will recognize as a sign of my affection for her. It must not be any passing thing, but a token of such beauty that her breath will be quite taken away -- nothing less will do!&#13;&#10;&#13;&#10;'And yet, I am charged with watching the road. I do not wish to fail in my duty, so I would ask you a favour, since you are not so charged: search among the high places of the Bruinen Gorges for a hendroval nest and retrieve a perfect feather from it. The creatures are dirty and unwholesome, but sometimes feathers of incomparable beauty are left in their nests...undoubtedly the feathers of the hendroval's prey. I will use the feather in the crafting of my gift.'" objectives="Objective 1:&#13;&#10;Hendrevail make their nests in the high places of the Bruinen Gorges.&#13;&#10;&#13;&#10;Arrod has asked you to search the nests of the hendrevail and bring him a perfect tail-feather from one. The creatures are filthy, but sometimes the beautiful feathers of their prey are left in their nests.&#13;&#10;• Use Hendroval-nest&#13;&#10;Objective 2:&#13;&#10;Arrod is keeping watch over the Bruinen Gorges from his vantage point near ruins over the road.&#13;&#10;&#13;&#10;Arrod is waiting for you to return with the perfect tail-feather you collected.&#13;&#10;• Talk to Arrod&#13;&#10;• Turn in Beautiful Feather">
<nextQuests>
<nextQuest name="Lilies_in_the_Valley"/>
</nextQuests>
<rewards>
<money gold="0" silver="19" copper="95"/>
<reputation>
<reputationItem faction="Elves of Rivendell" amount="700"/>
</reputation>
</rewards>
</quest>
