<?xml version="1.0" encoding="UTF-8"?>
<quest id="1879048536" key="The_Old_Took%27s_Favourite" title="The Old Took's Favourite" category="Shire" scope="" questArc="Ghost of the Old Took" minimumLevel="5" type="STANDARD" size="SOLO" faction="FREE_PEOPLES" repeatable="false" instanced="false" description="With the ghost still troubling his library, Adelard has come up with another idea on how to appease the Old Took: food. The Old Took was known for his love of spiced boar ribs, and he thinks that if he presents a plate of the ribs to the ghost in the library, he will return to his rest." bestower="Adelard Took (NPC)" bestowerText="'Oh dear! The ghost is still troubling my library. In fact, the moment I took a step in, it raised such a racket that it gave me a terrible fright! I'm so a-flutter that I don't think I will be able to eat supper.&#13;&#10;&#13;&#10;'Wait! Food! Like most hobbits, the Old Took had an affection for his vittles, especially spiced boar-ribs. I admit, I have a fondness for them myself. Perhaps if we prepare a plate of ribs for him, we can appease his ghost.&#13;&#10;&#13;&#10;'Go speak with my niece, Edilina Proudfoot. Her hole is just east of the Great Smials and she is a marvelous cook. Don't tell her why we need the ribs, I don't want to start a panic!'" objectives="Objective 1:&#13;&#10;Edilina Proudfoot's hole is east of the Great Smials.&#13;&#10;&#13;&#10;Adelard sent you to ask his niece, Edilina Proudfoot, to prepare a plate of spiced boar ribs to appease the ghost of the Old Took, but warned you not to tell her the reason. He does not want to start a panic.&#13;&#10;• Talk to Edilina Proudfoot&#13;&#10;Objective 2:&#13;&#10;Boars can be found in the hills east of Tuckborough. Edilina Proudfoot's home is just east of Tuckborough.&#13;&#10;&#13;&#10;Edilina Proudfoot said she could make the spiced boar-ribs that Adelard wants to appease the ghost of the Old Took, but lacks the actual ribs. She asked you to bring her some ribs from the boars in the hills beyond Tuckborough.&#13;&#10;• Bring the boar-ribs to Edilina Proudfoot (Edilina Proudfoot)&#13;&#10;• Turn in Boar-ribs&#13;&#10;Objective 3:&#13;&#10;Adelard Took is waiting at the Great Smials in Tuckborough.&#13;&#10;&#13;&#10;After gathering the ribs Edilina Proudfoot needed, she cooked up a plate of spiced boar-ribs for you to give to Adelard Took. You should bring them to Adelard, so he can use them to try and appease the Old Took's ghost.&#13;&#10;• Talk to Adelard Took&#13;&#10;• Turn in Spiced Boar-ribs">
<prerequisites>
<prerequisite name="Ghost_of_the_Old_Took"/>
</prerequisites>
<nextQuests>
<nextQuest name="The_Last_of_the_Fireworks"/>
</nextQuests>
<rewards>
<money gold="0" silver="0" copper="90"/>
</rewards>
</quest>
