<?xml version="1.0" encoding="UTF-8"?>
<quest id="1879049705" key="By_Axe_and_Fire" title="By Axe and Fire" category="Bree-land" scope="" questArc="Into the Woods" minimumLevel="16" type="STANDARD" size="SMALL_FELLOWSHIP" faction="FREE_PEOPLES" repeatable="false" instanced="false" description="The woods of Bree-land can be dark and mysterious. Some places are darker than others...." bestower="Walt Whitrose (NPC)" bestowerText="'Old Gil was frightened and seemed out of sorts when he brought us the soup. We didn't pay him no mind though...we figured he was nervous from being lost and had his mind playing tricks.&#13;&#10;&#13;&#10;'Still, he's not one given to exaggeration and if he is still on his wit's end about this, then maybe we should look into it.&#13;&#10;&#13;&#10;'Gil came to us from the east and north, where the lake meets the woodland. Search in that area for his mysterious walking tree. Maybe you will find something. If not, then Gil can have his peace of mind back at the least.'" objectives="Objective 1:&#13;&#10;Walt Whitrose mentioned that Gil Sandheaver had come from the north and east, where the lake meets the woodland.&#13;&#10;&#13;&#10;Walt Whitrose believes it is worth looking into Gil Sandheaver's claims that trees were walking near Nen Harn, if for no other reason that Gil's peace of mind.&#13;&#10;• Find Gil Sandheaver's walking tree (Tarbúrz)&#13;&#10;Objective 2:&#13;&#10;Walt Whitrose is at his camp on the western edge of Nen Harn.&#13;&#10;&#13;&#10;Your discovery should be explained to Walt Whitrose at his camp, if only to warn him that such things exist out here in the northernmost parts of Bree-land.&#13;&#10;• Talk to Walt Whitrose in Nen Harn (Walt Whitrose)&#13;&#10;Objective 3:&#13;&#10;Gil Sandheaver is at the Hengstacer Farm, west of Walt Whitrose's camp at Nen Harn and north of Bree-town.&#13;&#10;&#13;&#10;Walt Whitrose told you to take news of your victory to Gil Sandheaver, with the reassurance that he may once again walk the woods in peace.&#13;&#10;• Talk to Gil Sandheaver at the Hengstacer Farm (Gil Sandheaver)">
<prerequisites>
<prerequisite name="Into_the_Woods"/>
</prerequisites>
<rewards>
<money gold="0" silver="5" copper="50"/>
<reputation>
<reputationItem faction="Men of Bree" amount="500"/>
</reputation>
<selectOneOf>
<object name="Menedhdail" pageURL="/wiki/Armour:Menedhdail" iconURL="http://content.turbine.com/sites/lorebook.lotro.com/images/icons/item/feet/eq_breeland_light_feet_03.png" quantity="1"/>
<object name="Crusher of Tarbúrz" pageURL="/wiki/Weapon:Crusher_of_Tarbúrz" iconURL="http://content.turbine.com/sites/lorebook.lotro.com/images/icons/item/weapon_sword/eq_breeland_2hhammer_03.png" quantity="1"/>
<object name="Tarbúrz's End" pageURL="/wiki/Item:Tarbúrz's_End" iconURL="http://content.turbine.com/sites/lorebook.lotro.com/images/icons/item/jewelry/eq_breeland_earring_07.png" quantity="1"/>
</selectOneOf>
</rewards>
</quest>
