<?xml version="1.0" encoding="UTF-8"?>
<quest id="1879052208" key="Implements_of_Knowledge" title="Implements of Knowledge" category="Lore-master" scope="" questArc="The Wisest Way" minimumLevel="45" type="STANDARD" size="SOLO" faction="FREE_PEOPLES" repeatable="false" instanced="false" description="Isdi has agreed to help you fashion a weapon that befits the wisdom of an accomplished lore-master." bestower="Isdi (NPC)" bestowerText="'I can make you a weapon befitting the wisdom of an accomplished lore-master such as yourself, (your name). I surely need not tell you that the road to its completion will not be easy -- you are wise enough to know that will be the case.&#13;&#10;&#13;&#10;'However, I must ask you to bring me the components that I will need for its making. Do not fear the difficult road, for that way lies satisfaction.&#13;&#10;&#13;&#10;'First, I will need the staves of the Corcur, who are encamped near Helegrod in the Misty Mountains, and the rending-claw of the great bear Driftclaw who roams the land of the giants in the Misty Mountains.'" objectives="Objective 1:&#13;&#10;Corcur may be found near Helegrod in the Misty Mountains. Driftclaw may be found in the land of the giants in the Misty Mountains.&#13;&#10;&#13;&#10;Isdi has asked you to bring her frosted Corcur-staves and Driftclaw's rending-tooth.&#13;&#10;• Turn in Frosted Corcur-stave&#13;&#10;• Turn in Driftclaw's Rending-tooth&#13;&#10;Objective 2:&#13;&#10;Isdi is at the ruins of Edhelion, near Thorin's Hall.&#13;&#10;&#13;&#10;Isdi is waiting for you to return with the first set of components.&#13;&#10;• Talk to Isdi&#13;&#10;• Turn in Frosted Corcur-stave&#13;&#10;• Turn in Driftclaw's Rending-tooth&#13;&#10;Objective 3:&#13;&#10;Wights may be found at Imlad Balchorth in Angmar. Worms can be found in Forochel, Eregion, and the Misty Mountains.&#13;&#10;&#13;&#10;Isdi has asked you to bring her hateful worm-eyes and putrid fingernails.&#13;&#10;• Turn in Hateful Worm Eye&#13;&#10;• Turn in Putrid Fingernail&#13;&#10;Objective 4:&#13;&#10;Isdi is at the ruins of Edhelion, near Thorin's Hall.&#13;&#10;&#13;&#10;Isdi is waiting for you to return with the second set of components.&#13;&#10;• Bring second set of components to Isdi (Isdi)&#13;&#10;• Turn in Hateful Worm Eye&#13;&#10;• Turn in Putrid Fingernail&#13;&#10;Objective 5:&#13;&#10;Morthrâng and Sálvakh may both be found at Carn Dûm.&#13;&#10;&#13;&#10;Isdi has asked you to bring her an Emblem of Ritual and a Rune of Evil Presence.&#13;&#10;• Turn in Emblem of Ritual&#13;&#10;• Turn in Rune of Evil Presence&#13;&#10;Objective 6:&#13;&#10;Isdi is at the ruins of Edhelion, near Thorin's Hall.&#13;&#10;&#13;&#10;Isdi is waiting for you to return with the last set of components.&#13;&#10;• Bring last set of components to Isdi (Isdi)&#13;&#10;• Turn in Emblem of Ritual&#13;&#10;• Turn in Rune of Evil Presence">
<requiredClass name="Lore-master"/>
<rewards>
<money gold="0" silver="49" copper="70"/>
<object name="Distilled Celebrant Salve" pageURL="/wiki/Item:Distilled_Celebrant_Salve" iconURL="http://content.turbine.com/sites/lorebook.lotro.com/images/icons/item/potion/it_potion_power_instant_tier5.png" quantity="5"/>
<selectOneOf>
<object name="Staff of Knowledge" pageURL="/wiki/Weapon:Staff_of_Knowledge" iconURL="http://content.turbine.com/sites/lorebook.lotro.com/images/icons/item/weapon_staff/eq_class_staff_02.png" quantity="1"/>
<object name="Sword of Knowledge" pageURL="/wiki/Weapon:Sword_of_Knowledge" iconURL="http://content.turbine.com/sites/lorebook.lotro.com/images/icons/item/weapon_sword/eq_class_1hsword_03.png" quantity="1"/>
</selectOneOf>
</rewards>
</quest>
