<?xml version="1.0" encoding="UTF-8"?>
<quest id="1879049949" key="Fell_Spirits" title="Fell Spirits" category="Garth Agarwen" scope="" questArc="" minimumLevel="27" type="STANDARD" size="FELLOWSHIP" faction="FREE_PEOPLES" repeatable="false" instanced="false" description="The very waters of Agamaur have risen up to protect Ivar and the Red-maid, animated by fell spirits of Morgoth from beyond the world." bestower="Hartrím (NPC)" bestowerText="'Though I fear it, I think that the spirit at our encampment in Agamaur speaks true. There are ancient and evil things in this land.&#13;&#10;&#13;&#10;'Beyond these doors you will find fell spirits taking on the form of the water that drowns this land in eternal corruption. The spirit, Dannasen, told me that ridding these creatures from the land may aid in the restoration of the natural order.&#13;&#10;&#13;&#10;'You will find the spirits throughout this area and even within the bounds of the fortress and arboretum, though I think that you might find them throughout the early ruins of Garth Agarwen as well.'" objectives="Objective 1:&#13;&#10;Darkwater can be found within the area of Garth Agarwen.&#13;&#10;&#13;&#10;Hartrím asked that you assist him in appeasing the spirit at Agamaur, Dannasen, by destroying the fell spirits corrupting the lands within the area of Garth Agarwen.&#13;&#10;• Defeat gloom-waters (30)&#13;&#10;Objective 2:&#13;&#10;Hartrím can be found at the entrance to the area of Agamaur called Garth Agarwen.&#13;&#10;&#13;&#10;The darkwater have the power to strike fear even within the cursed shades of Arthedain, preventing them from advancing on Garth Agarwen and fulfilling their curse. At Hartrim's request, you went forth to destroy them and met with some success. You should return to Hartrím with the report of your victory.&#13;&#10;• Talk to Hartrím (Hartrím)">
<prerequisites>
<prerequisite name="Angmar%27s_Dead"/>
</prerequisites>
<rewards>
<money gold="0" silver="29" copper="68"/>
<reputation>
<reputationItem faction="Eglain" amount="900"/>
</reputation>
<object name="Emelin's Leggings" pageURL="/wiki/Armour:Emelin's_Leggings" iconURL="http://content.turbine.com/sites/lorebook.lotro.com/images/icons/item/legs/eq_lonelands_heavy_legs_02.png" quantity="1"/>
</rewards>
</quest>
