<?xml version="1.0" encoding="UTF-8"?>
<quest id="1879048251" key="Fluffing_the_Pillows" title="Fluffing the Pillows" category="Lone-lands" scope="" questArc="Inn Troubles" minimumLevel="17" type="STANDARD" size="SOLO" faction="FREE_PEOPLES" repeatable="false" instanced="false" description="Arinora's duties became even greater when Gadaric Munce arrived at The Forsaken Inn. Anlaf is an unforgiving innkeep, according to Arinora, and she needs help to keep up with everything." bestower="Arinora (NPC)" bestowerText="'Ever since Gadaric Munce showed up, I've had no rest! Normally, we see no guests for months on end, but the glut of guests here has me stretched to my limit!&#13;&#10;&#13;&#10;'Anlaf is under great strain and takes his worries out on me, driving harder to see that the chambers are cared for, the workers watched, and the guests fed. Well, I'm just not able to do it all!&#13;&#10;&#13;&#10;'One thing that still needs to be done is the replacing of the pillows. All the stuffing's gone missing with the use they are getting, and I need to get the fluff back into them. We don't have the luxury of ducks, but the crebain circling about in the north might do in a pinch. There are plenty of the troublesome thorn-talon and sharp-eye crebain lurking about. Bring me some of their feathers, and I'll pay you for your trouble. The birds circle often over the vales surrounding Weathertop and the summit of the great hill.'" objectives="Objective 1:&#13;&#10;Thorn-talon and Sharp-eye crebain can be found on and around Weathertop, in the Lone-lands.&#13;&#10;&#13;&#10;In an effort to see to all the work before her, Arinora asked you to collect craban-feathers to help her stuff the pillows of The Forsaken Inn.&#13;&#10;• Bring craban-feathers to Arinora (Arinora)&#13;&#10;• Turn in Craban-feather">
<rewards>
<money gold="0" silver="7" copper="0"/>
<selectOneOf>
<object name="Arinora's Boots" pageURL="/wiki/Armour:Arinora's_Boots" iconURL="http://content.turbine.com/sites/lorebook.lotro.com/images/icons/item/feet/eq_lonelands_medium_feet_04.png" quantity="1"/>
<object name="Arinora's Bow" pageURL="/wiki/Weapon:Arinora's_Bow" iconURL="http://content.turbine.com/sites/lorebook.lotro.com/images/icons/item/weapon_bow/eq_lonelands_bow_04.png" quantity="1"/>
<object name="Arinora's Earring" pageURL="/wiki/Item:Arinora's_Earring" iconURL="http://content.turbine.com/sites/lorebook.lotro.com/images/icons/item/jewelry/eq_lonelands_earring_06.png" quantity="1"/>
</selectOneOf>
</rewards>
</quest>
