<?xml version="1.0" encoding="UTF-8"?>
<quest id="1879048437" key="Vol._I,_Book_3,_Chapter_5,_Part_II_of_III:_Tending_the_Glade" title="Vol. I, Book 3, Chapter 5, Part II of III: Tending the Glade" category="Epic - Vol. I, Book 3: The Council of the North" scope="Epic" questArc="Volume I, Book 3: The Council of the North" minimumLevel="30" type="EPIC" size="FELLOWSHIP" faction="FREE_PEOPLES" repeatable="false" instanced="false" description="When you arrived at Lin Giliath, Gildor told you that the Orcs to the west are planning to move against the Elf-glade." bestower="Gildor Inglorion (NPC)" bestowerText="'This Council of Esteldín -- I wish that I could simply commit to such an endeavour, but it is not so simple. Many of my people are nearly overcome with grief and anger at what happened here. And the threats against Lin Giliath are not yet dealt with. Our scouts tell me that the Orcs in Nan Wathren are planning to move against us soon.&#13;&#10;&#13;&#10;'The scouts say that these Orcs are being led by a great Uruk of Angmar named Drukordh, who camps in the deepest parts of Nan Wathren. Perhaps if this Uruk were slain, Lin Giliath would be protected enough for me to come to your Council. It is a heavy burden, but I would task you with this, if you remain of stout heart.&#13;&#10;&#13;&#10;'The Uruk is a mighty foe, and so you should not attempt to confront him on your own. If you must, then use the strength of this elf-stone to find the strength to prevail from deep within yourself.'&#13;&#10;&#13;&#10;Using the Elf-stone allows you to access the inspiration buff while solo or in a smaller fellowship." objectives="Objective 1:&#13;&#10;Drukordh can be found in the deepest, most southern recesses of Nan Wathren.&#13;&#10;&#13;&#10;Gildor told you that if the Uruk Drukordh were slain, then Lin Giliath would remain safe enough for him to come to the Council of Esteldín. You were warned not to confront the Uruk without the help of allies.&#13;&#10;&#13;&#10;&lt;rgb=#FF0000&gt;Using the Elf-stone allows you to access the inspiration buff while solo or in a smaller fellowship.&#13;&#10;• Kill 1 Drukordh&#13;&#10;• Use Shimmering Elf-stone&#13;&#10;Objective 2:&#13;&#10;Gildor can be found in Lin Giliath.&#13;&#10;&#13;&#10;With the Uruk Drukordh slain, you should make your way back to Gildor and bring him this good news.&#13;&#10;• Return to Gildor at Lin Giliath (Gildor Inglorion)&#13;&#10;• Turn in Shimmering Elf-stone">
<prerequisites>
<prerequisite name="Vol._I%2C_Book_3%2C_Chapter_5%2C_Part_I_of_III%3A_A_Call_to_Elves"/>
</prerequisites>
<nextQuests>
<nextQuest name="Vol._I%2C_Book_3%2C_Chapter_5%2C_Part_III_of_III%3A_Might_of_the_Elves"/>
</nextQuests>
<rewards>
<money gold="0" silver="19" copper="60"/>
<selectOneOf>
<object name="Thenidmaib" pageURL="/wiki/Armour:Thenidmaib" iconURL="http://content.turbine.com/sites/lorebook.lotro.com/images/icons/item/hands/eq_northdowns_light_hands_03.png" quantity="1"/>
<object name="Othigil" pageURL="/wiki/Weapon:Othigil" iconURL="http://content.turbine.com/sites/lorebook.lotro.com/images/icons/item/weapon_dagger/eq_northdowns_dagger_03.png" quantity="1"/>
</selectOneOf>
</rewards>
</quest>
