<?xml version="1.0" encoding="UTF-8"?>
<quest id="1879048575" key="Vol._I,_Book_2,_Foreword:_Aiding_the_Order" title="Vol. I, Book 2, Foreword: Aiding the Order" category="Epic - Vol. I, Book 2: The Red Maid" scope="Epic" questArc="" minimumLevel="17" type="EPIC" size="SOLO" faction="FREE_PEOPLES" repeatable="false" instanced="false" description="Gandalf learned from one of the Great Eagles, Gwaihir the Windlord, that another wizard, Radagast the Brown, discovered a source of corruption within the Lone-lands. Radagast has gone missing and you must enlist the aid of the Rangers to find his whereabouts." bestower="Gandalf (NPC)" bestowerText="'You have done much good for the people of Bree-land, but the Shadow out of Angmar spreads far and wide. I have learned from Gwaihir the Windlord that another of my order has found corruption in the Lone-lands, east of Bree. It may even be related to the dangers you encountered in the Great Barrow.&#13;&#10;&#13;&#10;'Unfortunately, Radagast is given to wandering and will be difficult to find. I would ask that you enlist the assistance of the Rangers in finding his location. There is one here in Bree-land, Saeradan, who will be able to aid you.&#13;&#10;&#13;&#10;'Head out of Bree through the West-gate and turn north along the Greenway. Seek Saeradan at his cabin on the east side of the Greenway across from Thornley's Work Site.'" objectives="Objective 1:&#13;&#10;Saeradan is at his cabin north along the Greenway in Bree-land.&#13;&#10;&#13;&#10;Gandalf is concerned about the shadow spreading out of Angmar. He asked you to consult with the Rangers to search for Radagast the Brown, another of his order.&#13;&#10;• Talk to Saeradan at his cabin along the Greenway (Saeradan)&#13;&#10;Objective 2:&#13;&#10;Candaith is at his camp in the Lone-lands.&#13;&#10;&#13;&#10;Saeradan does not know where Radagast can be found. He suspects that Candaith, the Ranger who watches the Lone-lands, may have information on the wizard's whereabouts.&#13;&#10;• Talk to Candaith (Candaith)">
<prerequisites>
<prerequisite name="Vol._I%2C_Book_1%2C_Chapter_12%3A_The_Black_Rider%27s_Designs"/>
</prerequisites>
<nextQuests>
<nextQuest name="Vol._I%2C_Book_2%2C_Chapter_1%3A_Rise_of_the_Orcs"/>
</nextQuests>
<rewards>
<money gold="0" silver="2" copper="80"/>
</rewards>
</quest>
