<?xml version="1.0" encoding="UTF-8"?>
<quest id="1879049899" key="The_Stone-speaker" title="The Stone-speaker" category="Lone-lands" scope="" questArc="" minimumLevel="24" type="STANDARD" size="SOLO" faction="FREE_PEOPLES" repeatable="false" instanced="false" description="Frideric has sent you to Aric, the Stone-speaker of the Eglain, in Harloeg." bestower="Frideric the Elder (NPC)" bestowerText="'There is a man you should speak with. He is named Aric, but we also call him the Stone-speaker. He is a wise man of the Eglain. He is currently keeping vigil at a place inhabited by the cursed shades of Men. You may find much to learn from Aric and the dead men of Harloeg.&#13;&#10;&#13;&#10;'Find Aric by travelling south across the Great East Road and beyond Talath Gaun. Venture into Harloeg, as far south into the swamp as you can journey, and you will discover the Stone-speaker in the ancient ruins there.&#13;&#10;&#13;&#10;'The shades there are not like the old wives' tales you might hear of ghosts...they seem to have no ill intent.'" objectives="Objective 1:&#13;&#10;Find Aric by travelling south across the Great East Road and beyond Talath Gaun. Venture into Harloeg, as far south into the swamp as you can journey into the ruins there.&#13;&#10;&#13;&#10;Frideric has sent you to speak with Aric, the Stone-speaker.&#13;&#10;• Talk to Aric the Stone-speaker">
<prerequisites>
<prerequisite name="Vol._I%2C_Book_2%2C_Chapter_10%3A_Breeders_of_the_Dead"/>
<prerequisite name="Vol._I%2C_Book_2%2C_Chapter_11%3A_The_Stone-speaker"/>
</prerequisites>
<rewards>
<money gold="0" silver="7" copper="0"/>
<reputation>
<reputationItem faction="Eglain" amount="500"/>
</reputation>
</rewards>
</quest>
