<?xml version="1.0" encoding="UTF-8"?>
<quest id="1879059890" key="Articles_of_Valour" title="Articles of Valour" category="Champion" scope="" questArc="The Boldest Road" minimumLevel="45" type="STANDARD" size="SOLO" faction="FREE_PEOPLES" repeatable="false" instanced="false" description="Gwesgylliel has agreed to help you fashion a piece of equipment worthy of your skill as a champion." bestower="Gwesgylliel (NPC)" bestowerText="'I can make you a piece of equipment that will be a worthy addition to your raiment, (your name), but I will need a number of components with which to fashion it.&#13;&#10;&#13;&#10;'Many of these items will be difficult to come by, but you are a champion! I do not doubt your courage or your dedication and am sure that you will emerge from this task victorious.&#13;&#10;&#13;&#10;'The first items I need you to collect are the hide of the vile worm Raillug, who may be found in the north-eastern corner of the Misty Mountains, and the brimstone-tinged boots of the Tarkrîp goblins which dwell among the Orc-camps of Malenhad in Angmar.'" objectives="Objective 1:&#13;&#10;Raillug can be found in the north-western corner of the Misty Mountains. Tarkrîp goblins can be found among the Orc-camps of Malenhad in Angmar.&#13;&#10;&#13;&#10;Gwesgylliel asked you to bring her Raillug's frozen hide and brimstone-tinged Tarkrîp-boots.&#13;&#10;• Turn in Raillug's Frozen Hide&#13;&#10;• Turn in Brimstone-tinged Tarkrîp-boots&#13;&#10;Objective 2:&#13;&#10;Gwesgylliel is at Lin Giliath in Meluinen, in the North Downs.&#13;&#10;&#13;&#10;Gwesgylliel is waiting for you to return with the first set of components for which she asked.&#13;&#10;• Talk to Gwesgylliel&#13;&#10;• Turn in Raillug's Frozen Hide&#13;&#10;• Turn in Brimstone-tinged Tarkrîp-boots&#13;&#10;Objective 3:&#13;&#10;Spiders can found in Angmar and other dangerous places. Brimstone-leeches can be found in Malenhad in Angmar.&#13;&#10;&#13;&#10;Gwesgylliel asked you to bring her mottled spider-mandibles and bubbling droplets.&#13;&#10;• Turn in Mottled Spider Mandible&#13;&#10;• Turn in Bubbling Droplets&#13;&#10;Objective 4:&#13;&#10;Gwesgylliel is at Lin Giliath in Meluinen, in the North Downs.&#13;&#10;&#13;&#10;Gwesgylliel is waiting for you to return with the second set of components she needs.&#13;&#10;• Bring second set of components to Gwesgylliel (Gwesgylliel)&#13;&#10;• Turn in Mottled Spider Mandible&#13;&#10;• Turn in Bubbling Droplets&#13;&#10;Objective 5:&#13;&#10;Gríshakrum, Kughûrz, Dafrim, Sorkrank, and Burzfîl may all be found in Urugarth in Angmar.&#13;&#10;&#13;&#10;Gwesgylliel asked you to return with a blood-stained tally-stick and an Insignia of Battle.&#13;&#10;• Turn in Bloodstained Tally Stick&#13;&#10;• Turn in Insignia of Battle&#13;&#10;Objective 6:&#13;&#10;Gwesgylliel is at Lin Giliath in Meluinen, in the North Downs.&#13;&#10;&#13;&#10;Gwesgylliel is waiting for you to return with the last set of components she needs.&#13;&#10;• Bring last set of components to Gwesgylliel (Gwesgylliel)&#13;&#10;• Turn in Bloodstained Tally Stick&#13;&#10;• Turn in Insignia of Battle">
<requiredClass name="Champion"/>
<rewards>
<money gold="0" silver="49" copper="70"/>
<object name="Distilled Athelas Essence" pageURL="/wiki/Item:Distilled_Athelas_Essence" iconURL="http://content.turbine.com/sites/lorebook.lotro.com/images/icons/item/potion/it_potion_morale_instant_tier5.png" quantity="5"/>
<selectOneOf>
<object name="Necklace of Valour" pageURL="/wiki/Item:Necklace_of_Valour" iconURL="http://content.turbine.com/sites/lorebook.lotro.com/images/icons/item/jewelry/eq_class_necklace_01.png" quantity="1"/>
<object name="Bracelet of Valour" pageURL="/wiki/Item:Bracelet_of_Valour" iconURL="http://content.turbine.com/sites/lorebook.lotro.com/images/icons/item/jewelry/eq_class_bracelet_02.png" quantity="1"/>
</selectOneOf>
</rewards>
</quest>
