<?xml version="1.0" encoding="UTF-8"?>
<quest id="1879056953" key="Buried_Treasure" title="Buried Treasure" category="Angmar" scope="" questArc="" minimumLevel="39" type="STANDARD" size="SOLO" faction="FREE_PEOPLES" repeatable="false" instanced="false" description="Machar, exhausted from his long run out of Dûn Covád, has asked for your help recovering treasure from the Ongbúrz." bestower="Machar (NPC)" bestowerText="'(your name)...you said...? I've heard...of your deeds, for the people here...speak of...little else. I've just run from the city of Dûn Covád, far to the north; give me a moment to catch my breath.&#13;&#10;&#13;&#10;'Thank you, (your name). It was my Fém to recover nuggets of silver from the Orcs that now occupy Dûn Covád, and though I did gather one arm-load, it is not enough. The Ongbúrz are paid in silver for their cruelty; we must take it from them both as a remembrance of their victims and as an aid for those still with us.&#13;&#10;&#13;&#10;'Travel to Dûn Covád, the city in the western hills, far to the north of Aughaire. The Ongbúrz have erected a great palisade in front of the city, but if you can make it past the barrier, many of the Orcs beyond will carry silver-nuggets. Collect several arm-loads of these and bring them here to me. I will rest in the meantime.'" objectives="Objective 1:&#13;&#10;The city of Dûn Covád is in the western hills of Fasach-falroid, far to the north of Aughaire. The Ongbúrz have constructed a wooden palisade in front of the entrance. Machar is in the Búth Sánkhas of Aughaire, south-east of the market.&#13;&#10;&#13;&#10;Machar, winded from his previous excursion into Dûn Covád, has asked you to travel into the city and collect silver-nuggets from the Orcs that now live there.&#13;&#10;• Bring silver-nuggets to Machar (Machar)&#13;&#10;• Turn in Silver-nugget">
<prerequisites>
<prerequisite name="Crannog%27s_Second_Challenge"/>
</prerequisites>
<nextQuests>
<nextQuest name="Hidden_Hoard"/>
</nextQuests>
<rewards>
<money gold="0" silver="22" copper="75"/>
<object name="Band of Búth Sánkhas" pageURL="/wiki/Item:Band_of_Búth_Sánkhas" iconURL="http://content.turbine.com/sites/lorebook.lotro.com/images/icons/item/jewelry/eq_new_angmar_bracelet_04.png" quantity="1"/>
</rewards>
</quest>
