<?xml version="1.0" encoding="UTF-8"?>
<quest id="1879049861" key="Vol._I,_Book_2,_Chapter_14:_History_of_the_Red_Maid" title="Vol. I, Book 2, Chapter 14: History of the Red Maid" category="Epic - Vol. I, Book 2: The Red Maid" scope="Epic" questArc="Volume I, Book 2: The Red Maid" minimumLevel="25" type="EPIC" size="SOLO" faction="FREE_PEOPLES" repeatable="false" instanced="false" description="You defeated the wight-lord and brought some semblance of peace to Emelin and his men, the fallen warriors of Arthedain." bestower="Emelin (NPC)" bestowerText="'The wars corrupted this land, drowning it in the blood of innocents. The Lady drowned as well, choking on death and evil while we did nothing to save her. Twice we failed our duty and seven-times cursed were we by the one the Elves called Iarwain Ben-adar.&#13;&#10;&#13;&#10;'When the Lady became the Red Maid, she brought further ruin to her own home, to the land, and to the beasts. She was terrible, and we dared not face her. When there was no more living blood to spill, she slept...until Ivar awakened her once more.&#13;&#10;&#13;&#10;'That is my sad tale. Now go, return to thy master and speak to him of this secret past. Remember our fate, (your class), and do not fail in thy duty.'" objectives="Objective 1:&#13;&#10;Radagast the Brown is in the tower at the end of the main avenue in Ost Guruth.&#13;&#10;&#13;&#10;Emelin told you his sad tale, then instructed you to return to Radagast the Brown.&#13;&#10;• Talk to Radagast the Brown at Ost Guruth (Radagast the Brown)">
<prerequisites>
<prerequisite name="Vol._I%2C_Book_2%2C_Chapter_13%3A_In_the_Gaunt-lord%27s_Grasp"/>
</prerequisites>
<nextQuests>
<nextQuest name="Vol._I%2C_Book_2%2C_Chapter_15_%28Solo%29%3A_The_Red-pass"/>
<nextQuest name="Vol._I%2C_Book_2%2C_Chapter_15%3A_%28Fellowship%29The_Red-pass"/>
</nextQuests>
<rewards>
<money gold="0" silver="17" copper="85"/>
</rewards>
</quest>
