<?xml version="1.0" encoding="UTF-8"?>
<quest id="1879049763" key="Reclaim_the_Lost_Maiden" title="Reclaim the Lost Maiden" category="Garth Agarwen" scope="" questArc="History of the Red-maid" minimumLevel="30" type="STANDARD" size="FELLOWSHIP" faction="FREE_PEOPLES" repeatable="false" instanced="false" description="Radagast instructed you to pour the pure water into the sanctum of the Red-maid's fortress, Garth Agarwen." bestower="Dannasen (NPC)" bestowerText="'Thou must now enter the stronghold of the Red-maid at Garth Agarwen, as the Wizard instructed thee. Her sanctum is guarded beyond the walls of the mighty fortress. Men of Rhudaur still walk through the remains of their ancient home in service to the Red-maid and the Gaunt-lord Ivar.&#13;&#10;&#13;&#10;'Thou must find thy way into her sanctum, call her by some means, and then defeat her. She will fall into the water, and the water will become still.&#13;&#10;&#13;&#10;'When this happens add the pure water graced by a River-daughter's love to the pool. There are centuries of corruption and hatred layered upon the Red-maid, but we must begin somewhere. May the Valar go with thee, (your name), for they have abandoned us.'" objectives="Objective 1:&#13;&#10;The Red-maid is in her sanctum within her fortress of Garth Agarwen.&#13;&#10;&#13;&#10;Dannasen instructed you to obey Radagast and take the pure water to the Red-maid's sanctum. Once there, he told you that you would have to defeat the Red-maid, and when the waters of her pool go still, to pour the water in.&#13;&#10;• Use Pure Water&#13;&#10;• Enter the Red-maid's sanctum when the water is calm&#13;&#10;Objective 2:&#13;&#10;Dannasen is at the Eglan-camp in Agamaur.&#13;&#10;&#13;&#10;You should return to Dannasen and tell him that you poured the pure water into the Red-maid's Sanctum.&#13;&#10;• Talk to Dannasen&#13;&#10;• Turn in Pure Water">
<prerequisites>
<prerequisite name="For_the_Love_of_Nature"/>
</prerequisites>
<rewards>
<money gold="0" silver="39" copper="20"/>
<reputation>
<reputationItem faction="Eglain" amount="1200"/>
</reputation>
<object name="Strange Rock" pageURL="/wiki/Item:Strange_Rock" iconURL="http://content.turbine.com/sites/lorebook.lotro.com/images/icons/item/jewelry/eq_lonelands_pocketitem_03.png" quantity="1"/>
<selectOneOf>
<object name="Dannasen's Breastplate" pageURL="/wiki/Armour:Dannasen's_Breastplate" iconURL="http://content.turbine.com/sites/lorebook.lotro.com/images/icons/item/chest/eq_lonelands_heavy_chest_02.png" quantity="1"/>
<object name="Dannasen's Jacket" pageURL="/wiki/Armour:Dannasen's_Jacket" iconURL="http://content.turbine.com/sites/lorebook.lotro.com/images/icons/item/chest/eq_lonelands_medium_chest_02.png" quantity="1"/>
<object name="Dannasen's Shirt" pageURL="/wiki/Armour:Dannasen's_Shirt" iconURL="http://content.turbine.com/sites/lorebook.lotro.com/images/icons/item/chest/eq_lonelands_light_chest_02.png" quantity="1"/>
<object name="Dannasen's Duty" pageURL="/wiki/Armour:Dannasen's_Duty" iconURL="http://content.turbine.com/sites/lorebook.lotro.com/images/icons/item/back/eq_lonelands_back_06.png" quantity="1"/>
<object name="Dannasen's Oath" pageURL="/wiki/Weapon:Dannasen's_Oath" iconURL="http://content.turbine.com/sites/lorebook.lotro.com/images/icons/item/weapon_sword/eq_lonelands_1hsword_04.png" quantity="1"/>
</selectOneOf>
</rewards>
</quest>
