<?xml version="1.0" encoding="UTF-8"?>
<quest id="1879054290" key="Family_Heirloom" title="Family Heirloom" category="North Downs" scope="" questArc="" minimumLevel="18" type="STANDARD" size="SOLO" faction="FREE_PEOPLES" repeatable="false" instanced="false" description="William Peake lost a chest containing an heirloom of his family when he and his wife fled from the Wargs invading Annúndir." bestower="William Peake (NPC)" bestowerText="'When Camilla and me fled from the Wargs, I tried to bring one chest with me -- it contains an heirloom I received from my father. In my fear, I let the box slip through my grasp. Fortune smiled then and a farmhand took up the box and fled. Camilla and me ran south into the goblins. The farmhand ran here.&#13;&#10;&#13;&#10;'Camilla and me arrived to find the farmhand trying to pry the box open. When he saw us coming he leapt up and ran north, taking an awful tumble down the hill here. I gave chase until Amarion caught me and begged me to let the box go. Amarion said to trust you. He saved me you see; so I trust him. I know it might seem petty, but the gift my father gave me is important to me, (your name).&#13;&#10;&#13;&#10;'My farmhand run off towards Amon Amrûn, north and a bit east of Amon Raith. Please, find him and my heirloom.'" objectives="Objective 1:&#13;&#10;William Peake's chest was stolen by a farmhand who fled north towards the ruins upon Amon Amrûn.&#13;&#10;&#13;&#10;William Peake has asked you to find his heirloom chest and the farmhand who stole it.&#13;&#10;• Use Heirloom Chest&#13;&#10;Objective 2:&#13;&#10;William Peake awaits the return of the heirloom chest at Amon Raith, south of Amon Amrûn.&#13;&#10;&#13;&#10;In the middle of the ruin of Amon Amrûn, you discovered the grisly scene of the farmhand dead near William Peake's chest. You should return at once to Amon Raith with the chest.&#13;&#10;• Talk to William Peake&#13;&#10;• Turn in Heirloom-chest">
<prerequisites>
<prerequisite name="The_Scout_Becomes_the_Hunter"/>
</prerequisites>
<nextQuests>
<nextQuest name="Wargs_of_Ann%C3%BAndir"/>
<nextQuest name="Fighting_Back"/>
<nextQuest name="Fallen_to_the_Wargs"/>
</nextQuests>
<rewards>
<money gold="0" silver="8" copper="50"/>
</rewards>
</quest>
