<?xml version="1.0" encoding="UTF-8"?>
<quest id="1879048642" key="Vol._I,_Book_4,_Foreword:_The_Troubles_of_Rivendell" title="Vol. I, Book 4, Foreword: The Troubles of Rivendell" category="Epic - Vol. I, Book 4: Chasing Shadows" scope="Epic" questArc="Volume I, Book 5: Chasing Shadows" minimumLevel="32" type="EPIC" size="SOLO" faction="FREE_PEOPLES" repeatable="false" instanced="false" description="Aragorn has asked that you speak with Elrond concerning a matter of gravest import for Rivendell." bestower="Aragorn (NPC)" bestowerText="'Welcome to Rivendell, where you will find the Last Homely House east of the Sea, (your name). The road to Imladris is not as forgiving as once it was, and I commend you for your efforts.&#13;&#10;&#13;&#10;'I hope the waters of the Ford have calmed since our passage; we left them in turmoil. I fear the cause of these troubles is not yet concluded.&#13;&#10;&#13;&#10;'Lord Elrond is the master of the house here; he should be given news of your arrival. You will find him in his library on the upper floor of the Last Homely House, to the northeast.'" objectives="Objective 1:&#13;&#10;Elrond waits in the library on the upper floor of his house.&#13;&#10;&#13;&#10;Aragorn asked that you present yourself to Elrond, the master of the Last Homely House.&#13;&#10;• Talk to Elrond">
<nextQuests>
<nextQuest name="Vol._I%2C_Book_4%2C_Chapter_1%3A_Where_is_the_Horse_and_the_Rider%3F"/>
</nextQuests>
<rewards>
<money gold="0" silver="8" copper="12"/>
<reputation>
<reputationItem faction="Elves of Rivendell" amount="500"/>
</reputation>
</rewards>
</quest>
