<?xml version="1.0" encoding="UTF-8"?>
<quest id="1879056962" key="Dark_Raiders" title="Dark Raiders" category="Angmar" scope="" questArc="" minimumLevel="38" type="STANDARD" size="SOLO" faction="FREE_PEOPLES" repeatable="false" instanced="false" description="Torquil's brothers were slain by orcs, and he seeks allies to take his vengeance upon them." bestower="Torquil (NPC)" bestowerText="'My brothers were great warriors, and they gained much honour in battle against the Trév Duvárdain and the Orcs of Angmar. All spoke highly of them, and both women and men called them mighty.&#13;&#10;&#13;&#10;'But even the mightiest man can be felled by a single arrow loosed from hiding, and so it was with my brothers. Orcs beset them by the cave Morfil, and they were defeated.&#13;&#10;&#13;&#10;'I have petitioned Crannog for vengeance, and now he sees fit to unleash you upon the Orcs in my stead! I hope you are worthy, for if your strength is found lacking, it will go poorly for you. The entrance to Morfil is in Fasach-larran, east of Aughaire. Defeat Orcs in and around the cave and make them pay for the deaths of my brothers!'" objectives="Objective 1:&#13;&#10;The cave Morfil is in Fasach-larran, east of Aughaire.&#13;&#10;&#13;&#10;Torquil has asked you to journey to Morfil and defeat the Orcs that killed his brothers.&#13;&#10;• Defeat Ongbúrz Warriors at Morfil ($NUMBER$/$TOTAL$) (Ongbúrz Warrior)&#13;&#10;• Defeat Ongbúrz Skirmishers at Morfil ($NUMBER$/$TOTAL$) (Ongbúrz Skirmisher)&#13;&#10;• Defeat Ongbúrz Captain at Morfil (Ongbúrz Captain)&#13;&#10;Objective 2:&#13;&#10;Torquil is at Aughaire, near Crannog's ruling-seat, west of the settlement's centre island.&#13;&#10;&#13;&#10;You have slain many Orcs at Morfil and should return now to Torquil at Aughaire.&#13;&#10;• Talk to Torquil">
<rewards>
<money gold="0" silver="22" copper="40"/>
<object name="Loop of Búth Sánkhas" pageURL="/wiki/Item:Loop_of_Búth_Sánkhas" iconURL="http://content.turbine.com/sites/lorebook.lotro.com/images/icons/item/jewelry/eq_new_angmar_ring_03.png" quantity="1"/>
<selectOneOf>
<object name="Refined Athelas Extract" pageURL="/wiki/Item:Refined_Athelas_Extract" iconURL="http://content.turbine.com/sites/lorebook.lotro.com/images/icons/item/potion/it_c_potion_morale_instant_t4.png" quantity="2"/>
<object name="Refined Celebrant Ointment" pageURL="/wiki/Item:Refined_Celebrant_Ointment" iconURL="http://content.turbine.com/sites/lorebook.lotro.com/images/icons/item/potion/it_c_potion_power_instant_t4.png" quantity="2"/>
</selectOneOf>
</rewards>
</quest>
