<?xml version="1.0" encoding="UTF-8"?>
<quest id="1879051594" key="Belco%27s_Writ" title="Belco's Writ" category="Shire" scope="" questArc="The Founding Writ" minimumLevel="5" type="STANDARD" size="SOLO" faction="FREE_PEOPLES" repeatable="false" instanced="false" description="After helping him out around the farm, Belco Brockhouse has finally given you the copy of the Founding Writ of the Shire he found among his mother's things." bestower="Belco Brockhouse (NPC)" bestowerText="'Aye, I suppose you've done enough for me, although I am going to miss the extra help around the farm here. And Old Sally seems to have taken a liking to you, although that could just be because you brought her feed!&#13;&#10;&#13;&#10;'Here's that copy of the writ I found in my mum's things. Take it over to Keeper Foxtail at the Mathom-house in Michel Delving.&#13;&#10;&#13;&#10;'And make sure you don't let that Adelard Took have it, I don't want it near his collection!'" objectives="Objective 1:&#13;&#10;Brombard Foxtail is at the Mathom-house in Michel Delving.&#13;&#10;&#13;&#10;Belco Brockhouse, satisifed with your services, exhorted you to take his copy of the Founding Writ directly to Keeper Brombard Foxtail. He has no desire to see it end up in the hands of Adelard Took.&#13;&#10;• Talk to Keeper Brombard Foxtail&#13;&#10;• Turn in The Founding Writ">
<prerequisites>
<prerequisite name="Old_Sally"/>
<prerequisite name="A_Sack_of_Feed"/>
<prerequisite name="Shore_Up_the_Fence"/>
</prerequisites>
<rewards>
<object name="Gift Mathom" pageURL="/wiki/Item:Gift_Mathom" iconURL="http://content.turbine.com/sites/lorebook.lotro.com/images/icons/item/reputation/it_reputation_shire_mathoms_gift.png" quantity="1"/>
<selectOneOf>
<object name="Writ Finder's Sword" pageURL="/wiki/Weapon:Writ_Finder's_Sword" iconURL="http://content.turbine.com/sites/lorebook.lotro.com/images/icons/item/weapon_sword/eq_shire_1hsword_02.png" quantity="1"/>
<object name="Writ Finder's Great Sword" pageURL="/wiki/Weapon:Writ_Finder's_Great_Sword" iconURL="http://content.turbine.com/sites/lorebook.lotro.com/images/icons/item/weapon_sword/eq_shire_2hsword_01.png" quantity="1"/>
</selectOneOf>
</rewards>
</quest>
