<?xml version="1.0" encoding="UTF-8"?>
<quest id="1879048357" key="Vol._I,_Book_7,_Chapter_4:_Dwarf_Mastery" title="Vol. I, Book 7, Chapter 4: Dwarf Mastery" category="Epic - Vol. I, Book 7: The Hidden Hope" scope="Epic" questArc="Volume I, Book 7: The Hidden Hope" minimumLevel="42" type="EPIC" size="SOLO" faction="FREE_PEOPLES" repeatable="false" instanced="false" description="You journeyed to Rivendell to seek the aid of Elrond Halfelven in translating Raghnall's scroll. The Master of the Last Homely House gave you a mysterious welcome, but did offer to assist you." bestower="Elrond (NPC)" bestowerText="'Lorniel's hopes were not wholly in vain, for this scroll does indeed reveal a way to pass the gates of Carn Dûm. The scroll tells of a special key needed, forged of a dire black iron found only in the foul pits of Angmar...and the secrets of its crafting.&#13;&#10;&#13;&#10;'I believe such a key could be made of mithril, for the strength of Moria-silver may overcome whatever resistance the lock may give. Unfortunately, we have not mithril to use. Perhaps you should seek the aid of Lord Dwalin at Thorin's Hall in Ered Luin.&#13;&#10;&#13;&#10;'The dwarves know best the secrets of mithril...it is they you should speak with. I have transcribed the contents of the scroll in Westron...the dwarves should have no difficulty reading it.'" objectives="Objective 1:&#13;&#10;Dwalin is at Thorin's Hall in Ered Luin.&#13;&#10;&#13;&#10;Elrond transcribed the scroll into Westron, but told you to seek the aid of Dwalin and the dwarves of Ered Luin in forging the pass-key to Carn Dûm.&#13;&#10;• Talk to Dwalin&#13;&#10;• Turn in Elven Scroll">
<prerequisites>
<prerequisite name="Vol._I%2C_Book_7%2C_Chapter_3%3A_Opening_the_Way"/>
</prerequisites>
<nextQuests>
<nextQuest name="Vol._I%2C_Book_7%2C_Chapter_5%3A_What_Is_Needed"/>
</nextQuests>
<rewards>
<money gold="0" silver="23" copper="80"/>
</rewards>
</quest>
