<?xml version="1.0" encoding="UTF-8"?>
<quest id="1879051317" key="Master_of_the_Lash" title="Master of the Lash" category="Lone-lands" scope="" questArc="Angmar Rising" minimumLevel="22" type="STANDARD" size="SOLO" faction="FREE_PEOPLES" repeatable="false" instanced="false" description="Orcs bearing the standard of Angmar poured into the Lone-lands from the North and have occupied Ost Cyrn, a ruin south-west of Ost Guruth." bestower="Grimdeal (NPC)" bestowerText="'You have strength within you to inspire and deliver hope where there is none. You have proven this time and again.&#13;&#10;&#13;&#10;'I ask now that you again assail Ost Cyrn and tear their heart from them. Within the walls of the ruin there is a taskmaster who drives the Orcs with fear and strength of arms. His evil knows no bounds, and his reign is unyielding. However, we have learned that his force is limited in arms, and if we can defeat the taskmaster and steal enough of the Orcs' weapons, they may collapse upon themselves.&#13;&#10;&#13;&#10;'Go to Ost Cyrn and collect weapons from the Orcs you face. If you find their leader, slay him.'" objectives="Objective 1:&#13;&#10;The Orcs' leader and their weapons may be found somewhere within the ruins of Ost Cyrn, south-west of Ost Guruth.&#13;&#10;&#13;&#10;Grimdeal believes that if you can slay the leader of the Orcs and steal their weapons, they will collapse in upon themselves, and the Lone-lands will be freed from their threat.&#13;&#10;• Kill 1 Tarkrîp Slaughterer&#13;&#10;• Turn in Orc-sword&#13;&#10;Objective 2:&#13;&#10;Grimdeal awaits your return at Ost Guruth, north-east of Ost Cyrn.&#13;&#10;&#13;&#10;You should return at once to Grimdeal, bringing him the Orc-swords you collected as evidence of your victory.&#13;&#10;• Talk to Grimdeal&#13;&#10;• Turn in Orc-sword">
<rewards>
<money gold="0" silver="14" copper="50"/>
<reputation>
<reputationItem faction="Eglain" amount="700"/>
</reputation>
<selectOneOf>
<object name="Frideric's Jacket" pageURL="/wiki/Armour:Frideric's_Jacket" iconURL="http://content.turbine.com/sites/lorebook.lotro.com/images/icons/item/chest/eq_lonelands_medium_chest_03.png" quantity="1"/>
<object name="Hunter of Tarkrîp" pageURL="/wiki/Weapon:Hunter_of_Tarkrîp" iconURL="http://content.turbine.com/sites/lorebook.lotro.com/images/icons/item/weapon_mace/eq_lonelands_1hhammer_01.png" quantity="1"/>
<object name="Frideric's Javelin" pageURL="/wiki/Weapon:Frideric's_Javelin" iconURL="http://content.turbine.com/sites/lorebook.lotro.com/images/icons/item/weapon_javelin/eq_lonelands_javelin_02.png" quantity="1"/>
</selectOneOf>
</rewards>
</quest>
