<?xml version="1.0" encoding="UTF-8"?>
<quest id="1879052741" key="Vol._I,_Book_6,_Chapter_7:_Beyond_Rammas_Deluon" title="Vol. I, Book 6, Chapter 7: Beyond Rammas Deluon" category="Epic - Vol. I, Book 6: Fires in the North" scope="Epic" questArc="Volume I, Book 6: Fires in the North" minimumLevel="41" type="EPIC" size="SOLO" faction="FREE_PEOPLES" repeatable="false" instanced="false" description="Your defeat of the ancient watching-stone of Ram Dúath has proven that the stones can be defied." bestower="Corunir (NPC)" bestowerText="'You have proven that such stones can be defeated, that their power of oppression is only as great as you allow it! Unfortunately, my spirit has been broken for far too long...I do not believe I could pass the stones and bear their fear.&#13;&#10;&#13;&#10;'You, however, have nothing left to fear. Go east, (your name), and pass through Rammas Deluon. I can only hope that somewhere beyond my kinsmen survive. The people here say that there are dwarves in the south past Rammas Deluon. Search there for my brethren!'&#13;&#10;&#13;&#10;'Go, and may the Valar go with you!'" objectives="Objective 1:&#13;&#10;Rammas Deluon lies far to the east of Aughaire in Malenhad. Corunir suggested you look for a dwarf encampment in the south past the Rammas Deluon.&#13;&#10;&#13;&#10;Corunir bade you pass through Rammas Deluon, for you no longer have cause to fear the deadly stones. He hopes that you may find a remnant of the force Golodir led through the stones somewhere on the other side.&#13;&#10;• Search for survivors from Golodir's band">
<prerequisites>
<prerequisite name="Vol._I%2C_Book_6%2C_Chapter_6%3A_Challenging_the_Stone"/>
</prerequisites>
<nextQuests>
<nextQuest name="Vol._I%2C_Book_7%2C_Chapter_1%3A_Hidden_in_Shadow"/>
<nextQuest name="Waste_Near_Gath_Forthnir"/>
</nextQuests>
<rewards>
<money gold="0" silver="23" copper="45"/>
</rewards>
</quest>
