<?xml version="1.0" encoding="UTF-8"?>
<quest id="1879048631" key="Quenching_the_Flames" title="Quenching the Flames" category="Urugarth" scope="" questArc="" minimumLevel="45" type="STANDARD" size="FELLOWSHIP" faction="FREE_PEOPLES" repeatable="false" instanced="false" description="The drake-queen rules the wilds of Urugarth, spawning broods of drakelings that ravage the countryside." bestower="Gormal (NPC)" bestowerText="'There is a great drake-queen which must be slain within Urugarth.&#13;&#10;&#13;&#10;'She is a creature of fierce intelligence and will attempt to evade you. Turn your weapons against her young drakelings...that may goad her into action.&#13;&#10;&#13;&#10;'The fortress of Urugarth lies to the west of here. Be cautious when you approach and do not go alone.'" objectives="Objective 1:&#13;&#10;Urugarth lies to the west of Tármunn Sûrsa.&#13;&#10;&#13;&#10;Gormal asked you to go to Urugarth and defeat the drake-queen who dwells there, advising you to attack her drakelings in order to draw her out. He also advised that you do not go alone.&#13;&#10;• Defeat drake-queen (Lhugrien)&#13;&#10;Objective 2:&#13;&#10;Tármunn Súrsa lies to the east of Urugarth.&#13;&#10;&#13;&#10;You should return to Gormal and tell him of your success.&#13;&#10;• Talk to Gormal">
<prerequisites>
<prerequisite name="Vol._I%2C_Book_6%2C_Chapter_6%3A_Challenging_the_Stone"/>
</prerequisites>
<nextQuests>
<nextQuest name="The_Drake-queen%27s_Brood"/>
</nextQuests>
<rewards>
<money gold="0" silver="49" copper="70"/>
<reputation>
<reputationItem faction="Council of the North" amount="900"/>
</reputation>
<selectOneOf>
<object name="Lhugrien's Fall" pageURL="/wiki/Armour:Lhugrien's_Fall" iconURL="http://content.turbine.com/sites/lorebook.lotro.com/images/icons/item/head/eq_angmar_heavy_head_03.png" quantity="1"/>
<object name="Narchol" pageURL="/wiki/Armour:Narchol" iconURL="http://content.turbine.com/sites/lorebook.lotro.com/images/icons/item/back/eq_angmar_back_09.png" quantity="1"/>
<object name="Laingalad" pageURL="/wiki/Weapon:Laingalad" iconURL="http://content.turbine.com/sites/lorebook.lotro.com/images/icons/item/weapon_sword/eq_angmar_1hsword_04.png" quantity="1"/>
</selectOneOf>
</rewards>
</quest>
