<?xml version="1.0" encoding="UTF-8"?>
<quest id="1879048676" key="Vol._I,_Book_5,_Chapter_1:_Into_the_Misty_Mountains" title="Vol. I, Book 5, Chapter 1: Into the Misty Mountains" category="Epic - Vol. I, Book 5: The Last Refuge" scope="Epic" questArc="Volume I, Book 5: The Last Refuge" minimumLevel="37" type="EPIC" size="SOLO" faction="FREE_PEOPLES" repeatable="false" instanced="false" description="Elrond feels that the Nazgûl you drove off from the Trollshaws has fled into the Misty Mountains. He has asked you to continue your pursuit of the Nazgûl with the aid of Glóin." bestower="Elrond (NPC)" bestowerText="'I fear that while the Nazgûl you drove off has fled the Trollshaws, he still schemes to assault Rivendell. To the north and east of Rivendell, there are goblins and worse that he might bend to his will and use against us.&#13;&#10;&#13;&#10;'I would ask that you continue in your pursuit of the Nazgûl and travel into the Misty Mountains. There you may seek the aid of Glóin, who has established a camp at the end of the pass out of Rivendell that leads to the Misty Mountains.&#13;&#10;&#13;&#10;'Go now, for not only the safety of Rivendell is at stake. All of Middle-earth depends on your actions.'" objectives="Objective 1:&#13;&#10;Glóin can be found at the camp at the top of the pass that leads from Rivendell into the Misty Mountains.&#13;&#10;&#13;&#10;Elrond suggested that you seek Glóin's aid in the hunt for the Nazgûl.&#13;&#10;• Talk to Glóin">
<prerequisites>
<prerequisite name="Vol._I%2C_Book_4%2C_Chapter_9%3A_Hasten_Their_Departure"/>
</prerequisites>
<nextQuests>
<nextQuest name="Vol._I%2C_Book_5%2C_Chapter_2%3A_Troublesome_Goblins"/>
</nextQuests>
<rewards>
<money gold="0" silver="22" copper="5"/>
<reputation>
<reputationItem faction="Thorin's Hall" amount="500"/>
</reputation>
<object name="Inscribed Horn" pageURL="/wiki/Item:Inscribed_Horn" iconURL="http://content.turbine.com/sites/lorebook.lotro.com/images/icons/item/jewelry/eq_trollshaws_pocketitem_02.png" quantity="1"/>
</rewards>
</quest>
