<?xml version="1.0" encoding="UTF-8"?>
<quest id="1879048200" key="Free_the_Tree" title="Free the Tree" category="Shire" scope="" questArc="Spider Plague" minimumLevel="6" type="STANDARD" size="SOLO" faction="FREE_PEOPLES" repeatable="false" instanced="false" description="You found the fabled \qwalking tree\q that Gammer Boffin told you about, and it appears to be entrapped by the spiders." bestower="Walking-tree (Huorn)" bestowerText="The tree shudders, attempting to tear itself loose from the webs that bind it. Perhaps there is a way you could help it clear the webs away." objectives="Objective 1:&#13;&#10;Gammer Boffin's draught is almost spent, but there appears to be just enough left to help weaken the webs binding the tree.&#13;&#10;• Free the walking tree&#13;&#10;Objective 2:&#13;&#10;Shirriff Robin Smallburrow is in the Ivy Bush in the centre of Hobbiton.&#13;&#10;&#13;&#10;With the aid of Gammer Boffin's draught, you cleared the way to the nest and managed to rescue a walking tree, while dealing with the spiders. Shirriff Smallburrow will want to hear your tale.&#13;&#10;• Talk to Shirriff Robin Smallburrow">
<prerequisites>
<prerequisite name="Web-cutter"/>
</prerequisites>
<rewards>
<object name="Gift Mathom" pageURL="/wiki/Item:Gift_Mathom" iconURL="http://content.turbine.com/sites/lorebook.lotro.com/images/icons/item/reputation/it_reputation_shire_mathoms_gift.png" quantity="1"/>
<selectOneOf>
<object name="Smallburrow's Gloves" pageURL="/wiki/Armour:Smallburrow's_Gloves" iconURL="http://content.turbine.com/sites/lorebook.lotro.com/images/icons/item/hands/eq_shire_light_hands_01.png" quantity="1"/>
<object name="Old Forester's Axe" pageURL="/wiki/Weapon:Old_Forester's_Axe" iconURL="http://content.turbine.com/sites/lorebook.lotro.com/images/icons/item/weapon_axe/eq_shire_1haxe_01.png" quantity="1"/>
<object name="Tree Shield" pageURL="/wiki/Armour:Tree_Shield" iconURL="http://content.turbine.com/sites/lorebook.lotro.com/images/icons/item/shield/eq_shire_shield_02.png" quantity="1"/>
</selectOneOf>
</rewards>
</quest>
