<?xml version="1.0" encoding="UTF-8"?>
<quest id="1879048541" key="Intro:_The_Spies" title="Intro: The Spies" category="Introduction" scope="Epic" questArc="Bree-land Introduction" minimumLevel="1" type="STANDARD" size="SOLO" faction="FREE_PEOPLES" repeatable="false" instanced="false" description="The Blackwolds have sent spies to appraise the situation in Archet, which has become a cause of concern for Dirk Mudbrick." bestower="Dirk Mudbrick (NPC)" bestowerText="'Well, since I already opened my mouth, I guess I should explain myself a little. I mentioned to the Captain that the Blackwolds seemed a bit stronger than we'd been told, and that we ought to listen to Jon and spy out their camp. If we'd done that, we might have stopped them from grabbing them two hobbits.&#13;&#10;&#13;&#10;'Now, when I says this, the Captain re-assigns me from gate-duty to watching these sheep here. I see brigands making their way through the woods here and there, and I can't help thinking that they are trying to get a good look at us.&#13;&#10;&#13;&#10;'We need to know what they've learned and what they're up to. If ye can, confront one of their spies and see what ye can discover. Bring me any orders or messages ye find. I swear I saw some of their spies sneaking about to the southeast, between here and Bronwe's Folly.'" objectives="Objective 1:&#13;&#10;Blackwold spies may be found to the south-east of the sheep-farm, between the farm and Bronwe's Folly.&#13;&#10;&#13;&#10;Dirk Mudbrick wants to discover what the Blackwold spies have learned. He has asked you to confront one of the spies and recover any orders or messages he might be carrying.&#13;&#10;• Turn in Sprigley's Note&#13;&#10;Objective 2:&#13;&#10;Dirk Mudbrick can be found at the sheep-farm south and west of Archet.&#13;&#10;&#13;&#10;Dirk Mudbrick will be anxious to read the orders you found on the Blackwold spy. You should bring them to him as quickly as possible.&#13;&#10;• Talk to Dirk Mudbrick&#13;&#10;• Turn in Sprigley's Note&#13;&#10;Objective 3:&#13;&#10;Captain Brackenbrook can be found inside The Mad Badger Inn, north of the Archet gate.&#13;&#10;&#13;&#10;Dirk Mudbrick sent you to Captain Brackenbrook with the orders you found on the Blackwold Spies.&#13;&#10;• Talk to Captain Brackenbrook&#13;&#10;• Turn in Sprigley's Note">
<prerequisites>
<prerequisite name="Intro%3A_Seeing_to_the_Defence"/>
</prerequisites>
<nextQuests>
<nextQuest name="Intro%3A_Interrogation"/>
<nextQuest name="The_Quartermaster"/>
<nextQuest name="Beyond_the_Bulwarks"/>
<nextQuest name="Old_Bloodtusk"/>
<nextQuest name="The_Jailor"/>
<nextQuest name="Intro%3A_Question_the_Prisoner"/>
<nextQuest name="Stolen_Treasures"/>
<nextQuest name="Report_to_Captain_Brackenbrook"/>
<nextQuest name="Intro%3A_The_Captain%27s_Son"/>
</nextQuests>
<rewards>
<money gold="0" silver="0" copper="90"/>
<selectOneOf>
<object name="Ragged Leather Boots" pageURL="/wiki/Armour:Ragged_Leather_Boots" iconURL="http://content.turbine.com/sites/lorebook.lotro.com/images/icons/item/feet/eq_introduction_shared_medium_feet.png" quantity="1"/>
<object name="Threadbare Cloth Shoes" pageURL="/wiki/Armour:Threadbare_Cloth_Shoes" iconURL="http://content.turbine.com/sites/lorebook.lotro.com/images/icons/item/feet/eq_introduction_shared_light_feet.png" quantity="1"/>
</selectOneOf>
</rewards>
</quest>
