<?xml version="1.0" encoding="UTF-8"?>
<quest id="1879048532" key="Confront_the_Old_Took" title="Confront the Old Took" category="Shire" scope="" questArc="Ghost of the Old Took" minimumLevel="5" type="STANDARD" size="SOLO" faction="FREE_PEOPLES" repeatable="false" instanced="false" description="Nothing you have done for Adelard Took has appeared to have any effect whatsoever on the \qghost\q in Adelard's library." bestower="Adelard Took (NPC)" bestowerText="'I am simply at my wit's end! Nothing we have done has appeased the Old Took's ghost. I can think of nothing else to do. I will never have my library back. What to do, what to do....&#13;&#10;&#13;&#10;'Wait...no, it's too terrible to ask! But I must have my library back. You have done so much for me already, but could I ask you to muster up your courage and face the Old Took's ghost yourself?&#13;&#10;&#13;&#10;'With great caution, enter my library and perhaps -- since you have done so much to try and appease him -- the Old Took will grant you an audience. His presence seems to be strongest in the far corner of the room, by my small bookshelf. Do please be careful!'" objectives="Objective 1:&#13;&#10;The ghost's presence is strongest in the far corner of Adelard's library, near the small bookshelf.&#13;&#10;&#13;&#10;After all else failed, Adelard Took has asked you to enter his library and confront the ghost of the Old Took.&#13;&#10;• Confront the Old Took's ghost&#13;&#10;Objective 2:&#13;&#10;Adelard Took is outside the library in the Great Smials.&#13;&#10;&#13;&#10;In confronting the \qghost\q in Adelard Took's library, you discovered that it was nothing more than a squirrel hiding behind the bookcase. You should tell Adelard that it is safe to return to his library.&#13;&#10;• Talk to Adelard Took">
<prerequisites>
<prerequisite name="The_Last_of_the_Fireworks"/>
</prerequisites>
<rewards>
<object name="Gift Mathom" pageURL="/wiki/Item:Gift_Mathom" iconURL="http://content.turbine.com/sites/lorebook.lotro.com/images/icons/item/reputation/it_reputation_shire_mathoms_gift.png" quantity="1"/>
<selectOneOf>
<object name="Sharpened Dagger" pageURL="/wiki/Weapon:Sharpened_Dagger" iconURL="http://content.turbine.com/sites/lorebook.lotro.com/images/icons/item/weapon_dagger/eq_shire_dagger_01.png" quantity="1"/>
<object name="Tookish Earring" pageURL="/wiki/Item:Tookish_Earring" iconURL="http://content.turbine.com/sites/lorebook.lotro.com/images/icons/item/jewelry/eq_shire_earring_01.png" quantity="1"/>
</selectOneOf>
</rewards>
</quest>
