<?xml version="1.0" encoding="UTF-8"?>
<quest id="1879048250" key="Blankets_from_the_Baying_Wolves" title="Blankets from the Baying Wolves" category="Lone-lands" scope="" questArc="Inn Troubles" minimumLevel="17" type="STANDARD" size="SOLO" faction="FREE_PEOPLES" repeatable="false" instanced="false" description="Arinora has become overwhelmed with the many responsibilities she bears for the maintenance of The Forsaken Inn." bestower="Arinora (NPC)" bestowerText="'There are too many travellers, even through this remote land, and the nearest water sits foul and stagnant. We've the well, of course, but water is rationed among all the guests and does not go as far as it might.&#13;&#10;&#13;&#10;'Blankets need making and mending, and there are no better hides to be found than those of the wolves. The hide of a Warg is too coarse, but a wolf's fur can be made soft with a comb. If you've the time and a good heart, I would ask for your assistance; you'll not see me stomping through the brush to get to the wolves, as deadly as they are!&#13;&#10;&#13;&#10;'There are a few places you may want to look for wolves with proper hides. Wolves creep among the ruins of Minas Eriol to the south, though that place is also crawling with Wargs and goblins. Wolves hunt too among the Weather Hills, to the east and north. Finally, you could travel even further north, but the Midgewater Pass is dangerous and full of even worse things than wolves. When you have the wolf-hides, return to me, and I'll see that you are rewarded.'" objectives="Objective 1:&#13;&#10;Wolves can be found in the ruins of Minas Eriol south of The Forsaken Inn, among the Weather Hills to the north-east, and in the Midgewater Pass to the north.&#13;&#10;&#13;&#10;Arinora of The Forsaken Inn asked you to collect wolf-hides so she can make blankets for the inn's guests.&#13;&#10;• Bring wolf-hides to Arinora (Arinora)&#13;&#10;• Turn in Wolf-hide">
<rewards>
<money gold="0" silver="7" copper="0"/>
<object name="Blueberry Muffins" pageURL="/wiki/Item:Blueberry_Muffins" iconURL="http://content.turbine.com/sites/lorebook.lotro.com/images/icons/item/food/it_food_blueberry_muffins.png" quantity="3"/>
<object name="Hornblower's Pie" pageURL="/wiki/Item:Hornblower's_Pie" iconURL="http://content.turbine.com/sites/lorebook.lotro.com/images/icons/item/food/it_food_hornblower_pie.png" quantity="3"/>
<selectOneOf>
<object name="Candac's Wall" pageURL="/wiki/Armour:Candac's_Wall" iconURL="http://content.turbine.com/sites/lorebook.lotro.com/images/icons/item/shield/eq_lonelands_heavy_shield_01.png" quantity="1"/>
<object name="Arinora's Gloves" pageURL="/wiki/Armour:Arinora's_Gloves" iconURL="http://content.turbine.com/sites/lorebook.lotro.com/images/icons/item/hands/eq_lonelands_heavy_hands_01.png" quantity="1"/>
<object name="Arinora's Cloak" pageURL="/wiki/Armour:Arinora's_Cloak" iconURL="http://content.turbine.com/sites/lorebook.lotro.com/images/icons/item/back/eq_lonelands_back_07.png" quantity="1"/>
<object name="Arinora's Band" pageURL="/wiki/Item:Arinora's_Band" iconURL="http://content.turbine.com/sites/lorebook.lotro.com/images/icons/item/jewelry/eq_lonelands_ring_06.png" quantity="1"/>
</selectOneOf>
</rewards>
</quest>
