<?xml version="1.0" encoding="UTF-8"?>
<quest id="1879052235" key="Vol._I,_Book_5,_Chapter_2:_Troublesome_Goblins" title="Vol. I, Book 5, Chapter 2: Troublesome Goblins" category="Epic - Vol. I, Book 5: The Last Refuge" scope="Epic" questArc="Volume I, Book 5: The Last Refuge" minimumLevel="37" type="EPIC" size="SOLO" faction="FREE_PEOPLES" repeatable="false" instanced="false" description="Glóin told you that the goblins seem very active of late, and that he would not be surprised if the Nazgûl you are pursuing were the cause." bestower="Glóin (NPC)" bestowerText="'So you say that Elrond mentioned goblins in his direction to come here? It doesn't surprise me. I ran into some troublesome goblins up here when I crossed the Misty Mountains in Thorin's great quest. That time we were sorely beset by goblins.&#13;&#10;&#13;&#10;'Now, it does seem the foul things are even more stirred up lately, and perhaps your Rider is the cause. One of the scouts here reported them moving far from their holes far to the east and heard them chanting &quot;Gurzmat&quot;...their leader no doubt.&#13;&#10;&#13;&#10;'Aye, that's what needs to be done. Slay this Gurzmat, and the goblins will be in such a disarray they won't present a problem to anyone -- and maybe you'll find the trail of this Rider you seek. Seek out the goblin fires to the north and east along the Pinnath Fenui, and you'll likely find Gurzmat holed up deep in one of the camps. I wish I could help you more, but as I said, there's a more pressing task from Dáin that I must give my attention to.'" objectives="Objective 1:&#13;&#10;The goblins have many camps among the ridges of Pinnath Fenui, far to the east and north of Glóin's camp.&#13;&#10;&#13;&#10;Glóin told you that if you search for the goblins' camps in the Misty Mountains, you should find a goblin named Gurzmat. He appears to be their leader, and by defeating him, you should throw the goblins into disarray and perhaps find the trail of the Nazgûl.&#13;&#10;• Find the goblin-camp&#13;&#10;Objective 2:&#13;&#10;Gurzmat is somewhere deep within the goblin-camp that sprawls along the ridges of the Pinnath Fenui.&#13;&#10;&#13;&#10;Glóin told you that by defeating the goblin Gurzmat, you would throw the goblins into disarray and perhaps find the trail of the Nazgûl you seek.&#13;&#10;• Kill 1 Gurzmat&#13;&#10;Objective 3:&#13;&#10;Glóin is at his camp north of Rivendell.&#13;&#10;&#13;&#10;In defeating Gurzmat, you find him accompanied by hostile Dourhand dwarves. Glóin should be made known of this development immediately.&#13;&#10;• Talk to Glóin">
<prerequisites>
<prerequisite name="Vol._I%2C_Book_5%2C_Chapter_1%3A_Into_the_Misty_Mountains"/>
</prerequisites>
<nextQuests>
<nextQuest name="Vol._I%2C_Book_5%2C_Chapter_3%3A_The_High_Fortress"/>
</nextQuests>
<rewards>
<money gold="0" silver="22" copper="5"/>
<reputation>
<reputationItem faction="Thorin's Hall" amount="700"/>
</reputation>
<selectOneOf>
<object name="Threk-fótar" pageURL="/wiki/Armour:Threk-fótar" iconURL="http://content.turbine.com/sites/lorebook.lotro.com/images/icons/item/feet/eq_trollshaws_medium_feet_02.png" quantity="1"/>
<object name="Congronn" pageURL="/wiki/Weapon:Congronn" iconURL="http://content.turbine.com/sites/lorebook.lotro.com/images/icons/item/weapon_sword/eq_trollshaws_2hclub_01.png" quantity="1"/>
<object name="Doom of Gurzmat" pageURL="/wiki/Weapon:Doom_of_Gurzmat" iconURL="http://content.turbine.com/sites/lorebook.lotro.com/images/icons/item/weapon_sword/eq_trollshaws_1hsword_02.png" quantity="1"/>
</selectOneOf>
</rewards>
</quest>
