<?xml version="1.0" encoding="UTF-8"?>
<quest id="1879048612" key="The_Winged_Host" title="The Winged Host" category="Angmar" scope="" questArc="Winged Host" minimumLevel="44" type="STANDARD" size="SMALL_FELLOWSHIP" faction="FREE_PEOPLES" repeatable="false" instanced="false" description="Himbar is haunted by the merrevail and their kindred, the bats. These creatures prey upon the Rangers of Gath Forthnír, showing no mercy." bestower="Thoriel (NPC)" bestowerText="'These are dark days, (your class). The morroval scourge preys upon my men, snatching them from where they sleep and carrying them off to their dens.&#13;&#10;&#13;&#10;'You will find the merrevail stalking the lands of Himbar to the west. They are the eyes of Angmar, watching our movements and preying upon us. Slay them now, lest they return to Gath Forthnír.&#13;&#10;&#13;&#10;'Beware the spies of the merrevail, their kindred, the bats.'" objectives="Objective 1:&#13;&#10;The merrevail and the bats hunt throughout Himbar, the lands west of Gath Forthnír.&#13;&#10;&#13;&#10;Thoriel warned you of the merrevail, winged monsters in service to the Enemy. They prey upon the Rangers and must be destroyed, along with their lesser kindred, the bats.&#13;&#10;• Defeat merrevail in Himbar (15)&#13;&#10;• Defeat bats in Himbar ($NUMBER$/$TOTAL$) (Wild Bloodfang)&#13;&#10;Objective 2:&#13;&#10;Thoriel waits for you in Gath Forthnír, the hidden Ranger camp east of Himbar.&#13;&#10;&#13;&#10;You defeated the winged servants of the Enemy and may now return to claim victory.&#13;&#10;• Talk to Thoriel">
<prerequisites>
<prerequisite name="Vol._I%2C_Book_6%2C_Chapter_6%3A_Challenging_the_Stone"/>
</prerequisites>
<nextQuests>
<nextQuest name="Cries_of_the_Host"/>
<nextQuest name="Queen_of_the_Host"/>
</nextQuests>
<rewards>
<money gold="0" silver="24" copper="50"/>
<reputation>
<reputationItem faction="Council of the North" amount="500"/>
</reputation>
</rewards>
</quest>
