<?xml version="1.0" encoding="UTF-8"?>
<quest id="1879051318" key="An_Offering_of_Peace" title="An Offering of Peace" category="Lone-lands" scope="" questArc="Gentle Giants" minimumLevel="22" type="STANDARD" size="SOLO" faction="FREE_PEOPLES" repeatable="false" instanced="false" description="With the migration of Orcs and goblins to the western Lone-lands, the Eglain attempted to rekindle old trade relations with an Elf from the east. However, they encountered great, lumbering beasts upon the Road and dared not continue forwards." bestower="Frideric the Elder (NPC)" bestowerText="'Our paths cross again, (your name). There is something I would like to ask of you, a favour that may prove dangerous. Our trades were not limited entirely to Bree-town in the west. We have, in our time, traded with an Elf from the east as well.&#13;&#10;&#13;&#10;'When the raids in the west began we sent some of our kindred eastward to rekindle our trade with the Elf, but they returned after seeing great, lumbering creatures near the road east.&#13;&#10;&#13;&#10;'The creatures did not attack and acted in an intelligent manner. I hope to gather goods for them to offer as a promise of peace with them. If you are willing, I will need meat from the boars roaming to the east and fur from the Wargs nearby.'" objectives="Objective 1:&#13;&#10;Boars wander to the east between Ost Guruth and the Last Bridge, and wargs wander the area near Ost Guruth along Great East Road. Frideric resides at the Eglain Ruin-hold of Ost Guruth, north of the Great East Road in the Lone-lands.&#13;&#10;&#13;&#10;Frideric asked you to help him gather a peace offering of boar-haunches and warg-fur for the strange creatures living near the Last Bridge at the eastern end of the Great East Road.&#13;&#10;• Deliver the fur and haunches to Frideric (Frideric the Elder)&#13;&#10;• Turn in Warg-fur&#13;&#10;• Turn in Haunch of Boar-meat">
<prerequisites>
<prerequisite name="Hana%27s_Dream"/>
<prerequisite name="A_Plague_Upon_Us"/>
</prerequisites>
<nextQuests>
<nextQuest name="An_Offering_of_Peace%2C_Part_II"/>
</nextQuests>
<rewards>
<money gold="0" silver="14" copper="50"/>
<reputation>
<reputationItem faction="Eglain" amount="700"/>
</reputation>
<selectOneOf>
<object name="Frideric's Shoes" pageURL="/wiki/Armour:Frideric's_Shoes" iconURL="http://content.turbine.com/sites/lorebook.lotro.com/images/icons/item/feet/eq_lonelands_heavy_feet_03.png" quantity="1"/>
<object name="Elder's Band" pageURL="/wiki/Item:Elder's_Band_(Level_27)" iconURL="http://content.turbine.com/sites/lorebook.lotro.com/images/icons/item/jewelry/eq_lonelands_ring_11.png" quantity="1"/>
</selectOneOf>
</rewards>
</quest>
