<?xml version="1.0" encoding="UTF-8"?>
<quest id="1879049834" key="Prologue:_Assault_on_Rath_Teraig" title="Prologue: Assault on Rath Teraig" category="Epic - Vol. I, Prologue" scope="Epic" questArc="Ered Luin Epic Prologue (United Path)" minimumLevel="8" type="EPIC" size="SOLO" faction="FREE_PEOPLES" repeatable="false" instanced="false" description="Dwalin of Thorin's Halls and Dorongúr Whitethorn of Duillond have assembled their forces, and you have prepared the way into Rath Teraig. All stands ready for the assault on the goblin-army." bestower="Langlas (NPC)" bestowerText="'Dwalin has sent many Longbeards marching to Rath Teraig, and Dorongúr Whitethorn has dispatched many Elf-warriors of his own. Skorgrím sought to divide the peoples of Ered Luin, but his actions have only strengthened their resolve to stand against him.&#13;&#10;&#13;&#10;'Skorgrím Dourhand will die in Rath Teraig, (your name). While the Elves and Durin's Folk draw away the greater part of the goblin army, you will enter behind their lines and join up with Avorthal.&#13;&#10;&#13;&#10;'When you have readied yourself, return to me and I will show you the path to Avorthal.'" objectives="Objective 1:&#13;&#10;Langlas is at the hunter's lodge, east of Gondamon.&#13;&#10;&#13;&#10;Langlas told you to speak to him when you are ready to travel. When the assault begins, he will show you a path leading behind enemy lines, where Avorthal awaits you.&#13;&#10;• Talk to Langlas and defeat Skorgrím&#13;&#10;Objective 2:&#13;&#10;Langlas is at the hunter's lodge, east of Gondamon.&#13;&#10;&#13;&#10;Skorgrím was driven from Ered Luin, but not slain. Langlas awaits an audience with you to decide your course.&#13;&#10;• Talk to Langlas">
<prerequisites>
<prerequisite name="Prologue%3A_Preparations_for_the_Assault"/>
</prerequisites>
<nextQuests>
<nextQuest name="Prologue%3A_The_One_Called_Strider"/>
</nextQuests>
<rewards>
<money gold="0" silver="1" copper="5"/>
<selectOneOf>
<object name="Smith-leggar" pageURL="/wiki/Armour:Smith-leggar" iconURL="http://content.turbine.com/sites/lorebook.lotro.com/images/icons/item/legs/eq_eredluin_light_legs_04.png" quantity="1"/>
<object name="Threk-mundar" pageURL="/wiki/Armour:Threk-mundar" iconURL="http://content.turbine.com/sites/lorebook.lotro.com/images/icons/item/hands/eq_eredluin_medium_hands_04.png" quantity="1"/>
<object name="Victory at Rath Teraig" pageURL="/wiki/Item:Victory_at_Rath_Teraig" iconURL="http://content.turbine.com/sites/lorebook.lotro.com/images/icons/item/jewelry/eq_eredluin_bracelet_03.png" quantity="1"/>
<object name="Skorgrím's Scourge" pageURL="/wiki/Weapon:Skorgrím's_Scourge" iconURL="http://content.turbine.com/sites/lorebook.lotro.com/images/icons/item/weapon_mace/eq_eredluin_1hclub_03.png" quantity="1"/>
<object name="Bane of the Dourhands" pageURL="/wiki/Weapon:Bane_of_the_Dourhands" iconURL="http://content.turbine.com/sites/lorebook.lotro.com/images/icons/item/weapon_sword/eq_eredluin_2haxe_02.png" quantity="1"/>
</selectOneOf>
</rewards>
</quest>
