<?xml version="1.0" encoding="UTF-8"?>
<quest id="1879048545" key="Prologue:_A_Critical_Strike" title="Prologue: A Critical Strike" category="Epic - Vol. I, Prologue" scope="Epic" questArc="Bree-land Epic Prologue" minimumLevel="7" type="EPIC" size="SOLO" faction="FREE_PEOPLES" repeatable="false" instanced="false" description="Ellie believes that you can score a telling blow against the Blackwolds and their masters in the northern Chetwood. Armed with a poison provided by Leecher Cartwell, she sends you to the Blackwold camp in the Chetwood to deal with their wolf-keeper, Jagger Jack, and the fell offspring of the Warg." bestower="Ellie Cutleaf (NPC)" bestowerText="'If I'm to help ye, then ye've got to trust me. We need to deal with the wolves and their keeper, Jagger Jack. Jack spends his time talking to those strange, dark-skinned Men within the ruins occupied by the Blackwolds.&#13;&#10;&#13;&#10;'Find him and kill him, else he'll keep breeding his wolves with the Warg. While ye search for Jack at the camp, look for corpses o' dead beasts: sheep, cattle, even deer. It's likely the poor creatures are the food for the wolves. Use the poison on the corpses, and we may well kill off a good number of Jack's beasts.&#13;&#10;&#13;&#10;'While you deal with Jack and the wolves, I'll talk to Skunkwood and others about a &quot;new recruit&quot; I've found. I might be able to get you into Skunkwood's hideout." objectives="Objective 1:&#13;&#10;Jagger Jack and the animal corpses will be in the Blackwold ruins in the north Chetwood, north of the guard-house, east of Combe.&#13;&#10;&#13;&#10;Ellie told you to find Jagger Jack and poison the wolves' food source, while she tries to arrange a meeting with Skunkwood, the Blackwolds' leader, for you.&#13;&#10;• Defeat Jagger Jack (Jagger Jack)&#13;&#10;• Use Slaughtered Sheep&#13;&#10;• Turn in Cartwell's Poison&#13;&#10;Objective 2:&#13;&#10;Ellie Cutleaf's house is in the north-west corner of Combe, on the banks of the pond.&#13;&#10;&#13;&#10;You should return to Ellie Cutleaf with word of your victory against Jagger Jack and to learn if she has arranged a meeting with Skunkwood at the Blackwold hideout.&#13;&#10;• Talk to Ellie Cutleaf&#13;&#10;• Turn in Cartwell's Poison">
<prerequisites>
<prerequisite name="Prologue%3A_Greater_Responsibility"/>
</prerequisites>
<nextQuests>
<nextQuest name="Prologue%3A_The_Hideout"/>
</nextQuests>
<rewards>
<money gold="0" silver="1" copper="60"/>
<selectOneOf>
<object name="Cutleaf's Boots" pageURL="/wiki/Armour:Cutleaf's_Boots_(Level_12)" iconURL="http://content.turbine.com/sites/lorebook.lotro.com/images/icons/item/feet/eq_breeland_criticalstrike_feet_02.png" quantity="1"/>
<object name="Cutleaf's Shoes" pageURL="/wiki/Armour:Cutleaf's_Shoes" iconURL="http://content.turbine.com/sites/lorebook.lotro.com/images/icons/item/feet/eq_breeland_criticalstrike_feet_01.png" quantity="1"/>
</selectOneOf>
</rewards>
</quest>
