<?xml version="1.0" encoding="UTF-8"?>
<quest id="1879050073" key="Shadow_of_the_White_Hand" title="Shadow of the White Hand" category="Bree-land" scope="" questArc="The Baying of Wolves" minimumLevel="10" type="STANDARD" size="SOLO" faction="FREE_PEOPLES" repeatable="false" instanced="false" description="Your discovery supports what Grimbriar's spy has been telling him. Grimbriar has arranged an exchange of important papers." bestower="Chief Watcher Grimbriar (NPC)" bestowerText="'I have a spy among the brigands who may be helpful in divining the true nature of this Sharkey. I will send him a message instructing him to come to a certain hill not far from here. Meet him there and ask him about Sharkey and his plans.&#13;&#10;&#13;&#10;'The meeting place is by a grey rock in a small stand of trees directly north of Bree-town.&#13;&#10;&#13;&#10;'If my spy has no news to share, we will need to find another means of learning Sharkey's plans.'" objectives="Objective 1:&#13;&#10;Grimbriar's spy will meet you by a grey rock in a stand of trees, north of Bree-town.&#13;&#10;&#13;&#10;Grimbriar has sent you to meet a spy he insinuated into the ranks of the brigands in hopes that he will reveal information about Sharkey and his plans.&#13;&#10;• Meet Grimbriar's spy&#13;&#10;Objective 2:&#13;&#10;Watcher Grimbriar can be found at the stone house near the crossroads outside of Bree.&#13;&#10;&#13;&#10;The spy's notes further supported the brigand's letter, verifying that Sharkey is no brigand himself, but an influential man of the south. Grimbriar must know.&#13;&#10;• Talk to Chief Watcher Grimbriar&#13;&#10;• Turn in Informer's Notes">
<prerequisites>
<prerequisite name="Sharkey%27s_Men"/>
</prerequisites>
<nextQuests>
<nextQuest name="Rogue%27s_Gallery"/>
</nextQuests>
<rewards>
<money gold="0" silver="1" copper="50"/>
<reputation>
<reputationItem faction="Men of Bree" amount="700"/>
</reputation>
<selectOneOf>
<object name="Saeradan's Bow" pageURL="/wiki/Weapon:Saeradan's_Bow_(Level_14)" iconURL="http://content.turbine.com/sites/lorebook.lotro.com/images/icons/item/weapon_bow/eq_breeland_bow_01.png" quantity="1"/>
<object name="Saeradan's Leggings" pageURL="/wiki/Armour:Saeradan's_Leggings" iconURL="http://content.turbine.com/sites/lorebook.lotro.com/images/icons/item/legs/eq_breeland_light_legs_01.png" quantity="1"/>
<object name="Saeradan's Iron Bracelet" pageURL="/wiki/Item:Saeradan's_Iron_Bracelet" iconURL="http://content.turbine.com/sites/lorebook.lotro.com/images/icons/item/jewelry/eq_breeland_bracelet_02.png" quantity="1"/>
</selectOneOf>
</rewards>
</quest>
