<?xml version="1.0" encoding="UTF-8"?>
<quest id="1879049747" key="Grimbark%27s_Reclamation" title="Grimbark's Reclamation" category="Garth Agarwen" scope="" questArc="" minimumLevel="27" type="STANDARD" size="SMALL_FELLOWSHIP" faction="FREE_PEOPLES" repeatable="false" instanced="false" description="Radagast the Brown told you a little of the land that has become the Red Swamp and of the fall of the Red-maid. He also spoke of Oakenbark, a great tree that once grew there, now called Grimbark." bestower="Radagast the Brown (NPC)" bestowerText="'Good (your race), will you stay and speak with me a moment? I would tell you a sad tale and ask a favour of you before you go.&#13;&#10;&#13;&#10;'Long ago, a kinswoman dwelt by a lake in a land lush and green, where great fields of wildflowers and an ancient forest once grew. The tides of war swept through, and the waters of the lake ran red with blood. The lakelands decayed and became the Red Swamp, and the kinswoman the Red-maid of Agamaur.&#13;&#10;&#13;&#10;'It saddens me, but I do not believe that either the kinswoman or her land may be saved, but at the least, some part of the land may be reclaimed. A great tree once grew there, which was called Oakenbark. It is twisted and corrupted now, but if it still produces acorns, they might be used to bring new life, uncorrupted, to the Old Forest. Go to Garth Agarwen, to the east, and fetch me the seeds of the tree that is now Grimbark.'" objectives="Objective 1:&#13;&#10;Grimbark can be found at Garth Agarwen in the north of Agamaur, in the Lone-lands. Radagast is at Barad Dhorn, in the Eglan-camp.&#13;&#10;&#13;&#10;Radagast has asked you to bring him acorns from Grimbark's branches, so that he may plant them in the Old Forest, reclaiming some small part of the kinswoman's domain.&#13;&#10;• Return to Radagast with Grimbark's Seeds (Radagast the Brown)&#13;&#10;• Turn in Grimbark's Seeds">
<prerequisites>
<prerequisite name="Vol._I%2C_Book_2%2C_Chapter_15%3A_%28Fellowship%29The_Red-pass"/>
<prerequisite name="Vol._I%2C_Book_2%2C_Chapter_15_%28Solo%29%3A_The_Red-pass"/>
</prerequisites>
<rewards>
<money gold="0" silver="37" copper="10"/>
<reputation>
<reputationItem faction="Eglain" amount="1200"/>
</reputation>
<selectOneOf>
<object name="Goldberry's Hope" pageURL="/wiki/Armour:Goldberry's_Hope" iconURL="http://content.turbine.com/sites/lorebook.lotro.com/images/icons/item/back/eq_lonelands_back_03.png" quantity="1"/>
<object name="Oakenbark's Redemption" pageURL="/wiki/Item:Oakenbark's_Redemption" iconURL="http://content.turbine.com/sites/lorebook.lotro.com/images/icons/item/jewelry/eq_lonelands_ring_03.png" quantity="1"/>
<object name="Celegdram" pageURL="/wiki/Weapon:Celegdram" iconURL="http://content.turbine.com/sites/lorebook.lotro.com/images/icons/item/weapon_mace/eq_lonelands_1hmace_05.png" quantity="1"/>
</selectOneOf>
</rewards>
</quest>
