<?xml version="1.0" encoding="UTF-8"?>
<quest id="1879048602" key="Vol._I,_Book_7,_Chapter_1:_Hidden_in_Shadow" title="Vol. I, Book 7, Chapter 1: Hidden in Shadow" category="Epic - Vol. I, Book 7: The Hidden Hope" scope="Epic" questArc="Volume I, Book 7: The Hidden Hope" minimumLevel="41" type="EPIC" size="SOLO" faction="FREE_PEOPLES" repeatable="false" instanced="false" description="After discovering the secret of the watching-stones of Rammas Deluon, Corunir sent you into the eastern reaches of Angmar, seeking the Rangers and Hillmen of Aughaire who had marched forth to throw down the rising power of Angmar. You found the Ranger Braigiar at the dwarf-outpost of Gabilshathûr in Malenhad." bestower="Braigiar (Race of Man)" bestowerText="'It is a pity that Corunir could not steel his heart against the Watchers of Rammas Deluon. The power of the watching-stones is terrible. Many of the Hillmen tried to flee back through Rammas Deluon and perished.&#13;&#10;&#13;&#10;'We marched on, but ere we ever came unto Carn Dûm, we were beset by Orcs and creatures more terrible. Golodir was lost and our numbers were scattered. The scarce remnant that remains has barely managed to avoid the snares of the Enemy for these last few years, but I fear Angmar has grown too strong, and we will not be able to hide forever.&#13;&#10;&#13;&#10;'I have learned that one party of my kindred is encamped at a place called Gath Forthnír, far to the north in the eastern reaches of Himbar. Go to them, if you would, and lend them what aid you may.'" objectives="Objective 1:&#13;&#10;Gath Forthnír lies somewhere far to the north of Gabilshathûr.&#13;&#10;&#13;&#10;Braigiar has sent you to find and lend aid to the survivors of Golodir's company at the encampment of Gath Forthnír.&#13;&#10;• Find the Rangers of Gath Forthnír (Areneth)&#13;&#10;Objective 2:&#13;&#10;Lorniel is inside the building at Gath Forthnír.&#13;&#10;&#13;&#10;Areneth told you to speak with Lorniel, daughter of Golodir.&#13;&#10;• Talk to Lorniel">
<prerequisites>
<prerequisite name="Vol._I%2C_Book_6%2C_Chapter_7%3A_Beyond_Rammas_Deluon"/>
</prerequisites>
<nextQuests>
<nextQuest name="Vol._I%2C_Book_7%2C_Chapter_2%3A_Crossing_the_Shadow"/>
</nextQuests>
<rewards>
<money gold="0" silver="23" copper="45"/>
</rewards>
</quest>
