<?xml version="1.0" encoding="UTF-8"?>
<quest id="1879048629" key="Skinning_the_Beasts" title="Skinning the Beasts" category="Urugarth" scope="" questArc="Skinning Beasts" minimumLevel="44" type="STANDARD" size="FELLOWSHIP" faction="FREE_PEOPLES" repeatable="false" instanced="false" description="You obtained some weapons from the Enemy at Urugarth, which Throst the dwarf plans to re-forge for the Rangers' use." bestower="Odbjórn (NPC)" bestowerText="'Throst told me what you did. An admirable feat! It will be a fine thing when the Enemy realizes we are cutting them down with their own iron and steel.&#13;&#10;&#13;&#10;'If we are to go to battle, we will need more than sharp blades. You must return to Urugarth and hunt the Wargs there for their hides. We can tan their thick hides and fashion them into good quality armour.&#13;&#10;&#13;&#10;'Skin the pelts from the largest Wargs you can find. Their leader will have the toughest hide of them all so be sure to track him down as well.'" objectives="Objective 1:&#13;&#10;Wargs can be found at Urugarth, west of Tármunn Súrsa. Odbjorn is at Tármunn Súrsa.&#13;&#10;&#13;&#10;Odbjórn requires Warg hides to craft new armour for the resistance. You should take several hides, as well as the hide of the Warg-leader, and return them to Odbjórn.&#13;&#10;• Bring the Warg-hides to Odbjórn (Odbjórn)&#13;&#10;• Turn in White Warg-hide&#13;&#10;• Turn in Rugged Warg-hide">
<prerequisites>
<prerequisite name="The_Enemy%27s_Arms"/>
</prerequisites>
<rewards>
<money gold="0" silver="49" copper="0"/>
<reputation>
<reputationItem faction="Council of the North" amount="900"/>
</reputation>
<selectOneOf>
<object name="Lâmkarn's Hide" pageURL="/wiki/Armour:Lâmkarn's_Hide" iconURL="http://content.turbine.com/sites/lorebook.lotro.com/images/icons/item/chest/eq_angmar_medium_chest_04.png" quantity="1"/>
<object name="Lainthol" pageURL="/wiki/Armour:Lainthol" iconURL="http://content.turbine.com/sites/lorebook.lotro.com/images/icons/item/head/eq_angmar_heavy_head_04.png" quantity="1"/>
<object name="Ancient Arrowhead" pageURL="/wiki/Item:Ancient_Arrowhead" iconURL="http://content.turbine.com/sites/lorebook.lotro.com/images/icons/item/jewelry/eq_angmar_pocketitem_08.png" quantity="1"/>
</selectOneOf>
</rewards>
</quest>
