<?xml version="1.0" encoding="UTF-8"?>
<quest id="1879048563" key="Prologue:_To_a_Ranger%27s_Aid" title="Prologue: To a Ranger's Aid" category="Epic - Vol. I, Prologue" scope="Epic" questArc="Bree-land Epic Prologue" minimumLevel="10" type="EPIC" size="SOLO" faction="FREE_PEOPLES" repeatable="false" instanced="false" description="When you entered the Mustering Cave, you found you were too late to help Mundol. Amdir had already come and mortally wounded him." bestower="Mundol (NPC)" bestowerText="'Please...there is but one last of my kin in the Midgewater Marshes. Reniolind is his name. A young scholar of my kind. He was not here when Amdir came and may yet be alive.&#13;&#10;&#13;&#10;'Go to him quickly. He had gone to study the ruins of the old Marshwater Fort at the centre of the Marshes. You must tell him...warn him...to beware Amdir's scream!'" objectives="Objective 1:&#13;&#10;Reniolind can be found in the old Marshwater Fort, which lies at the centre of the Midgewater Marshes, west of the Mustering Cave.&#13;&#10;&#13;&#10;Mundol asked that you warn the last of the Rangers in the Midgewater Marshes, Reniolind, a young scholar, of Amdir's betrayal.&#13;&#10;• Enter the ruins of the old Marshwater Fort&#13;&#10;Objective 2:&#13;&#10;Barliman Butterbur can be found in the common room of The Prancing Pony Inn in Bree-town.&#13;&#10;&#13;&#10;With Reniolind's dying breaths, he asked you to find his chieftain, Strider. He instructed you to speak with Barliman Butterbur, the proprietor of The Prancing Pony Inn in Bree, to learn where Strider may be found.&#13;&#10;• Talk to Barliman Butterbur">
<prerequisites>
<prerequisite name="Prologue%3A_Chasing_Amdir"/>
</prerequisites>
<nextQuests>
<nextQuest name="Vol._I%2C_Book_1%2C_Foreword%3A_An_Unwanted_Guest"/>
</nextQuests>
<rewards>
<money gold="0" silver="1" copper="50"/>
<object name="Celegryn" pageURL="/wiki/Item:Celegryn" iconURL="http://content.turbine.com/sites/lorebook.lotro.com/images/icons/item/jewelry/eq_breeland_bracelet_035.png" quantity="1"/>
<selectOneOf>
<object name="Butterbur's Longsword" pageURL="/wiki/Weapon:Butterbur's_Longsword" iconURL="http://content.turbine.com/sites/lorebook.lotro.com/images/icons/item/weapon_sword/eq_breeland_1hsword_019.png" quantity="1"/>
<object name="Manadranc" pageURL="/wiki/Armour:Manadranc" iconURL="http://content.turbine.com/sites/lorebook.lotro.com/images/icons/item/shoulders/eq_breeland_light_shoulder_025.png" quantity="1"/>
</selectOneOf>
</rewards>
</quest>
