<?xml version="1.0" encoding="UTF-8"?>
<quest id="1879051325" key="Pursued_by_the_Past" title="Pursued by the Past" category="Lone-lands" scope="" questArc="Gentle Giants" minimumLevel="24" type="STANDARD" size="SOLO" faction="FREE_PEOPLES" repeatable="false" instanced="false" description="With the migration of Orcs and goblins to the western Lone-lands, the Eglain attempted to rekindle old trade relations with an Elf from Rivendell to the east. However, they encountered great, lumbering beasts upon the Road and dared not continue forwards." bestower="Kekkonen (NPC)" bestowerText="'We are pursued by our past from our home in the north and east. We fled as the darkness rose around us and came here to find peace. But peace will not come to us, not while the enemy follows us south. We stay here now, away from the forest and bog, ever in the sun to shield ourselves from darkness. At night, the trolls will roam free.&#13;&#10;&#13;&#10;'If we could confront the darkness and defeat it, we could, perhaps, make friends of others who wish not to succumb to the shadow of evil. You have helped the tribe who wishes our friendship...perhaps you would help the Jorthkyn, too?&#13;&#10;&#13;&#10;'Would you fight the trolls for us, make them go away? They hide in the bog, far to the south and east of here, at a place that Elf-folk call Harloeg. You are very tiny...but you should be fine on your own.'" objectives="Objective 1:&#13;&#10;The trolls dwell in a place called Harloeg, far to the south-east of the Tornstones.&#13;&#10;&#13;&#10;Trolls pursued the Earth-kin from the Ettenmoors far to the north-east and have taken residence in the far south-east corner of the Grimfens in the southern Lone-lands. Kekkonen, the Earth-kin chieftain, asked you to assist his people by destroying the trolls which pursued the fragile remnants of his people into the Lone-lands.&#13;&#10;• Defeat trolls in Harloeg (16)&#13;&#10;Objective 2:&#13;&#10;The Earth-kin encampment is near the Tornstones, far to the north-west of Harloeg, south of the Great East Road.&#13;&#10;&#13;&#10;Return to the Earth-kin camp near the Tornstones and speak with Kekkonen. He waits to hear how you fared against the Trolls in the Grimfens.&#13;&#10;• Talk to Kekkonen">
<prerequisites>
<prerequisite name="An_Offering_of_Peace%2C_Part_II"/>
</prerequisites>
<nextQuests>
<nextQuest name="A_Brokered_Peace"/>
</nextQuests>
<rewards>
<money gold="0" silver="28" copper="0"/>
<reputation>
<reputationItem faction="Eglain" amount="900"/>
</reputation>
<selectOneOf>
<object name="Leggings of the Earth-kin" pageURL="/wiki/Armour:Leggings_of_the_Earth-kin" iconURL="http://content.turbine.com/sites/lorebook.lotro.com/images/icons/item/legs/eq_lonelands_heavy_legs_03.png" quantity="1"/>
<object name="Kekkonen's Bow" pageURL="/wiki/Weapon:Kekkonen's_Bow" iconURL="http://content.turbine.com/sites/lorebook.lotro.com/images/icons/item/weapon_bow/eq_lonelands_bow_03.png" quantity="1"/>
<object name="Earth-kin Earring" pageURL="/wiki/Item:Earth-kin_Earring" iconURL="http://content.turbine.com/sites/lorebook.lotro.com/images/icons/item/jewelry/eq_lonelands_earring_05.png" quantity="1"/>
<object name="Kekkonen's Hammer" pageURL="/wiki/Weapon:Kekkonen's_Hammer" iconURL="http://content.turbine.com/sites/lorebook.lotro.com/images/icons/item/weapon_mace/eq_lonelands_1hhammer_02.png" quantity="1"/>
</selectOneOf>
</rewards>
</quest>
