<?xml version="1.0" encoding="UTF-8"?>
<quest id="1879048272" key="A_Fitting_Meal" title="A Fitting Meal" category="Lone-lands" scope="" questArc="Wolves of the Scrub" minimumLevel="20" type="STANDARD" size="SOLO" faction="FREE_PEOPLES" repeatable="false" instanced="false" description="Passage through the Lone-lands has become difficult with the arrival of goblins. Worse still are their pets, the fearsome Wargs who roam the plains and attack unwary travellers." bestower="Old Mugwort (NPC)" bestowerText="'The folk at The Forsaken Inn are not the wealthiest sort here, friend. We barely make our lives comfortable, and the goblins overrunning the eastward stretch of road have turned the inn into a lonelier place than ever. If you've time to offer, there's work to be done!&#13;&#10;&#13;&#10;'Our fortune is about to change, though -- I've devised a way to make the road safe! Kill the creature at the top, and the rest will turn aside!&#13;&#10;&#13;&#10;'I need some help making this work. If you're willing, head north or north-east into the brush and get me some lynx-meat. Everyone knows that dog-like things eat cat-like things. Get just enough meat to make a meal for a Warg or two! What's wrong? Lynx are deadly creatures when angry, and their meat will serve my purposes nicely. Don't you want to end the threat of goblins and Wargs? Then get out there and hunt some lynx! No excuses! We'll be killing two lynx or Wargs with one stone! Ha ha ha!'" objectives="Objective 1:&#13;&#10;Lynx can be found throughout Nain Enidh -- the central Lone-lands -- north and north-east of the encampment at the east edge of Minas Eriol.&#13;&#10;&#13;&#10;Old Mugwort believes he has come up with a way to drive goblins and Wargs from the Lone-lands, but he needs you to collect lynx-meat first.&#13;&#10;• Bring lynx-meat to Old Mugwort (Old Mugwort)&#13;&#10;• Turn in Lynx-meat">
<nextQuests>
<nextQuest name="Raising_the_Wargs%27_Ire"/>
</nextQuests>
<rewards>
<money gold="0" silver="11" copper="50"/>
<selectOneOf>
<object name="Mugwort's Chain" pageURL="/wiki/Item:Mugwort's_Chain" iconURL="http://content.turbine.com/sites/lorebook.lotro.com/images/icons/item/jewelry/eq_lonelands_necklace_09.png" quantity="1"/>
<object name="Mugwort's Dulled Earring" pageURL="/wiki/Item:Mugwort's_Dulled_Earring" iconURL="http://content.turbine.com/sites/lorebook.lotro.com/images/icons/item/jewelry/eq_lonelands_earring_08.png" quantity="1"/>
</selectOneOf>
</rewards>
</quest>
