<?xml version="1.0" encoding="UTF-8"?>
<quest id="1879048279" key="Falster%27s_Request" title="Falster's Request" category="Lone-lands" scope="" questArc="Traders from Bree" minimumLevel="18" type="STANDARD" size="SOLO" faction="FREE_PEOPLES" repeatable="false" instanced="false" description="Falster the Fox, a denizen of The Forsaken Inn, needs assistance acquiring certain curiosities for Ollie Redbrush of Bree." bestower="Falster the Fox (NPC)" bestowerText="'I make my living trading with the patrons of The Forsaken Inn...or rather, I used to, until the goblins arrived! Their presence strikes fear into my suppliers and has made trade impossible. Sadly, that doesn't remove my obligation to Ollie Redbrush, my employer in Bree-town!&#13;&#10;&#13;&#10;'A vale beneath the ruins of Minas Eriol, south-east of The Forsaken Inn, contains the coins and heirlooms I need, and more! Wolves inhabit the valley, and Ollie may forgive me the delay if I include some pristine wolf-teeth with the shipment.&#13;&#10;&#13;&#10;'If you assist me in collecting these curiosities, I will ensure that you are paid for the favour! Make your way to the valley beneath Minas Eriol and obtain coins, heirlooms, and wolf-teeth for me.'" objectives="Objective 1:&#13;&#10;Coins and heirlooms can be found in the Arnorian rubble located in the valley beneath Minas Eriol, south-east of The Forsaken Inn. Wolves also stalk the valley.&#13;&#10;&#13;&#10;Falster the Fox, a trader working for a man named Ollie Redbrush, has asked you to collect some old coins and heirlooms for him. Falster wants you to hunt the wolves there for teeth that may help to make up for the delay of his delivery to Ollie Redbrush.&#13;&#10;• Bring curiosities to Falster the Fox (Falster the Fox)&#13;&#10;• Turn in Arnorian Heirloom&#13;&#10;• Turn in Arnorian Coin&#13;&#10;• Turn in Wolf-tooth">
<nextQuests>
<nextQuest name="Thistlewool%27s_Sullied_Name"/>
</nextQuests>
<rewards>
<money gold="0" silver="8" copper="50"/>
<selectOneOf>
<object name="The Fox's Trousers" pageURL="/wiki/Armour:The_Fox's_Trousers" iconURL="http://content.turbine.com/sites/lorebook.lotro.com/images/icons/item/legs/eq_lonelands_light_legs_04.png" quantity="1"/>
<object name="Falster's Helmet" pageURL="/wiki/Armour:Falster's_Helmet" iconURL="http://content.turbine.com/sites/lorebook.lotro.com/images/icons/item/head/eq_lonelands_heavy_head_04.png" quantity="1"/>
<object name="Falster's Tunic" pageURL="/wiki/Armour:Falster's_Tunic" iconURL="http://content.turbine.com/sites/lorebook.lotro.com/images/icons/item/chest/eq_lonelands_medium_chest_04.png" quantity="1"/>
</selectOneOf>
</rewards>
</quest>
