<?xml version="1.0" encoding="UTF-8"?>
<quest id="1879048674" key="Vol._I,_Book_4,_Chapter_7:_The_Aid_of_Mirkwood" title="Vol. I, Book 4, Chapter 7: The Aid of Mirkwood" category="Epic - Vol. I, Book 4: Chasing Shadows" scope="Epic" questArc="Volume I, Book 5: Chasing Shadows" minimumLevel="35" type="EPIC" size="SOLO" faction="FREE_PEOPLES" repeatable="false" instanced="false" description="Elladan is greatly concerned about the evil that seems to grow from deep within the Trollshaws and knows that you cannot face it alone." bestower="Elladan (NPC)" bestowerText="'You are fortunate. The creature which you faced could not have been a true Onod. You could not possibly have faced the might of one of the Old Ones.&#13;&#10;&#13;&#10;'Nor would you have to, for the Onodrim are friendly to the Free Peoples on the rare occasion their paths meet. The great forests are less-travelled now than they were in days past, and few now ever see one of the great tree-herds.&#13;&#10;&#13;&#10;'A small company of Elves from Mirkwood came to Imladris to consult with my father. Perhaps one of them will know what manner of creature you faced. Speak with my father to arrange an audience.'" objectives="Objective 1:&#13;&#10;Master Elrond is at Imladris, far east of Elladan's camp of Thorenhad and above the Bruinen.&#13;&#10;&#13;&#10;Elladan has asked that you speak with his father about arranging an audience with the visiting Elves from Mirkwood, who might have some experience with creatures of the manner which you encountered.&#13;&#10;• Talk to Elrond&#13;&#10;Objective 2:&#13;&#10;Legolas is in one of the guest rooms along the road that winds up the southern slope of the Vale of Imladris.&#13;&#10;&#13;&#10;Master Elrond has told you of an Elf-prince named Legolas, currently staying in Imladris for a time. He hails from Mirkwood and may have some knowledge of the creature you faced in the Trollshaws.&#13;&#10;• Talk to Legolas in Rivendell (Legolas)">
<prerequisites>
<prerequisite name="Vol._I%2C_Book_4%2C_Chapter_6%3A_The_Knowledge_of_the_Onodrim"/>
</prerequisites>
<nextQuests>
<nextQuest name="Vol._I%2C_Book_4%2C_Chapter_8%3A_The_Unmarked_Trail"/>
</nextQuests>
<rewards>
<reputation>
<reputationItem faction="Elves of Rivendell" amount="500"/>
</reputation>
</rewards>
</quest>
