<?xml version="1.0" encoding="UTF-8"?>
<quest id="1879048572" key="Vol._I,_Book_1,_Chapter_5:_The_Other_Riders" title="Vol. I, Book 1, Chapter 5: The Other Riders" category="Epic - Vol. I, Book 1: Stirrings in the Darkness" scope="Epic" questArc="Volume I, Book 1: Stirrings in the Darkness" minimumLevel="11" type="EPIC" size="SOLO" faction="FREE_PEOPLES" repeatable="false" instanced="false" description="While you were away investigating the Blackwold brigands, five Nazgûl attacked The Prancing Pony in search of four travellers from the Shire, which Strider had under his protection. Strider has told you that there are a total of nine Riders, and that he must know the location of the other four." bestower="Strider (NPC)" bestowerText="'While both you and I have seen five Nazgûl, their true number is nine. Before I can take my charges beyond Bree, I must know where the other four are hiding.&#13;&#10;&#13;&#10;'Would you travel to the west and speak to Lenglinn? I sent him to Buckland to watch over a particular hobbit, but it seems that Mr. -- Underhill and his friends decided to take a different path and are now here under my protection. Still, Lenglinn may know the whereabouts of the remaining Nazgûl.&#13;&#10;&#13;&#10;'He camps on a rise just north of the Buckland Gate and may have seen something that will aid me. You must hurry. I cannot afford to delay here overly long.'" objectives="Objective 1:&#13;&#10;Lenglinn's camp sits on a rise north of the Buckland Gate, along the Great East Road, west of Bree.&#13;&#10;&#13;&#10;Strider has asked that you speak with Lenglinn, another Ranger, and learn if he has seen any other Nazgûl passing out of the Shire.&#13;&#10;• Talk to Lenglinn">
<prerequisites>
<prerequisite name="Vol._I%2C_Book_1%2C_Chapter_4%3A_Dark_Designs"/>
</prerequisites>
<nextQuests>
<nextQuest name="Vol._I%2C_Book_1%2C_Chapter_6%3A_In_the_Black_Riders%27_Wake"/>
</nextQuests>
<rewards>
<reputation>
<reputationItem faction="Men of Bree" amount="500"/>
</reputation>
</rewards>
</quest>
