<?xml version="1.0" encoding="UTF-8"?>
<quest id="1879051595" key="Prologue:_The_Quarry_In_Scary" title="Prologue: The Quarry In Scary" category="Epic - Vol. I, Prologue" scope="Epic" questArc="Shire Epic Prologue" minimumLevel="8" type="EPIC" size="FELLOWSHIP" faction="FREE_PEOPLES" repeatable="false" instanced="false" description="As if the presence of goblins north of Brockenborings is not enough, workers at the quarry in Scary, including the once doubtful Wilcome Tunnelly, believe they have unearthed Golfimbul's head in the cave there." bestower="Wilcome Tunnelly (NPC)" bestowerText="'It looks like my sister Pansy wasn't too far wrong, after all! We've got Golfimbul's head in that cave.&#13;&#10;&#13;&#10;'You've got to go into the cave down at the bottom of the quarry and recover that skull. My lads mentioned that a strange mist covered the floor of the room where they found the skull. I won't blame you if you bring friends with you! In fact, I encourage you to do so! The spiders have really made themselves at home in the quarry, and who knows what other evils Golfimbul's head might stir up down there?&#13;&#10;&#13;&#10;'Bring it up here so we can have a look at it, and maybe we can figure out what's going on.'" objectives="Objective 1:&#13;&#10;The skull is in a cave at the bottom of the quarry.&#13;&#10;&#13;&#10;Workers in the quarry at Scary uncovered a skull in the cave there, and many believe it could be the reason that spiders have overrun the quarry. Wilcome Tunnelly has asked you to bring the skull up to the surface so he can have a look at it.&#13;&#10;• Acquire the skull&#13;&#10;Objective 2:&#13;&#10;Wilcome Tunnelly is in Scary, at the edge of the quarry.&#13;&#10;&#13;&#10;Wilcome Tunnelly is waiting for you to return with the skull his workers uncovered in the quarry at Scary.&#13;&#10;• Bring the skull to Wilcome Tunnelly (Wilcome Tunnelly)&#13;&#10;Objective 3:&#13;&#10;Brombard Foxtail is the keeper of the Mathom-house at Michel Delving, far to the south-west of Scary.&#13;&#10;&#13;&#10;You recovered the skull from the quarry cave, but Wilcome Tunnelly thinks it will be safest for all if it is kept in the same place as the famed club of Bandobras 'Bullroarer' Took. Wilcome has asked you to take the skull to Brombard Foxtail.&#13;&#10;• Talk to Keeper Brombard Foxtail&#13;&#10;• Turn in Chipped Skull">
<prerequisites>
<prerequisite name="Prologue%3A_Troubles_To_Come"/>
</prerequisites>
<nextQuests>
<nextQuest name="Prologue%3A_Bullroarer%27s_Club"/>
</nextQuests>
<rewards>
<money gold="0" silver="1" copper="5"/>
<object name="Lesser Celebrant Salve" pageURL="/wiki/Item:Lesser_Celebrant_Salve" iconURL="http://content.turbine.com/sites/lorebook.lotro.com/images/icons/item/potion/it_potion_power_instant_tier1.png" quantity="3"/>
<object name="Gift Mathom" pageURL="/wiki/Item:Gift_Mathom" iconURL="http://content.turbine.com/sites/lorebook.lotro.com/images/icons/item/reputation/it_reputation_shire_mathoms_gift.png" quantity="1"/>
<selectOneOf>
<object name="Foxtail Gloves" pageURL="/wiki/Armour:Foxtail_Gloves" iconURL="http://content.turbine.com/sites/lorebook.lotro.com/images/icons/item/hands/eq_shire_medium_hands_03.png" quantity="1"/>
<object name="Foxtail Shoulder Guards" pageURL="/wiki/Armour:Foxtail_Shoulder_Guards" iconURL="http://content.turbine.com/sites/lorebook.lotro.com/images/icons/item/shoulders/eq_shire_light_shoulder_03.png" quantity="1"/>
</selectOneOf>
</rewards>
</quest>
