<?xml version="1.0" encoding="UTF-8"?>
<quest id="1879054253" key="Spying_on_the_Goblins" title="Spying on the Goblins" category="North Downs" scope="" questArc="Protecting the Refugees" minimumLevel="16" type="STANDARD" size="SOLO" faction="FREE_PEOPLES" repeatable="false" instanced="false" description="Amarion is worried about the goblin presence in southern Annúndir and fears what will happen if the creatures learn of the refugees at Amon Raith." bestower="Amarion (NPC)" bestowerText="'We have enough food now to last a good while, but the people under my care will not be satisfied until they have reclaimed their lands from the Wargs and goblins that have invaded Annúndir.&#13;&#10;&#13;&#10;'We must be cautious. There is a camp of goblins on the slopes of the southern hills. Returning the refugees to their homes must start with the destruction of those goblins, but first I need to know their numbers.&#13;&#10;&#13;&#10;'Travel east into Annúndir and get as close to the goblin camp as you can without being seen. I do not want the goblins following you back to Amon Raith, so use stealth.'" objectives="Objective 1:&#13;&#10;The goblins have established a camp on the southern hills of Annúndir, east of Amon Raith.&#13;&#10;&#13;&#10;Amarion has asked you to scout the goblin camp and assess the threat it poses to those under his care. He has warned you to take care. If a goblin sees you, it might track you back to Amon Raith.&#13;&#10;• Scout goblin camp&#13;&#10;Objective 2:&#13;&#10;The Ranger Amarion is at Amon Raith, west of Annúndir.&#13;&#10;&#13;&#10;Amarion is waiting for your assessment of the camp the goblins have made on the southern hills of Annúndir.&#13;&#10;• Talk to Amarion">
<prerequisites>
<prerequisite name="Low_Food_Stores"/>
</prerequisites>
<nextQuests>
<nextQuest name="The_Scout_Becomes_the_Hunter"/>
</nextQuests>
<rewards>
<money gold="0" silver="5" copper="50"/>
</rewards>
</quest>
