<?xml version="1.0" encoding="UTF-8"?>
<quest id="1879048607" key="Vol._I,_Book_8,_Chapter_6:_A_Watchful_Eye" title="Vol. I, Book 8, Chapter 6: A Watchful Eye" category="Epic - Vol. I, Book 8: The Scourge of the North" scope="Epic" questArc="Volume I, Book 8: The Scourge of the North" minimumLevel="45" type="EPIC" size="SOLO" faction="FREE_PEOPLES" repeatable="false" instanced="false" description="With Golodir's aid, you have greatly weakened Mordirith, the Steward of Angmar, and avenged the death of Lorniel." bestower="Golodir (NPC)" bestowerText="'This victory is an important one, though not as complete as I had at first hoped. However, even this victory will give us a brief reprieve from the onslaught of the Enemy. I would ask that news of our success be brought to my chieftain, Aragorn, son of Arathorn.&#13;&#10;&#13;&#10;'You have met him then? He is at Rivendell? Go, then, to speak with my Lord Aragorn in one of the guest rooms along the road that winds up the southern slope of the Vale of Imladris, and tell him of our deeds here.'" objectives="Objective 1:&#13;&#10;Aragorn is at Rivendell in the Trollshaws, in one of the guest rooms along the road that winds up the southern slope of the Vale of Imladris.&#13;&#10;&#13;&#10;Golodir instructed you to take word of Mordirith's fall to his chieftain, Aragorn.&#13;&#10;• Talk to Aragorn in Rivendell (Aragorn)">
<prerequisites>
<prerequisite name="Vol._I%2C_Book_8%2C_Chapter_5%3A_Mordirith%27s_Fall"/>
</prerequisites>
<nextQuests>
<nextQuest name="Vol._I%2C_Book_9%2C_Foreword%3A_News_of_the_Palant%C3%ADr"/>
<nextQuest name="Vol._I%2C_Book_9%2C_Chapter_1%3A_Oakheart_Unhidden"/>
</nextQuests>
<rewards>
<money gold="0" silver="24" copper="85"/>
<selectOneOf>
<object name="Idhrinn" pageURL="/wiki/Item:Idhrinn" iconURL="http://content.turbine.com/sites/lorebook.lotro.com/images/icons/item/jewelry/eq_angmar_ring_05.png" quantity="1"/>
<object name="Anghigil" pageURL="/wiki/Weapon:Anghigil" iconURL="http://content.turbine.com/sites/lorebook.lotro.com/images/icons/item/weapon_dagger/eq_angmar_dagger_07.png" quantity="1"/>
<object name="Thaliongron" pageURL="/wiki/Weapon:Thaliongron" iconURL="http://content.turbine.com/sites/lorebook.lotro.com/images/icons/item/weapon_mace/eq_angmar_1hclub_05.png" quantity="1"/>
</selectOneOf>
</rewards>
</quest>
