<?xml version="1.0" encoding="UTF-8"?>
<quest id="1879052748" key="Onward_to_Gath_Forthn%C3%ADr" title="Onward to Gath Forthnír" category="Angmar" scope="" questArc="" minimumLevel="44" type="STANDARD" size="SOLO" faction="FREE_PEOPLES" repeatable="false" instanced="false" description="Commander Gisur is impressed with your performance and believes he knows of someone who can use your aid." bestower="Guard-captain Gisur (Dwarf)" bestowerText="'You have been a help to we who keep Gabilshathûr safe, (your name), and I am sure you can do the same for others. Some time ago, a company of Rangers and Hillmen led by a man named Golodir crossed Rammas Deluon. Many could not overcome the power of the watching-stones, but some few escaped the dreadful statues.&#13;&#10;&#13;&#10;'The survivors established a camp, Gath Forthnír, far to the north, in Himbar. Go to them and give them the assistance you have provided us!&#13;&#10;&#13;&#10;'You are strong and brave, (your name), (your class) of much skill. You will bring hope to those who stand watch against the evils of Carn Dûm.'" objectives="Objective 1:&#13;&#10;Gath Forthnír is far to the north of Gabilshathûr.&#13;&#10;&#13;&#10;Commander Gisur told you that Golodir's army was not completely destroyed, and the Ranger has established a camp in the north, Gath Forthnír.&#13;&#10;• Talk to the gate-keeper of Gath Forthnír (Areneth)">
<prerequisites>
<prerequisite name="A_Dire_Need"/>
<prerequisite name="Weapons_of_the_Orcs"/>
<prerequisite name="The_Orc-raid"/>
<prerequisite name="Master_of_Maethad"/>
<prerequisite name="The_Scent_of_Mithril"/>
</prerequisites>
<rewards>
<money gold="0" silver="24" copper="50"/>
<selectOneOf>
<object name="Thol-klath" pageURL="/wiki/Armour:Thol-klath" iconURL="http://content.turbine.com/sites/lorebook.lotro.com/images/icons/item/chest/eq_angmar_heavy_chest_01.png" quantity="1"/>
<object name="Areneth's Necklace" pageURL="/wiki/Item:Areneth's_Necklace" iconURL="http://content.turbine.com/sites/lorebook.lotro.com/images/icons/item/jewelry/eq_new_angmar_necklace_01.png" quantity="1"/>
</selectOneOf>
</rewards>
</quest>
