<?xml version="1.0" encoding="UTF-8"?>
<quest id="1879054358" key="Pulling_Beards" title="Pulling Beards" category="North Downs" scope="" questArc="Pulling Beards" minimumLevel="25" type="STANDARD" size="FELLOWSHIP" faction="FREE_PEOPLES" repeatable="false" instanced="false" description="The plans you recovered from the Dourhands revealed the time of their attack and the strength of their numbers. It appears they are a greater threat than Hannar first believed." bestower="Hannar (NPC)" bestowerText="'For all the ill nature and general villainy of the Dourhands, we never really thought they would declare open war on us. They are still dwarves, after all! Yet these plans you recovered indicate that they intended just that. They reveal the very time they planned their attack and the strength of their numbers, and it is dire for us.&#13;&#10;&#13;&#10;'I must ask you to aid us again. We do not have the time to assemble our own people to deal with this threat. Gather your own allies and attack the camp of Torfi Hammerhorn, leader of the Dourhands in this area! It is just north of Othrikar.&#13;&#10;&#13;&#10;'Those Dourhands have pulled our beards too many times. It is time to return the favour....'" objectives="Objective 1:&#13;&#10;Torfi Hammerhorn's camp is north of Othrikar.&#13;&#10;&#13;&#10;The Longbeards of Othrikar do not have the time to gather their strength to counter the Dourhands' attack. Hannar has asked you to gather your own allies and launch an attack against Torfi Hammerhorn and his Dourhands before they have mustered their full strength.&#13;&#10;• Kill 1 Torfi Hammerhorn&#13;&#10;Objective 2:&#13;&#10;Hannar is at Othrikar.&#13;&#10;&#13;&#10;Torfi Hammerhorn perished during the battle at his camp, routing his forces. You should return to Hannar with news of your victory.&#13;&#10;• Talk to Hannar">
<prerequisites>
<prerequisite name="Dourhand_Plans"/>
</prerequisites>
<rewards>
<money gold="0" silver="28" copper="56"/>
<reputation>
<reputationItem faction="Thorin's Hall" amount="900"/>
</reputation>
<selectOneOf>
<object name="Black Biter" pageURL="/wiki/Weapon:Black_Biter" iconURL="http://content.turbine.com/sites/lorebook.lotro.com/images/icons/item/weapon_sword/eq_northdowns_2haxe_03.png" quantity="1"/>
<object name="Hammerhorn's Demise" pageURL="/wiki/Item:Hammerhorn's_Demise" iconURL="http://content.turbine.com/sites/lorebook.lotro.com/images/icons/item/jewelry/eq_northdowns_bracelet_03.png" quantity="1"/>
<object name="Dourhand's Foe" pageURL="/wiki/Weapon:Dourhand's_Foe" iconURL="http://content.turbine.com/sites/lorebook.lotro.com/images/icons/item/weapon_staff/eq_northdowns_staff_03.png" quantity="1"/>
<object name="Ithilin" pageURL="/wiki/Item:Ithilin" iconURL="http://content.turbine.com/sites/lorebook.lotro.com/images/icons/item/jewelry/eq_northdowns_necklace_02.png" quantity="1"/>
</selectOneOf>
</rewards>
</quest>
