<?xml version="1.0" encoding="UTF-8"?>
<quest id="1879049987" key="Vol._I,_Book_2,_Chapter_5_(Fellowship):_Retake_Weathertop" title="Vol. I, Book 2, Chapter 5 (Fellowship): Retake Weathertop" category="Epic - Vol. I, Book 2: The Red Maid" scope="Epic" questArc="Volume I, Book 2: The Red Maid" minimumLevel="18" type="EPIC" size="FELLOWSHIP" faction="FREE_PEOPLES" repeatable="false" instanced="false" description="While you climbed to the peak of Weathertop, Candaith busily worked to translate the letter you recovered from Bleakrift. His translation is complete and the news he uncovered is grave." bestower="Candaith (NPC)" bestowerText="'(your name), I have news of Radagast, but I must ask you once again for assistance here. The letter you recovered from Bleakrift speaks of the Orcs' true goals: taking control of Amon Sûl! Orc-forces are to move towards the crest of Amon Sûl under cover of night and will move in a large group, establishing small units along the paths from that larger force.&#13;&#10;&#13;&#10;'We cannot stand against the force when they are assembled, but we can once they are splintered. They wish to establish an encampment that will allow them a vantage over the entirety of the Lone-lands. We must foil their plans, (your name)!&#13;&#10;&#13;&#10;'Gather allies and return to me when you are ready. Together we shall scale Amon Sûl and defeat Rigûl, their leader, before he can carry out his master's will!'" objectives="Objective 1:&#13;&#10;Candaith is at his camp at the foot of Weathertop.&#13;&#10;&#13;&#10;The Ranger Candaith asked you to assist him in driving a company of Orcs from Weathertop. He told you to gather allies and return to him when you are prepared.&#13;&#10;• Talk to Candaith and retake Weathertop with a fellowship&#13;&#10;Objective 2:&#13;&#10;Candaith is at his camp at the foot of Weathertop.&#13;&#10;&#13;&#10;Candaith is waiting to discuss with you the strange events that occurred atop Amon Sûl.&#13;&#10;• Talk to Candaith (Candaith)">
<prerequisites>
<prerequisite name="Vol._I%2C_Book_2%2C_Chapter_4%3A_Light_in_the_Darkness"/>
</prerequisites>
<nextQuests>
<nextQuest name="Retake_Weathertop_--_Redux"/>
<nextQuest name="Vol._I%2C_Book_2%2C_Chapter_6%3A_Protected_by_the_Eglain"/>
</nextQuests>
<rewards>
<money gold="0" silver="13" copper="60"/>
<object name="Collúr" pageURL="/wiki/Item:Collúr" iconURL="http://content.turbine.com/sites/lorebook.lotro.com/images/icons/item/jewelry/eq_lonelands_necklace_02.png" quantity="1"/>
<selectOneOf>
<object name="Candaith's Leather Leggings" pageURL="/wiki/Armour:Candaith's_Leather_Leggings" iconURL="http://content.turbine.com/sites/lorebook.lotro.com/images/icons/item/legs/eq_lonelands_medium_legs_01.png" quantity="1"/>
<object name="Candaith's Scale Leggings" pageURL="/wiki/Armour:Candaith's_Scale_Leggings" iconURL="http://content.turbine.com/sites/lorebook.lotro.com/images/icons/item/legs/eq_lonelands_heavy_legs_01.png" quantity="1"/>
<object name="Rigul's Bane" pageURL="/wiki/Weapon:Rigul's_Bane" iconURL="http://content.turbine.com/sites/lorebook.lotro.com/images/icons/item/weapon_mace/eq_lonelands_1hmace_01.png" quantity="1"/>
<object name="Baingarab" pageURL="/wiki/Armour:Baingarab" iconURL="http://content.turbine.com/sites/lorebook.lotro.com/images/icons/item/head/eq_lonelands_light_head_03.png" quantity="1"/>
</selectOneOf>
</rewards>
</quest>
