<?xml version="1.0" encoding="UTF-8"?>
<quest id="1879049858" key="Vol._I,_Book_2,_Chapter_7:_Radagast_the_Brown" title="Vol. I, Book 2, Chapter 7: Radagast the Brown" category="Epic - Vol. I, Book 2: The Red Maid" scope="Epic" questArc="Volume I, Book 2: The Red Maid" minimumLevel="22" type="EPIC" size="SOLO" faction="FREE_PEOPLES" repeatable="false" instanced="false" description="After earning the trust of the Eglain, they confessed that Radagast the Brown, another of Gandalf's order, currently resides in a tower within their homestead of Ost Guruth." bestower="Hunulf Munce (NPC)" bestowerText="'(your name), you have proven over and again the sincerity of your claims. It is only fair then that we honour your request and provide you the information that you require.&#13;&#10;&#13;&#10;'Radagast is ever a friend to our people. He comes to us now as a favour to our leader who called him when the wildlife in Agamaur turned foul. He is in private study in the last tower in the back of the ruins of Ost Guruth, the place where we make our home.&#13;&#10;&#13;&#10;'Seek him out. Perhaps there is a way that both of you can aide the other.'" objectives="Objective 1:&#13;&#10;Radagast the Brown dwells in seclusion within a tower in the ruins of Ost Guruth, the place the Eglain call home. Seek out his counsel.&#13;&#10;&#13;&#10;Gadaric and Hunulf Munce believe that your intentions are good and have provided you with the whereabouts of their most esteemed guest.&#13;&#10;• Talk to Radagast the Brown (Radagast the Brown)">
<prerequisites>
<prerequisite name="Vol._I%2C_Book_2%2C_Chapter_6%3A_Protected_by_the_Eglain"/>
</prerequisites>
<nextQuests>
<nextQuest name="Vol._I%2C_Book_2%2C_Chapter_8%3A_The_Red_Swamp"/>
</nextQuests>
<rewards>
<money gold="0" silver="14" copper="50"/>
<selectOneOf>
<object name="Dorthann" pageURL="/wiki/Armour:Dorthann" iconURL="http://content.turbine.com/sites/lorebook.lotro.com/images/icons/item/shield/eq_lonelands_shield_02.png" quantity="1"/>
<object name="Túranc" pageURL="/wiki/Armour:Túranc" iconURL="http://content.turbine.com/sites/lorebook.lotro.com/images/icons/item/shoulders/eq_lonelands_medium_shoulder_01.png" quantity="1"/>
<object name="Radagast's Rune-stone" pageURL="/wiki/Weapon:Radagast's_Rune-stone" iconURL="http://content.turbine.com/sites/lorebook.lotro.com/images/icons/item/weapon_orb/eq_lonelands_orb_fire_01.png" quantity="1"/>
<object name="Ranger's Light Gloves" pageURL="/wiki/Armour:Ranger's_Light_Gloves" iconURL="http://content.turbine.com/sites/lorebook.lotro.com/images/icons/item/hands/eq_lonelands_light_hands_04.png" quantity="1"/>
</selectOneOf>
</rewards>
</quest>
