<?xml version="1.0" encoding="UTF-8"?>
<quest id="1879054141" key="A_Leader_Unveiled" title="A Leader Unveiled" category="Fornost" scope="" questArc="" minimumLevel="34" type="STANDARD" size="FELLOWSHIP" faction="FREE_PEOPLES" repeatable="false" instanced="false" description="Two Uruk-generals passed through the Ram Dúath with the Orc-horde. The first made his way to the south-east and established the camp at Dol Dínen. The second passed to the west and disappeared into the ancient ruins of Fornost." bestower="Arohir (NPC)" bestowerText="'It is unlikely that the second Uruk-general will show his face to us; nevertheless, we must attempt to lure him out and defeat him.&#13;&#10;&#13;&#10;'Take the first general's armour into Fornost, and display it somewhere near the Great Fountain. That may be enough to goad the second general into revealing himself. The Great Fountain may not appear as such -- it has surely been desecrated by the Orcs -- so you may want to look for something that appears like an idol to Sauron.&#13;&#10;&#13;&#10;'The battle will likely be difficult. I would advise you not to even dare entering Fornost without allies. Return to me after you have defeated the Uruk-general.'" objectives="Objective 1:&#13;&#10;The second of the Uruk-generals was spotted entering Fornost, where he set up camp near the Great Fountain in the courtyard. Arohir warns that the fountain has likely been desecrated and turned into an idol to Sauron.&#13;&#10;&#13;&#10;Arohir advised you to place the captured armour of the first general somewhere near the fountain in order to draw out the second.&#13;&#10;• Use Idol&#13;&#10;• Turn in Uruk-breastplate&#13;&#10;• Kill 1 Zanthrug&#13;&#10;Objective 2:&#13;&#10;Arohir awaits your return at Esteldín, east of Fornost.&#13;&#10;&#13;&#10;You have proven victorious over the second Uruk-general. You should return to Arohir at once with news of your success.&#13;&#10;• Speak to Arohir (Arohir)&#13;&#10;• Turn in Uruk-breastplate">
<prerequisites>
<prerequisite name="Master_of_the_Black_Tide"/>
</prerequisites>
<rewards>
<money gold="0" silver="42" copper="0"/>
<reputation>
<reputationItem faction="Rangers of Esteldín" amount="1200"/>
</reputation>
<selectOneOf>
<object name="Zanthrug's Foe" pageURL="/wiki/Armour:Zanthrug's_Foe" iconURL="http://content.turbine.com/sites/lorebook.lotro.com/images/icons/item/feet/eq_northdowns_heavy_feet_06.png" quantity="1"/>
<object name="Zanthrug's Foil" pageURL="/wiki/Armour:Zanthrug's_Foil" iconURL="http://content.turbine.com/sites/lorebook.lotro.com/images/icons/item/hands/eq_northdowns_medium_hands_06.png" quantity="1"/>
<object name="Zanthrug's Fall" pageURL="/wiki/Armour:Zanthrug's_Fall" iconURL="http://content.turbine.com/sites/lorebook.lotro.com/images/icons/item/shoulders/eq_northdowns_light_shoulder_06.png" quantity="1"/>
</selectOneOf>
</rewards>
</quest>
