<?xml version="1.0" encoding="UTF-8"?>
<quest id="1879054496" key="Heritage_Restored" title="Heritage Restored" category="North Downs" scope="" questArc="Common Blood" minimumLevel="26" type="STANDARD" size="FELLOWSHIP" faction="FREE_PEOPLES" repeatable="false" instanced="false" description="When First Hunter Jarkko betrayed the Suuri-lehmä, he left with the totem of the tribe's hunter; the skull of the Great Aurochs -- the namesake of the Suuri-lehmä. You brought a totem skull to Ragnarr, but it appears that it is not sufficient." bestower="Ragnarr Hornsounder (NPC)" bestowerText="'I seem to have misunderstood the Jorthkyn. The skull that was taken by the First Hunter was not just any aurochs skull, but the skull of the Great Aurochs -- the namesake of their tribe, Suuri-lehmä.&#13;&#10;&#13;&#10;'This skull has been a symbol of the tribe's hunters for generations. If you could retrieve this totem it would prove my purpose is pure and without ill intent.&#13;&#10;&#13;&#10;'Go to the camps of the traitorous Jorthkyn -- the Rauta-lehmä -- eastward across the Nan Amlug. That is where the skull of The Great Aurochs has been taken. Look for a place of reverence or altar, for even these lowly curs could not have abandoned all they once held dear. You should take allies, for the land is dangerous, and the skull will be difficult to carry.'" objectives="Objective 1:&#13;&#10;The skull of The Great Aurochs is being held in the lands of the Rauta-lehmä, eastward across Nan Amlug.&#13;&#10;&#13;&#10;In order to prove his benign intent to the Earth-kin, Ragnarr Hornsounder has asked you to retrieve the stolen skull of The Great Aurochs from the Rauta-lehmä. He suggested taking allies.&#13;&#10;• Collect the skull of the Great Aurochs&#13;&#10;Objective 2:&#13;&#10;Ragnarr Hornsounder is at the camp of the Suuri-lehmä, west of the Rauta-lehmä camp.&#13;&#10;&#13;&#10;You should return the skull of the Great Aurochs to Ragnarr Hornsounder.&#13;&#10;• Talk to Ragnarr Hornsounder">
<prerequisites>
<prerequisite name="A_Token_of_Worth"/>
</prerequisites>
<rewards>
<money gold="0" silver="18" copper="20"/>
<selectOneOf>
<object name="Threk-klath" pageURL="/wiki/Armour:Threk-klath" iconURL="http://content.turbine.com/sites/lorebook.lotro.com/images/icons/item/chest/eq_northdowns_heavy_chest_03.png" quantity="1"/>
<object name="Lothrinn" pageURL="/wiki/Item:Lothrinn" iconURL="http://content.turbine.com/sites/lorebook.lotro.com/images/icons/item/jewelry/eq_northdowns_ring_04.png" quantity="1"/>
<object name="Hornsounder's Hammer" pageURL="/wiki/Weapon:Hornsounder's_Hammer" iconURL="http://content.turbine.com/sites/lorebook.lotro.com/images/icons/item/weapon_sword/eq_northdowns_2hhammer_03.png" quantity="1"/>
<object name="Hornsounder's Head" pageURL="/wiki/Armour:Hornsounder's_Head" iconURL="http://content.turbine.com/sites/lorebook.lotro.com/images/icons/item/head/eq_northdowns_medium_head_06.png" quantity="1"/>
<object name="Ellos" pageURL="/wiki/Item:Ellos" iconURL="http://content.turbine.com/sites/lorebook.lotro.com/images/icons/item/jewelry/eq_northdowns_earring_07.png" quantity="1"/>
</selectOneOf>
</rewards>
</quest>
