<?xml version="1.0" encoding="UTF-8"?>
<quest id="1879048343" key="Prologue:_The_Missing_Guard" title="Prologue: The Missing Guard" category="Epic - Vol. I, Prologue" scope="Epic" questArc="Ered Luin Epic Prologue (Dwarf Path)" minimumLevel="2" type="EPIC" size="SOLO" faction="FREE_PEOPLES" repeatable="false" instanced="false" description="Unnarr, Captain of the Guard at Frerin's Court, was informed that one of the armouries had been left unguarded." bestower="Guard-captain Unnarr (NPC)" bestowerText="'The news I have received is most unsettling, (your name). One of the armouries has been left unguarded! Vitharr has been a stalwart and dependable guard until now, but he has apparently abandoned his post! Outrageous!&#13;&#10;&#13;&#10;'I want you to investigate the unguarded treasury and confirm that Vitharr is not there. If anything is missing, I'll have his armour! He was next in line for commendation, but after this he won't see any praise for thirty years!&#13;&#10;&#13;&#10;'The Arming-cave is to the north-west, very near to the great statue of Thorin carved in the mountain. Go there and look for Vitharr.'" objectives="Objective 1:&#13;&#10;The unguarded Arming-cave is located near to the large statue of Thorin that looks out over the valley from the north-west of Frerin's Court.&#13;&#10;&#13;&#10;Unnarr has asked you to learn what became of Vitharr, the guard assigned to the presently unguarded Arming-cave.&#13;&#10;• Talk to Vitharr&#13;&#10;Objective 2:&#13;&#10;Unnarr, the Captain of the Guard, can be found at Frerin's Court.&#13;&#10;&#13;&#10;You found the missing guard, Vitharr, inside the Arming-cave, practically unconscious. Vitharr asked you to return to Unnarr and report that someone had assaulted him from behind and looted the Arming-cave.&#13;&#10;• Talk to Guard-captain Unnarr">
<prerequisites>
<prerequisite name="Prologue%3A_At_the_Behest_of_Unnarr"/>
</prerequisites>
<nextQuests>
<nextQuest name="Prologue%3A_Beyond_the_Cave-in"/>
</nextQuests>
<rewards>
<money gold="0" silver="0" copper="42"/>
</rewards>
</quest>
