<?xml version="1.0" encoding="UTF-8"?>
<quest id="1879051806" key="Intro:_Skorgr%C3%ADm%27s_Tomb" title="Intro: Skorgrím's Tomb" category="Introduction" scope="Epic" questArc="Ered Luin Introduction" minimumLevel="1" type="STANDARD" size="SOLO" faction="FREE_PEOPLES" repeatable="false" instanced="false" description="Dwalin has asked you to travel with him and join the sons of Elrond in Skorgrím's Tomb. The evil stirred by the Dourhands must be quelled before the heinous resurrection of Skorgrím can take place." bestower="Dwalin (NPC)" bestowerText="'We cannot allow the Dourhands to resurrect their king with such foul sorcery, (your name). They have poisoned the mountains and soiled the lands of Thorin. Gormr's fall to corruption is unforgiveable!&#13;&#10;&#13;&#10;'Come, let us journey to the tomb. The sons of Elrond are waiting. We will make a great stand against the Dourhands, and they will think twice before falling to greed again!'&#13;&#10;&#13;&#10;WARNING: This is a solo quest, and cannot be completed in a Fellowship." objectives="Objective 1:&#13;&#10;Dwalin asked you to travel with him to Skorgrím's tomb and put an end to the Dourhands' mad schemes.&#13;&#10;&#13;&#10;You should speak with him again when you are ready to leave.&#13;&#10;• Talk to Dwalin (Dwalin)&#13;&#10;Objective 2:&#13;&#10;Dwalin asked you to travel with him to Skorgrím's tomb and put an end to the Dourhands' mad schemes.&#13;&#10;&#13;&#10;You should speak with him again when you are ready to leave.&#13;&#10;• Talk to Dwalin&#13;&#10;Objective 3:&#13;&#10;#-1:$CLIENT_RACE$ #-1:{Skógi wishes to speak with you.&#13;&#10;&#13;&#10;Two years have passed since the events in Skorgrím's tomb, but you have remained in the Blue Mountains to help the Longbeards reclaim their halls.[D]|Eilian wishes to speak with you.&#13;&#10;&#13;&#10;Two years have passed since the events in Skorgrím's tomb, but you have remained in Ered Luin to help protect the Refuge of Duillond.}&#13;&#10;• Talk to Skógi (Skógi)&#13;&#10;• Talk to Eilian (Eilian)">
<prerequisites>
<prerequisite name="Intro%3A_To_Evade_the_Impending_Doom"/>
</prerequisites>
<rewards>
<money gold="0" silver="1" copper="70"/>
<reputation>
<reputationItem faction="Thorin's Hall" amount="300"/>
</reputation>
<trait id="Novice" name="Novice"/>
<object name="Milestone Skill" pageURL="/wiki/Item:Milestone_Skill" iconURL="http://content.turbine.com/sites/lorebook.lotro.com/images/icons/item/scroll_skill/it_travelink_teleport_home_reusable.png" quantity="1"/>
</rewards>
</quest>
