<?xml version="1.0" encoding="UTF-8"?>
<quest id="1879049663" key="Old_Forest_Investigation" title="Old Forest Investigation" category="Bree-land" scope="" questArc="Old Forestry" minimumLevel="11" type="STANDARD" size="SOLO" faction="FREE_PEOPLES" repeatable="false" instanced="false" description="Wilmac Brandybuck, Maggot's farmhand, sent you to Brandy Hall to speak with Saradoc Brandybuck, and the Master of Brandy Hall warned you of Rollo and Doderic's musings." bestower="Saradoc Brandybuck (NPC)" bestowerText="'It's strange you should be asking after Rollo, especially at this moment. The tweens came to see me, upset by the lack of effort the Bounders are doing here in Buckland with regard to the strange Big Folk moving about.&#13;&#10;&#13;&#10;'I told them the Bounders were doing all they could to keep that unsavoury lot out of Buckland, but the pair were adamant about being heard and kept yammering on about the Old Forest. I warned them to stay clear of the forest because Toly, our wood-cutter, said that things there are queerer than ever.&#13;&#10;&#13;&#10;'Tweens can be foolish, and I fear that the pair have been more foolish than normal. Doderic knows his way to Bald Hill and not much further. If you're going to be looking for Rollo, you'd best start with Doderic, and you might as well tell him that I'm waiting for him, too!'" objectives="Objective 1:&#13;&#10;Doderic Brandybuck may be at Bald Hill in the Old Forest, east of the Bonfire Glade.&#13;&#10;&#13;&#10;Maggot's Farmhand sent you to Brandy Hall to look for Farmer Maggot's son Rollo. Saradoc Brandybuck has suggested that his nephew Doderic may have taken Rollo out to the Old Forest.&#13;&#10;• Find Doderic Brandybuck (Doderic Brandybuck)&#13;&#10;Objective 2:&#13;&#10;Rollo Maggot may be found at an abandoned cottage near the Withywindle, south-east of Bald Hill. It is reached by heading west through the Shifting Wood, then turning south and south-east.&#13;&#10;&#13;&#10;Doderic Brandybuck is worried about his friend Rollo Maggot, who chased after a brigand into the Forest.&#13;&#10;• Find Rollo Maggot (Rollo Maggot)&#13;&#10;Objective 3:&#13;&#10;Doderic Brandybuck is waiting at Bald Hill to the north of the cottage, east of the Bonfire Glade.&#13;&#10;&#13;&#10;You found Rollo Maggot standing over the corpse of a Man. He asked you to return to Doderic Brandybuck and tell him that he is all right, and there is no need to worry. He also asked you not to tell Doderic what happened with the brigand.&#13;&#10;• Talk to Doderic Brandybuck at Bald Hill (Doderic Brandybuck)&#13;&#10;Objective 4:&#13;&#10;Celandine can be found on the border of Newbury and Crickhollow in the northern part of Buckland.&#13;&#10;&#13;&#10;You found Rollo Maggot standing in shock over the corpse of a brigand, but he seemed unharmed. He asked that you show his notes to Doderic, and Doderic suggested that you bring them to his cousin Celandine.&#13;&#10;• Talk to Celandine Brandybuck&#13;&#10;• Turn in Old Forest Guide&#13;&#10;Objective 5:&#13;&#10;Wilmac Brandybuck is just inside the Hay Gate in Newbury, the northern section of Buckland.&#13;&#10;&#13;&#10;Wilmac Brandybuck still knows nothing of Rollo's whereabouts. You should speak with him to put his mind at ease.&#13;&#10;• Talk to Wilmac Brandybuck in Newbury (Wilmac Brandybuck)">
<prerequisites>
<prerequisite name="Rollo_and_Doderic"/>
</prerequisites>
<rewards>
<money gold="0" silver="1" copper="80"/>
<object name="Torang" pageURL="/wiki/Item:Torang" iconURL="http://content.turbine.com/sites/lorebook.lotro.com/images/icons/item/jewelry/eq_breeland_bracelet_03.png" quantity="1"/>
<object name="Mushroom Pie" pageURL="/wiki/Item:Mushroom_Pie" iconURL="http://content.turbine.com/sites/lorebook.lotro.com/images/icons/item/food/it_food_mushroom_pie.png" quantity="3"/>
<selectOneOf>
<object name="Cooked Carrots" pageURL="/wiki/Item:Cooked_Carrots" iconURL="http://content.turbine.com/sites/lorebook.lotro.com/images/icons/item/food/it_food_cooked_carrots.png" quantity="5"/>
<object name="Eggs and Onions" pageURL="/wiki/Item:Eggs_and_Onions" iconURL="http://content.turbine.com/sites/lorebook.lotro.com/images/icons/item/food/it_food_eggs_and_onions.png" quantity="5"/>
<object name="Fried Mushrooms" pageURL="/wiki/Item:Fried_Mushrooms" iconURL="http://content.turbine.com/sites/lorebook.lotro.com/images/icons/item/food/it_food_fried_mushrooms.png" quantity="5"/>
</selectOneOf>
</rewards>
</quest>
