<?xml version="1.0" encoding="UTF-8"?>
<quest id="1879052802" key="Breathing-space" title="Breathing-space" category="Angmar" scope="" questArc="Breathing Space" minimumLevel="42" type="STANDARD" size="SOLO" faction="FREE_PEOPLES" repeatable="false" instanced="false" description="The dwarf-holding of Gabilshathûr is in grave danger. An army of Orcs is not far away, and Orc raiding-parties are harrassing the outpost." bestower="Guard-captain Gisur (Dwarf)" bestowerText="'You came here, alone, from the west? I suppose there is more to you than one would guess at a glance.&#13;&#10;&#13;&#10;'Here, you can indeed be of some help to us. I am charged with the protection of Gabilshathûr, and this had become quite a challenge since an Orc-scout discovered our outpost a few days back. Now, we are constantly harassed by the Orcs, and I am not sure how much longer we can hold out.&#13;&#10;&#13;&#10;'If you can slay some of those Orcs, though, we might get a bit of breathing space. I am not picky, slaying any Blogmal or Krahjarn Orc you encounter in Eastern Malenhad is enough... although to be most helpful, you should slay some of their warriors and skirmishers. Oh, and some defilers as well....'" objectives="Objective 1:&#13;&#10;There are Blogmal and Krahjarn Orcs throughout Eastern Malenhad, north of Gabilshathûr.&#13;&#10;&#13;&#10;Gisur has asked you to defeat many Orcs in an attempt to give the dwarves of Gabilshathûr some breathing-room.&#13;&#10;• Defeat Orc-warriors (10 Krahjarn Warrior, Blogmal Warrior)&#13;&#10;• Defeat Orc-defilers (5 Krahjarn Defiler, Blogmal Defiler)&#13;&#10;• Defeat Orc-skirmishers (10 Blogmal Skirmisher, Krahjarn Skirmisher)&#13;&#10;Objective 2:&#13;&#10;Guard-captain Gisur is at Gabilshathûr, south of Duvuinen.&#13;&#10;&#13;&#10;You have defeated a large number of Orcs and should return to Gisur to inform him of your success.">
<prerequisites>
<prerequisite name="Vol._I%2C_Book_6%2C_Chapter_6%3A_Challenging_the_Stone"/>
</prerequisites>
<nextQuests>
<nextQuest name="The_Orc-raid"/>
</nextQuests>
<rewards>
<money gold="0" silver="23" copper="80"/>
</rewards>
</quest>
