<?xml version="1.0" encoding="UTF-8"?>
<quest id="1879051677" key="Wolves_in_the_Fields" title="Wolves in the Fields" category="Shire" scope="" questArc="Lobelia's Fireworks" minimumLevel="6" type="STANDARD" size="SOLO" faction="FREE_PEOPLES" repeatable="false" instanced="false" description="Cam Puddifoot, a pig-farmer in Budgeford, is having problems with wolves raiding his sties." bestower="Cam Puddifoot (NPC)" bestowerText="'See here, we got a lot of wolves off in the east and the north-east of Budgeford, and lately some of them have gotten into my fields. Puts a mighty fear into my pigs, let me tell you.&#13;&#10;&#13;&#10;'So I want you to rid me of 'em. Those beastly things are all over my fields, and I'm losing more pigs every day.&#13;&#10;&#13;&#10;'I'll make sure that saltpetre gets over to Hyacinth, don't you worry.'" objectives="Objective 1:&#13;&#10;There are wolves in Cam Puddifoot's fields to the east of Budgeford.&#13;&#10;&#13;&#10;Hyacinth Took sent you to Cam Puddifoot to request delivery of some saltpetre for Lobelia Sackville-Baggins' fireworks. Farmer Puddifoot is willing to deliver the saltpetre, but he wants you to clear his fields of wolves first.&#13;&#10;• Defeat wolves in Puddifoot's Fields (6)&#13;&#10;Objective 2:&#13;&#10;Cam Puddifoot is near his home in Budgeford.&#13;&#10;&#13;&#10;Cam Puddifoot is willing to send saltpetre to Hyacinth Took, but first he requested your help clearing wolves from his fields. With the threat of wolves lessened, you should return to him.&#13;&#10;• Talk to Cam Puddifoot&#13;&#10;Objective 3:&#13;&#10;Hyacinth Took is near the Great Smials in Tuckborough.&#13;&#10;&#13;&#10;While you were helping to clear the wolves from Cam Puddifoot's fields, the pig-farmer collected a pack of saltpetre for you to take back to Hyacinth Took.&#13;&#10;• Talk to Hyacinth Took&#13;&#10;• Turn in Saltpetre">
<prerequisites>
<prerequisite name="Seeking_Saltpetre"/>
</prerequisites>
<nextQuests>
<nextQuest name="Calling_for_Charcoal"/>
</nextQuests>
<rewards>
<money gold="0" silver="0" copper="90"/>
<object name="Hyacinth's Gauntlets" pageURL="/wiki/Armour:Hyacinth's_Gauntlets" iconURL="http://content.turbine.com/sites/lorebook.lotro.com/images/icons/item/hands/eq_shire_medium_hands_02.png" quantity="1"/>
<object name="Gift Mathom" pageURL="/wiki/Item:Gift_Mathom" iconURL="http://content.turbine.com/sites/lorebook.lotro.com/images/icons/item/reputation/it_reputation_shire_mathoms_gift.png" quantity="1"/>
</rewards>
</quest>
