<?xml version="1.0" encoding="UTF-8"?>
<quest id="1879052070" key="Articles_of_Cunning" title="Articles of Cunning" category="Burglar" scope="" questArc="The Truest Course" minimumLevel="45" type="STANDARD" size="SOLO" faction="FREE_PEOPLES" repeatable="false" instanced="false" description="Sterling Proudfoot has agreed to help you fashion a piece of equipment that properly reflects your skill as a burglar." bestower="Sterling Proudfoot (NPC)" bestowerText="'(your name), you're in need of some equipment that says &quot;Look at me! I'm a burglar!&quot; Come to think of it, that might be a little counterproductive in our line of work. No matter! You deserve some nice equipment, and I'm going to make you some! You'll have to fetch the components I'll need, but that should be no problem for a skilled burglar such as yourself, right?&#13;&#10;&#13;&#10;'The lineage of an item holds great power, so keep that in mind as I set before you a series of difficult tasks. In the Misty Mountains, snarling snowbeasts roam. Gather some of their fur...I've heard they can be found near the source of the river Loudwater, but I don't know if that's true. Also, there is a great white bear which dwells in the land of the giants of the Misty Mountains...bring me his fur as well.&#13;&#10;&#13;&#10;'When you have gathered these things, return to me for more instruction.'" objectives="Objective 1:&#13;&#10;Snowbeasts can be found in the north-western corner of the Misty Mountains near the Bruinen Source. Driftclaw can be found in the Misty Mountains, in the land of the giants, in the south-eastern corner.&#13;&#10;&#13;&#10;Sterling Proudfoot asked you to collect Driftclaw's windswept hide and snowbeast-furs.&#13;&#10;• Turn in Blinding Snowbeast-fur&#13;&#10;• Turn in Driftclaw's Windswept Hide&#13;&#10;Objective 2:&#13;&#10;Sterling Proudfoot is in Buckland, west of Bree and east of the Brandywine River.&#13;&#10;&#13;&#10;You should bring the hide and furs to Sterling Proudfoot.&#13;&#10;• Talk to Sterling Proudfoot&#13;&#10;• Turn in Blinding Snowbeast-fur&#13;&#10;• Turn in Driftclaw's Windswept Hide&#13;&#10;Objective 3:&#13;&#10;The drakes and cave-claws which bear the required components can be found in Angmar and other dangerous places.&#13;&#10;&#13;&#10;Sterling Proudfoot asked you to bring him drake-scales and cave-claw hides to aid him in his task.&#13;&#10;• Turn in Unyielding Drake Scale&#13;&#10;• Turn in Glossy Cave-claw Skin&#13;&#10;Objective 4:&#13;&#10;Sterling Proudfoot is in Buckland, west of Bree and east of the Brandywine River.&#13;&#10;&#13;&#10;You should bring the scales and hides you collected to Sterling Proudfoot.&#13;&#10;• Bring the second set of components to Sterling Proudfoot (Sterling Proudfoot)&#13;&#10;• Turn in Unyielding Drake Scale&#13;&#10;• Turn in Glossy Cave-claw Skin&#13;&#10;Objective 5:&#13;&#10;Akrúr can be found guarding the path to the great drake Lhugrien near Urugarth in Angmar. Sorkrank and Burzfîl can also be found in Urugarth.&#13;&#10;&#13;&#10;Sterling Proudfoot asked you to bring him a goblin-badge of Rank and an Insignia of Battle.&#13;&#10;• Turn in Goblin Badge of Rank&#13;&#10;• Turn in Insignia of Battle&#13;&#10;Objective 6:&#13;&#10;Sterling Proudfoot is in Buckland, west of Bree and east of the Brandywine River.&#13;&#10;&#13;&#10;You should bring the last set of components to Sterling Proudfoot.&#13;&#10;• Bring last set of components to Sterling Proudfoot (Sterling Proudfoot)&#13;&#10;• Turn in Goblin Badge of Rank&#13;&#10;• Turn in Insignia of Battle">
<requiredClass name="Burglar"/>
<rewards>
<money gold="0" silver="49" copper="70"/>
<object name="Distilled Athelas Essence" pageURL="/wiki/Item:Distilled_Athelas_Essence" iconURL="http://content.turbine.com/sites/lorebook.lotro.com/images/icons/item/potion/it_potion_morale_instant_tier5.png" quantity="5"/>
<selectOneOf>
<object name="Earring of Cunning" pageURL="/wiki/Item:Earring_of_Cunning" iconURL="http://content.turbine.com/sites/lorebook.lotro.com/images/icons/item/jewelry/eq_class_earring_01.png" quantity="1"/>
<object name="Bracelet of Cunning" pageURL="/wiki/Item:Bracelet_of_Cunning" iconURL="http://content.turbine.com/sites/lorebook.lotro.com/images/icons/item/jewelry/eq_class_bracelet_01.png" quantity="1"/>
</selectOneOf>
</rewards>
</quest>
