<?xml version="1.0" encoding="UTF-8"?>
<quest id="1879059667" key="Wings_of_Darkness_and_Death" title="Wings of Darkness and Death" category="Angmar" scope="" questArc="Mistress of Shadows" minimumLevel="37" type="STANDARD" size="SMALL_FELLOWSHIP" faction="FREE_PEOPLES" repeatable="false" instanced="false" description="The Earthkin Scout has been attacked by strange folk who have come into Ram Dúath from the North. He told you the women with wings are in league with the Angmarim." bestower="Earth-kin Scout (NPC)" bestowerText="'Another thing there is now in Ram Dúath stranger than Men or Orcs, maybe worse than either of them. Evil people like women, but with wings! They are vicious, deadly creatures, while I was scouting the orcs they attacked me.&#13;&#10;&#13;&#10;'You must destroy these bat-women, they are fierce and kill without mercy. Others will come to look for me, they must not hurt more of the Jorthkyn.&#13;&#10;&#13;&#10;'I am afraid of these foul creatures. Such things do not belong in the world.'" objectives="Objective 1:&#13;&#10;The bat-winged creatures who injured the Earth-kin scout are in the eastern gorges of Ram Dúath.&#13;&#10;&#13;&#10;The Earth-kin scout's request was for you to kill the vicious merrevail so that others will not be injured or worse.&#13;&#10;• Defeat merrevail ($NUMBER$/$TOTAL$) (Morroval)&#13;&#10;Objective 2:&#13;&#10;The Earthkin Scout is hidden in a valley east of Duvairë in the Ram Dúath.&#13;&#10;&#13;&#10;You should return to the Earthkin Scout and tell him of your success against the merrevail.&#13;&#10;• Talk to Earth-kin Scout">
<prerequisites>
<prerequisite name="In_the_Dark_Clefts"/>
</prerequisites>
<nextQuests>
<nextQuest name="Mistress_of_Shadows"/>
</nextQuests>
<rewards>
<money gold="0" silver="22" copper="5"/>
</rewards>
</quest>
