<?xml version="1.0" encoding="UTF-8"?>
<quest id="1879053149" key="Raid:_The_Master_of_Imlad_Balchorth" title="Raid: The Master of Imlad Balchorth" category="Angmar" scope="" questArc="" minimumLevel="44" type="STANDARD" size="RAID" faction="FREE_PEOPLES" repeatable="false" instanced="false" description="Eiláf believes that the sorcerer Ferndúr concerns himself with the fell spirits that inhabit the area not far from the Cauldron of Death." bestower="Eiláf (NPC)" bestowerText="'You have stopped the evil engine of the Cauldron of Death, you have stopped the supply of money to the North Downs, and you have ended the terror of Deluches, but still the Dead rise! I fear this is the work of the dread sorcerer Lord Ferndúr. You have gathered allies and helped us to slow the spread of the Dead. However defeating Lord Ferndûr is no small task. If you would challenge this fell master of death, you must assemble an even greater force.&#13;&#10;&#13;&#10;'I believe that Ferndúr is concerned more with the summoning of the fell spirits that are used to animate the shambling bodies of the dead than he is with the wights. You must return to the cursed isle in Imlad Balchorth, find the place where the fell spirits throng and destroy them. Destroy them all, and perhaps Ferndúr will appear, for he must know it when his summoned spirits are banished.&#13;&#10;&#13;&#10;'Be wary, for this threat may be the gravest yet, faced in the darkness of Angmar, a monstrous evil whose only superior in the North is in the dread citadel of Carn Dûm itself.'" objectives="Objective 1:&#13;&#10;There are fell spirits in a ruined area not far from the Cauldron of Death in the central island of Imlad Balchorth.&#13;&#10;&#13;&#10;Ferndúr must be destroyed to disperse the evil threat in this cursed land.&#13;&#10;• Kill 1 Ferndúr the Virulent&#13;&#10;Objective 2:&#13;&#10;Eiláf is back at Myrkworth, east from Ferndúr's lair.&#13;&#10;&#13;&#10;With Ferndúr slain, you should return to Eiláf to tell him the tale of your deeds.&#13;&#10;• Talk to Eiláf">
<prerequisites>
<prerequisite name="The_Cauldron_of_Death"/>
<prerequisite name="M%C3%BAl_Kholuim%2C_The_Keeper_of_Books"/>
<prerequisite name="Banishing_the_Darkness"/>
</prerequisites>
<rewards>
<money gold="0" silver="49" copper="0"/>
<reputation>
<reputationItem faction="Council of the North" amount="900"/>
</reputation>
<selectOneOf>
<object name="Túris" pageURL="/wiki/Weapon:Túris" iconURL="http://content.turbine.com/sites/lorebook.lotro.com/images/icons/item/weapon_staff/eq_angmar_staff_06.png" quantity="1"/>
<object name="Ferndúr's Defeat" pageURL="/wiki/Weapon:Ferndúr's_Defeat" iconURL="http://content.turbine.com/sites/lorebook.lotro.com/images/icons/item/weapon_mace/eq_angmar_1hmace_04.png" quantity="1"/>
<object name="Othathol" pageURL="/wiki/Weapon:Othathol" iconURL="http://content.turbine.com/sites/lorebook.lotro.com/images/icons/item/weapon_axe/eq_angmar_1haxe_04.png" quantity="1"/>
<object name="Braigiar's Mantle" pageURL="/wiki/Armour:Braigiar's_Mantle" iconURL="http://content.turbine.com/sites/lorebook.lotro.com/images/icons/item/back/eq_angmar_back_04.png" quantity="1"/>
</selectOneOf>
</rewards>
</quest>
