<?xml version="1.0" encoding="UTF-8"?>
<quest id="1879048303" key="A_Hunter%27s_Charge" title="A Hunter's Charge" category="Hunter" scope="" questArc="" minimumLevel="30" type="STANDARD" size="SOLO" faction="FREE_PEOPLES" repeatable="false" instanced="false" description="In times of danger, a trained hunter might be the only one capable of finding and defeating a threat before it strikes." bestower="Darren Mills (NPC)" bestowerText="'A traveller brought word to me that Gytha Lainey is seeking your help, (your name). He was given the message not long ago, and he impressed upon me the urgency of the task, though she did not convey to him its nature.&#13;&#10;&#13;&#10;'You should go to Gytha Lainey at once! It must be something serious to have troubled so great a hunter as she.&#13;&#10;&#13;&#10;'Look for her at Adso's Camp, on the road between Bree-town and Buckland.'" objectives="Objective 1:&#13;&#10;Gytha Lainey is at Adso's Camp in Bree-land, on the road between Buckland and the town of Bree.&#13;&#10;&#13;&#10;Gytha Lainey has sent word to you that she urgently needs your help.&#13;&#10;• Talk to Gytha Lainey&#13;&#10;Objective 2:&#13;&#10;Gytha Lainey is at Adso's Camp in Breeland, on the road between Bree-town and Buckland.&#13;&#10;&#13;&#10;Gytha Lainey is waiting to speak with you and then travel into the Shire to intercept the hunting-party of Wargs that have come south in search of one of their own.&#13;&#10;• Talk to Gytha Lainey and travel into the Shire&#13;&#10;Objective 3:&#13;&#10;Gytha Lainey is at Adso's Camp in Breeland, on the road between Bree-town and Buckland.&#13;&#10;&#13;&#10;Gytha Lainey is waiting to speak with you about your defence of the town of Overhill.&#13;&#10;• Talk to Gytha Lainey">
<requiredClass name="Hunter"/>
<rewards>
<money gold="0" silver="17" copper="85"/>
<trait id="Earthborn" name="Earthborn"/>
<selectOneOf>
<object name="Cufaron" pageURL="/wiki/Weapon:Cufaron" iconURL="http://content.turbine.com/sites/lorebook.lotro.com/images/icons/item/weapon_bow/eq_class_bow_01.png" quantity="1"/>
<object name="Kalfur's Glory" pageURL="/wiki/Weapon:Kalfur's_Glory" iconURL="http://content.turbine.com/sites/lorebook.lotro.com/images/icons/item/weapon_crossbow/eq_class_crossbow_01.png" quantity="1"/>
</selectOneOf>
</rewards>
</quest>
