<?xml version="1.0" encoding="UTF-8"?>
<quest id="1879051598" key="Old_Sally" title="Old Sally" category="Shire" scope="" questArc="The Founding Writ" minimumLevel="5" type="STANDARD" size="SOLO" faction="FREE_PEOPLES" repeatable="false" instanced="false" description="Belco Brockhouse found a copy of the Founding Writ of the Shire, but will not give it up until he has received some services in return." bestower="Belco Brockhouse (NPC)" bestowerText="'My pig, Old Sally, has run off again. Sometimes I think that pig is more trouble than she's worth. Always running off, eating like a horse and scared o' her own shadow! If I weren't so fond o' her, I would have made sausage out of her years ago!&#13;&#10;&#13;&#10;'Usually when she runs off, it's down to the woods south-east o' here, by the big willow. If you find her, approach her carefully and bring her back to the barn here.&#13;&#10;&#13;&#10;'Be careful though, she spooks easily, so if she sees anything while you are bringing her back, she might run off, and this time for good!'" objectives="Objective 1:&#13;&#10;Belco Brockhouse's pig, Old Sally, may be found near the big willow south-east of Belco's farm.&#13;&#10;&#13;&#10;Belco has asked you to find his pig, Old Sally, and bring her back to his barn. He warned you that she spooks easily, and if she gets too scared, she may run away.&#13;&#10;• Find Old Sally&#13;&#10;Objective 2:&#13;&#10;Belco Brockhouse can be found south of the Tuckborough town centre.&#13;&#10;&#13;&#10;You should speak with Belco Brockhouse and let him know that you led his pig, Old Sally, back to his barn.&#13;&#10;• Talk to Belco Brockhouse">
<prerequisites>
<prerequisite name="The_Founding_Writ"/>
</prerequisites>
<nextQuests>
<nextQuest name="Belco%27s_Writ"/>
</nextQuests>
<rewards>
<money gold="0" silver="0" copper="90"/>
<object name="Lesser Athelas Essence" pageURL="/wiki/Item:Lesser_Athelas_Essence" iconURL="http://content.turbine.com/sites/lorebook.lotro.com/images/icons/item/potion/it_potion_morale_instant_tier1.png" quantity="3"/>
</rewards>
</quest>
