<?xml version="1.0" encoding="UTF-8"?>
<quest id="1879048299" key="A_Champion%27s_Courage" title="A Champion's Courage" category="Champion" scope="" questArc="" minimumLevel="30" type="STANDARD" size="SOLO" faction="FREE_PEOPLES" repeatable="false" instanced="false" description="A true champion does not balk even at overwhelming odds, but relishes the opportunity to test his skills against such force." bestower="Drambor (NPC)" bestowerText="'Word of your deeds has travelled far, (your name), and you have become much sought-after by those who have need of such a champion! I have heard it said that Slade Ransford, himself a champion of no small skill, wants to meet with you to discuss a mission of some urgency.&#13;&#10;&#13;&#10;'Slade makes his home at Ost Guruth, the Ruin-hold in the Lone-lands, if you wish to answer his call.'" objectives="Objective 1:&#13;&#10;Slade Ransford is at Ost Guruth, the Ruin-hold of the Lone-lands.&#13;&#10;&#13;&#10;Slade Ransford has been asking about you, and wishes for you to speak with him about an errand of some sort.&#13;&#10;• Talk to Slade Ransford&#13;&#10;Objective 2:&#13;&#10;Slade Ransford is in Ost Guruth, the Ruin-hold of the Lone-lands.&#13;&#10;&#13;&#10;Slade Ransford is waiting to travel with you to Ost Cyrn to enact his plan to drive out the Orcs that have settled there.&#13;&#10;• Talk to Slade Ransford and travel with him to Ost Cyrn&#13;&#10;Objective 3:&#13;&#10;Slade Ransford is in Ost Guruth, the Ruin-hold of the Lone-lands.&#13;&#10;&#13;&#10;Slade Ransford is waiting for you to speak with him about the events at Ost Cyrn.&#13;&#10;• Talk to Slade Ransford">
<requiredClass name="Champion"/>
<rewards>
<money gold="0" silver="17" copper="85"/>
<trait id="Aggressive_Exchange" name="Aggressive Exchange"/>
<selectOneOf>
<object name="Othnam" pageURL="/wiki/Weapon:Othnam" iconURL="http://content.turbine.com/sites/lorebook.lotro.com/images/icons/item/weapon_sword/eq_class_2hhammer_01.png" quantity="1"/>
<object name="Maethmagol" pageURL="/wiki/Weapon:Maethmagol" iconURL="http://content.turbine.com/sites/lorebook.lotro.com/images/icons/item/weapon_sword/eq_class_champion_1hsword_01.png" quantity="1"/>
</selectOneOf>
</rewards>
</quest>
