<?xml version="1.0" encoding="UTF-8"?>
<quest id="1879049746" key="Searching_for_Fresh_Springs" title="Searching for Fresh Springs" category="Bree-land" scope="" questArc="Worth of a Worker" minimumLevel="12" type="STANDARD" size="SOLO" faction="FREE_PEOPLES" repeatable="false" instanced="false" description="Graham Larkspur is one of Adso's workers. He and his companions are running out of water and need help replenishing their supply." bestower="Graham Larkspur (NPC)" bestowerText="'We have been working quite hard on this building for some time now, and it's thirsty work, but it seems that our water supply is running low.&#13;&#10;&#13;&#10;'One of our hunters came across a spring in the northern parts of the Old Forest where the water is particularly sweet and refreshing. A strange thing to find in such a wretched, gloomy wood. Go south-west into the Old Forest and stay in the north woods. The spring is a beautiful place...hard to miss in that dismal forest.&#13;&#10;&#13;&#10;'I would appreciate it if you could fetch that water for me as soon as possible. I would hate to run out before you return. The Forest is getting dangerous, I hear, so you'll want to be careful.'" objectives="Objective 1:&#13;&#10;The entrance to the Old Forest is to the south of Adso's camp. The spring lies westward within the Forest.&#13;&#10;&#13;&#10;Graham Larkspur has asked you to fetch water from the spring his hunters found.&#13;&#10;• Find Goldberry's Spring&#13;&#10;Objective 2:&#13;&#10;Upon finding the spring that Graham Larkspur sent you to, you noticed a beautiful but strange-looking woman standing underneath the oak tree on the western bank of the river. Perhaps she possesses the means for you to take water back to Adso's camp.&#13;&#10;• Speak with the beautiful woman at the spring (Goldberry)&#13;&#10;Objective 3:&#13;&#10;The entrance of the Old Forest lies to the east, and Adso's camp is north from there.&#13;&#10;&#13;&#10;Adso sent you into the Old Forest to fetch water, but empty-handed. Goldberry has given you a bucket in which to carry water back to Adso's camp and has granted you leave to draw from her pool, but warns that the Forest is dangerous.&#13;&#10;• Pick up the bucket&#13;&#10;Objective 4:&#13;&#10;Graham Larkspur wishes to speak with you again.&#13;&#10;• Talk to Graham Larkspur">
<prerequisites>
<prerequisite name="A_Matter_of_Warmth"/>
<prerequisite name="A_Matter_of_Feed"/>
</prerequisites>
<rewards>
<money gold="0" silver="2" copper="55"/>
<reputation>
<reputationItem faction="Men of Bree" amount="300"/>
</reputation>
<selectOneOf>
<object name="Adso's Club" pageURL="/wiki/Weapon:Adso's_Club" iconURL="http://content.turbine.com/sites/lorebook.lotro.com/images/icons/item/weapon_mace/eq_breeland_1hclub_02.png" quantity="1"/>
<object name="Adso's Two-Handed Axe" pageURL="/wiki/Weapon:Adso's_Two-Handed_Axe" iconURL="http://content.turbine.com/sites/lorebook.lotro.com/images/icons/item/weapon_sword/eq_breeland_2haxe_01.png" quantity="1"/>
<object name="Bregdail" pageURL="/wiki/Armour:Bregdail" iconURL="http://content.turbine.com/sites/lorebook.lotro.com/images/icons/item/feet/eq_breeland_medium_boots_03.png" quantity="1"/>
</selectOneOf>
</rewards>
</quest>
