<?xml version="1.0" encoding="UTF-8"?>
<quest id="1879051319" key="An_Offering_of_Peace,_Part_II" title="An Offering of Peace, Part II" category="Lone-lands" scope="" questArc="Gentle Giants" minimumLevel="23" type="STANDARD" size="SOLO" faction="FREE_PEOPLES" repeatable="false" instanced="false" description="With the migration of Orcs and goblins to the western Lone-lands, the Eglain attempted to rekindle old trade relations with an Elf from Rivendell to the east. However, they encountered great, lumbering beasts upon the Road and dared not continue forwards." bestower="Frideric the Elder (NPC)" bestowerText="'We have salted-meats and furs collected from the Wargs. We would like to offer these to the creatures, in hopes that they are not hostile.&#13;&#10;&#13;&#10;'I ask you to be cautious, because this could prove very dangerous. We do not know what the creatures are, but we know they are not trolls.&#13;&#10;&#13;&#10;'Search to the south of the Great East Road, south and a little eastward of here, near the Tornstones. You should find a small encampment of the creatures there. Seek out their leader and offer him the supplies on our behalf.'" objectives="Objective 1:&#13;&#10;The creatures' encampment is south of the Great East Road near the Tornstones, south and a little east of Ost Guruth.&#13;&#10;&#13;&#10;Frideric the Elder provided you with a crate of salted meats and furs to deliver as a peace offering to the creatures near the Tornstones.&#13;&#10;• Talk to Kekkonen&#13;&#10;• Turn in Furs and Salted Meat">
<prerequisites>
<prerequisite name="An_Offering_of_Peace"/>
</prerequisites>
<nextQuests>
<nextQuest name="Pursued_by_the_Past"/>
<nextQuest name="One_Called_Galr%C3%AEp"/>
<nextQuest name="Our_Past_in_Stone"/>
</nextQuests>
<rewards>
<money gold="0" silver="16" copper="0"/>
<reputation>
<reputationItem faction="Eglain" amount="700"/>
</reputation>
</rewards>
</quest>
