<?xml version="1.0" encoding="UTF-8"?>
<quest id="1879048315" key="The_Third_Gear" title="The Third Gear" category="Ered Luin" scope="" questArc="The Puzzle-vault" minimumLevel="8" type="STANDARD" size="SOLO" faction="FREE_PEOPLES" repeatable="false" instanced="false" description="Bávor is an artificer tasked with repairing the great lock which opens access to the fabled Vault of the Mountain." bestower="Bávor (NPC)" bestowerText="'I'm not sure yet how that second gear fits into this contraption, but that is not your concern. I need you to get out there and find that third gear.&#13;&#10;&#13;&#10;'The third missing gear was placed in a chest hidden in Emyn Hoedh, the old barrows of the Edain in Haudh Lin, north-east of Gondamon. I'm not sure exactly where it is, but it's said to be in the ruins of an ancient crypt.&#13;&#10;&#13;&#10;'Be wary, though! I've heard rumour that barrow-wights roam those lands.'" objectives="Objective 1:&#13;&#10;The third gear is in a chest in the ruins of an ancient crypt in Emyn Hoedh, the barrow-mounds in Haudh Lin, north-east of Gondamon.&#13;&#10;&#13;&#10;Bávor has asked you to recover the third missing gear for the Vault of the Mountain. He warned you of rumours regarding the presence of barrow-wights amongst the old mounds.&#13;&#10;• Use Chest&#13;&#10;Objective 2:&#13;&#10;Bávor is in Thorin's Hall.&#13;&#10;&#13;&#10;Bávor will be pleased to begin working with the third gear.&#13;&#10;• Bring the third gear to Bávor (Bávor)&#13;&#10;• Turn in Gear">
<prerequisites>
<prerequisite name="The_Second_Gear"/>
</prerequisites>
<nextQuests>
<nextQuest name="The_Fourth_Gear"/>
</nextQuests>
<rewards>
<money gold="0" silver="1" copper="5"/>
<selectOneOf>
<object name="Bávor's Boots" pageURL="/wiki/Armour:Bávor's_Boots" iconURL="http://content.turbine.com/sites/lorebook.lotro.com/images/icons/item/feet/eq_eredluin_medium_feet_04.png" quantity="1"/>
<object name="Túrchathol" pageURL="/wiki/Weapon:Túrchathol" iconURL="http://content.turbine.com/sites/lorebook.lotro.com/images/icons/item/weapon_axe/eq_eredluin_1haxe_02.png" quantity="1"/>
</selectOneOf>
</rewards>
</quest>
