<?xml version="1.0" encoding="UTF-8"?>
<quest id="1879048709" key="Vol._I,_Book_1,_Chapter_6:_In_the_Black_Riders%27_Wake" title="Vol. I, Book 1, Chapter 6: In the Black Riders' Wake" category="Epic - Vol. I, Book 1: Stirrings in the Darkness" scope="Epic" questArc="Volume I, Book 1: Stirrings in the Darkness" minimumLevel="11" type="EPIC" size="SOLO" faction="FREE_PEOPLES" repeatable="false" instanced="false" description="Desiring news about the other Nazgûl, Strider sent you west to the borders of the Shire and Buckland to speak to Lenglinn, whom he had sent to look after a hobbit." bestower="Lenglinn (NPC)" bestowerText="'In the Black Riders' wake, crebain have taken roost. They are not the common strain from Dunland, but a breed I have not seen before. Likely these foul creatures keep watch on Buckland and the Shire...or at the very least me, since they have taken to staring at me in the night.&#13;&#10;&#13;&#10;'While the crebain may see nothing of interest, the fact that the Enemy has eyes here is dangerous. If we were to blind these eyes, the Enemy would not be as sure in directing its efforts. If you would, dispose of the crebain that roost to the south-west, just beyond my camp.&#13;&#10;&#13;&#10;'Even killing one craban will go a long way towards blinding the enemy.'" objectives="Objective 1:&#13;&#10;The crebain have taken roost south-west, just beyond his camp.&#13;&#10;&#13;&#10;Lenglinn told you that crebain followed in the wake of the Nazgûl and have taken roost outside his camp. He is sure the birds are the Enemy's spies and will report on movements in the west. He has asked you to dispose of them to prevent them from doing harm.&#13;&#10;• Defeat crebain (4)&#13;&#10;Objective 2:&#13;&#10;Lenglinn's camp is to the north-east of the crebain roost.&#13;&#10;&#13;&#10;With the crebain dead, the Enemy has fewer eyes watching Buckland and the Shire. Speak again with Lenglinn and learn what else he would have you do.&#13;&#10;• Talk to Lenglinn">
<prerequisites>
<prerequisite name="Vol._I%2C_Book_1%2C_Chapter_5%3A_The_Other_Riders"/>
</prerequisites>
<nextQuests>
<nextQuest name="Vol._I%2C_Book_1%2C_Chapter_7%3A_Horn-call_of_Buckland"/>
</nextQuests>
<rewards>
<money gold="0" silver="0" copper="86"/>
<reputation>
<reputationItem faction="Men of Bree" amount="300"/>
</reputation>
</rewards>
</quest>
