<?xml version="1.0" encoding="UTF-8"?>
<quest id="1879052599" key="The_Stolen_Stones" title="The Stolen Stones" category="Trollshaws" scope="" questArc="A Gift from the Dwarves" minimumLevel="29" type="STANDARD" size="FELLOWSHIP" faction="FREE_PEOPLES" repeatable="false" instanced="false" description="The dwarves of Heithur Ironfist's company have fallen upon some misfortune near the Last Bridge, and the stones they were transporting to Glóin in Rivendell were lost." bestower="Heithur Ironfist (NPC)" bestowerText="'My dwarves may be lost now, but the stones they were escorting can be recovered from whomever or whatever has stolen them. This we must do, (your name).&#13;&#10;&#13;&#10;'Barachen dispatched an Elf named Rochwen to the road north of here, and she seems to know much about this region. She is sure to know what evil dwells in the area that could have caused my dwarves to come to such an unhappy end. Speaking with her about this may be the first step in recovering the stolen stones!&#13;&#10;&#13;&#10;'Bring allies with you. Any foe that could best my dwarves will surely be too much for you alone, (your name). I do not mean to offend, of course.'" objectives="Objective 1:&#13;&#10;Rochwen is along the road, north of Barachen's camp in the South Trollshaws.&#13;&#10;&#13;&#10;Heithur Ironfist has asked you to speak with Rochwen about what threats could have overtaken his dwarf-company by the Last Bridge.&#13;&#10;• Talk to Rochwen&#13;&#10;Objective 2:&#13;&#10;Cave-claws infest the ruins of Ost Dúrgonn north-east of the Last Bridge.&#13;&#10;&#13;&#10;Rochwen believes that the cave-claws of Ost Dúrgonn could not have defeated a company of dwarves, but that they may have played some role in the defeat of Heithur's couriers.&#13;&#10;• Search Ost Dúrgonn for Missing Dwarves&#13;&#10;Objective 3:&#13;&#10;Heithur Ironfist is at Barachen's camp, east of the Last Bridge and south of the road, on a sloping hill in the shadow of tall cliffs.&#13;&#10;&#13;&#10;You have learned from Tóki Whitebeard that the stones his company was transporting have been stolen by trolls, apparently aided by the monstrous cave-claw you defeated.&#13;&#10;• Talk to Heithur Ironfist">
<prerequisites>
<prerequisite name="Trouble_by_the_Last_Bridge"/>
</prerequisites>
<nextQuests>
<nextQuest name="The_True_Thieves"/>
<nextQuest name="Very_Unlike_Trolls"/>
</nextQuests>
<rewards>
<money gold="0" silver="19" copper="25"/>
</rewards>
</quest>
