<?xml version="1.0" encoding="UTF-8"?>
<quest id="1879048652" key="Prologue:_Finding_Amdir" title="Prologue: Finding Amdir" category="Epic - Vol. I, Prologue" scope="Epic" questArc="Bree-land Epic Prologue" minimumLevel="4" type="EPIC" size="SOLO" faction="FREE_PEOPLES" repeatable="false" instanced="false" description="The stranger that summoned you was a kinsman of Amdir who is seeking the missing Ranger." bestower="Toradan (NPC)" bestowerText="'Thank you for your aid, (your name). My kindred and I were driven from the Bounds of the Shire by the Nazgûl of Mordor. They pursued us eastward and slew many of us. It was my goal to join Amdir, but I have heard rumour of his fate in Archet. They say he was stabbed with a morgul-knife and led off by some evil men -- the ones who lent the Blackwolds aid. There are few left now with power over such wounds, and those that I know of dwell some distance from here. We must find Amdir, and quickly, if we are to save him.&#13;&#10;&#13;&#10;'He is likely being held by the Blackwolds somewhere in the Chetwood. We must find a way to enter their lair and free him, but first we must find them. Speak with Constable Underhill...he may be of help. You can usually find him outside, near The Comb and Wattle.&#13;&#10;&#13;&#10;'Once you have learned of the Blackwolds' lair and believe you can gain entry, return to me. Hurry, before it is too late.'" objectives="Objective 1:&#13;&#10;Constable Underhill can be found outside The Comb and Wattle Inn in Combe.&#13;&#10;&#13;&#10;Toradan has asked you to speak with Constable Underhill to learn ways of finding the Blackwolds' hideout. He is certain Amdir will be found among them.&#13;&#10;• Talk to Constable Underhill&#13;&#10;Objective 2:&#13;&#10;Many of the scattered Blackwolds dwell in the hills east of Combe.&#13;&#10;&#13;&#10;Following Toradan's advice, you spoke with Constable Underhill about the Blackwold brigands. The hobbit constable suggests that you search amongst the campfires of the Blackwolds to the east of Combe for one of the brigand agent's letters.&#13;&#10;• Use Blackwold-recruit's Pack&#13;&#10;Objective 3:&#13;&#10;Constable Underhill awaits your return near Combe centre, outside The Comb and Wattle Inn.&#13;&#10;&#13;&#10;Searching through a pack found near a small encampment of Blackwolds, you found a letter from the Blackwold agent. You should return to Constable Underhill with the letter.&#13;&#10;• Bring the letter to Constable Underhill (Constable Underhill)&#13;&#10;• Turn in Brigand Agent's Letter">
<prerequisites>
<prerequisite name="Prologue%3A_An_Urgent_Summons"/>
</prerequisites>
<nextQuests>
<nextQuest name="Prologue%3A_Cutleaf%27s_Good_Intentions"/>
</nextQuests>
<rewards>
<money gold="0" silver="0" copper="90"/>
<selectOneOf>
<object name="Shiny Copper Earring" pageURL="/wiki/Item:Shiny_Copper_Earring_(Level_10)" iconURL="http://content.turbine.com/sites/lorebook.lotro.com/images/icons/item/jewelry/eq_breeland_amdir_epic_01.png" quantity="1"/>
<object name="Bright Copper Earring" pageURL="/wiki/Item:Bright_Copper_Earring" iconURL="http://content.turbine.com/sites/lorebook.lotro.com/images/icons/item/jewelry/eq_breeland_amdir_epic_02.png" quantity="1"/>
</selectOneOf>
</rewards>
</quest>
