<?xml version="1.0" encoding="UTF-8"?>
<quest id="1879048448" key="Vol._I,_Book_3,_Chapter_6,_Part_II_of_III:_The_Defence_of_Trestlebridge" title="Vol. I, Book 3, Chapter 6, Part II of III: The Defence of Trestlebridge" category="Epic - Vol. I, Book 3: The Council of the North" scope="Epic" questArc="Volume I, Book 3: The Council of the North" minimumLevel="30" type="EPIC" size="FELLOWSHIP" faction="FREE_PEOPLES" repeatable="false" instanced="false" description="Upon returning from Trestlebridge with Nellie Boskin's refusal to join the Council, Halbarad informed you that a large force of Orcs was moving on Trestlebridge." bestower="Halbarad (NPC)" bestowerText="'In the past, the Orcs that have attacked have been of the Tarkrîp tribe. The bloodlust of that tribe usually causes them to throw themselves heedlessly into the battle, without forethought.&#13;&#10;&#13;&#10;'The Orcs that now move on Trestlebridge appear to be of the more powerful Ongbúrz tribe. These warriors are stronger and more skilled. The townsfolk will not be able to stop them. I would send a party of my men to aid them, but all my kin are dealing with matters in the east.&#13;&#10;&#13;&#10;'You and I may reach them in time, however. You have done much already, but I would ask for your help in this battle. Gather what warriors you can and return to me. But make haste...Trestlebridge does not have much time.'&#13;&#10;&#13;&#10;NOTE: It is suggested that you complete this quest while in a fellowship. Inspiration will assist you if you choose to undertake this challenge alone or with a smaller group." objectives="Objective 1:&#13;&#10;Travel with Halbarad to Trestlebridge and aid in its defence.&#13;&#10;&#13;&#10;Halbarad told you that the Orcs moving on Trestlebridge are from the more powerful Ongbúrz tribe. The townsfolk will not be able to defend against them alone. Halbarad instructed you to gather allies and return to him.&#13;&#10;&#13;&#10;&lt;rgb=#FF0000&gt;This quest is meant for a fellowship. If you choose to undertake this quest solo you will receive an inspiration bonus, but the challenge will be great.&#13;&#10;• Talk to Halbarad&#13;&#10;Objective 2:&#13;&#10;Nellie Boskins can be found in Trestlebridge.&#13;&#10;&#13;&#10;At Halbarad's side, you helped defend Trestlebridge from the Orcs that sought to destroy it. At the conclusion of the battle, Nellie Boskins asked to speak with you.&#13;&#10;• Talk to Nellie Boskins">
<prerequisites>
<prerequisite name="Vol._I%2C_Book_3%2C_Chapter_6%2C_Part_I_of_III%3A_A_Call_to_Men"/>
</prerequisites>
<nextQuests>
<nextQuest name="Vol._I%2C_Book_3%2C_Chapter_6%2C_Part_III_of_III%3A_The_Free_Peoples_of_Trestlebridge"/>
<nextQuest name="The_Defence_of_Trestlebridge_--_Redux"/>
</nextQuests>
<rewards>
<money gold="0" silver="19" copper="60"/>
<reputation>
<reputationItem faction="Men of Bree" amount="900"/>
</reputation>
<selectOneOf>
<object name="Cerygaim" pageURL="/wiki/Armour:Cerygaim" iconURL="http://content.turbine.com/sites/lorebook.lotro.com/images/icons/item/hands/eq_northdowns_medium_hands_03.png" quantity="1"/>
<object name="Defender of Trestlebridge" pageURL="/wiki/Weapon:Defender_of_Trestlebridge" iconURL="http://content.turbine.com/sites/lorebook.lotro.com/images/icons/item/weapon_sword/eq_northdowns_1hsword_03.png" quantity="1"/>
</selectOneOf>
</rewards>
</quest>
