<?xml version="1.0" encoding="UTF-8"?>
<quest id="1879053147" key="The_Highwayman" title="The Highwayman" category="Angmar" scope="" questArc="Highwayman" minimumLevel="43" type="STANDARD" size="SOLO" faction="FREE_PEOPLES" repeatable="false" instanced="false" description="Angmarim patrols regularly carry orders and payroll through Imlad Balchorth." bestower="Birgir (NPC)" bestowerText="'The main route between Carn Dûm and Ram Dúath, which leads to the southern lands, bears much Angmarim traffic. Messengers and patrols move along this path, winding through the haunted ways of Imlad Balchorth.&#13;&#10;&#13;&#10;'Perhaps because of the dread of that place, the traffic through Imlad Balchorth is lightly-guarded. I would ask you to find the Angmarim patrols and messengers and waylay them, bearing back any orders they carry, along with any wealth in the form of pay-boxes they may be carrying.&#13;&#10;&#13;&#10;'I know this speaks of mere brigandry, but on the one hand, the loss of those orders may delay war-like plans of the Angmarim and Orcs already in the North Downs...and on the other hand, without those funds, their trade with some of the less-reputable merchants of the south and east may be affected, and their own men may be unwilling to move if they are not paid. So in this case, to be a highwayman may not be such a bad thing.'" objectives="Objective 1:&#13;&#10;Angmarim patrols can be found on the roads in Imlad Balchorth, west of Myrkworth.&#13;&#10;&#13;&#10;Birgir has asked you to waylay Angmarim patrols and recover any orders or money-boxes they may be carrying.&#13;&#10;• Bring the orders and the money-box back to Birgir (Birgir)&#13;&#10;• Turn in Angmarim-orders&#13;&#10;• Turn in Money-box">
<prerequisites>
<prerequisite name="Vol._I%2C_Book_6%2C_Chapter_6%3A_Challenging_the_Stone"/>
</prerequisites>
<nextQuests>
<nextQuest name="M%C3%BAl_Kholuim%2C_The_Keeper_of_Books"/>
</nextQuests>
<rewards>
<money gold="0" silver="24" copper="15"/>
<reputation>
<reputationItem faction="Council of the North" amount="500"/>
</reputation>
</rewards>
</quest>
