<?xml version="1.0" encoding="UTF-8"?>
<quest id="1879057306" key="Master_of_Maethad" title="Master of Maethad" category="Angmar" scope="" questArc="Master of the Maethad" minimumLevel="43" type="STANDARD" size="FELLOWSHIP" faction="FREE_PEOPLES" repeatable="false" instanced="false" description="Hwati has told you that now that you have Ronkûrz' mace, you can draw forth Khurrákh, the Master of Maethad, and challenge him." bestower="Hwati (Dwarf)" bestowerText="'We are now ready to strike at the very heart of Maethad, its master: Khurrákh. He is a great and terrible Gorthorog, having slain many to achieve and keep his position. Defeating him will not be easy, but must be done, if Maethad's threat is to be ended.&#13;&#10;&#13;&#10;'Take Ronkûrz' mace and enter the centre of Maethad. From what we have been told of what happens there, you should find something the Gertheryg call the &quot;Ushum-ghâsh&quot; in the centre of Maethad. Once there, display Ronkûrz' mace near the fire. Khurrákh will have no choice but to face you. His sense of &quot;honour,&quot; if a such a concept exists within a Gorthorog, will force him to fight you.&#13;&#10;&#13;&#10;'It will not be an easy fight, but it must be done.'" objectives="Objective 1:&#13;&#10;Maethad is north and east of Gabilshathûr.&#13;&#10;&#13;&#10;Hwati has instructed you to enter the centre of Maethad and use the Ushum-ghâsh to draw Khurrákh forth.&#13;&#10;• Defeat Khurrákh (Khurrákh, Master of Maethad)&#13;&#10;• Use Ushum-ghâsh&#13;&#10;• Turn in Ronkûrz' Mace&#13;&#10;Objective 2:&#13;&#10;Hwati is back at Gabilshathûr, west and south of Maethad.&#13;&#10;&#13;&#10;Having defeated Khurrákh, you should return to Hwati and tell him the tale of your deeds.&#13;&#10;• Turn in Ronkûrz' Mace">
<prerequisites>
<prerequisite name="Champion_of_Maethad"/>
</prerequisites>
<nextQuests>
<nextQuest name="The_Northern_Cousin"/>
<nextQuest name="Onward_to_Gath_Forthn%C3%ADr"/>
</nextQuests>
<rewards>
<money gold="0" silver="48" copper="30"/>
<selectOneOf>
<object name="Maedgaim" pageURL="/wiki/Armour:Maedgaim" iconURL="http://content.turbine.com/sites/lorebook.lotro.com/images/icons/item/hands/eq_angmar_heavy_hands_02.png" quantity="1"/>
<object name="Neldil" pageURL="/wiki/Weapon:Neldil" iconURL="http://content.turbine.com/sites/lorebook.lotro.com/images/icons/item/weapon_bow/eq_angmar_bow_04.png" quantity="1"/>
<object name="Khurrákh's Vanquisher" pageURL="/wiki/Weapon:Khurrákh's_Vanquisher" iconURL="http://content.turbine.com/sites/lorebook.lotro.com/images/icons/item/weapon_mace/eq_angmar_1hclub_03.png" quantity="1"/>
<object name="Khurrákh's Demise" pageURL="/wiki/Item:Khurrákh's_Demise" iconURL="http://content.turbine.com/sites/lorebook.lotro.com/images/icons/item/jewelry/eq_angmar_earring_03.png" quantity="1"/>
<object name="Hwati's Gratitude" pageURL="/wiki/Item:Hwati's_Gratitude" iconURL="http://content.turbine.com/sites/lorebook.lotro.com/images/icons/item/jewelry/eq_new_angmar_earring_03.png" quantity="1"/>
</selectOneOf>
</rewards>
</quest>
