<?xml version="1.0" encoding="UTF-8"?>
<quest id="1879048544" key="Prologue:_Greater_Responsibility" title="Prologue: Greater Responsibility" category="Epic - Vol. I, Prologue" scope="Epic" questArc="Bree-land Epic Prologue" minimumLevel="6" type="EPIC" size="SOLO" faction="FREE_PEOPLES" repeatable="false" instanced="false" description="According to Ellie, someone named Jagger Jack trains the wolves deep within the Blackwold Hideout. She met him when she was brought there and felt very ill at ease in the area." bestower="Ellie Cutleaf (NPC)" bestowerText="'When Skunkwood took me to the Blackwold's encampment in the Chetwood, I met Jagger Jack. Jack is training the wolves for the Blackwolds. He keeps most o' them deep in the ruins in the north parts of the woods.&#13;&#10;&#13;&#10;'If we're going to put a stop to the Blackwolds, then we may need to do a little mischief o' our own. I'm not wont to do this, mind you, but we need to stop them wolves before they're used against Combe.&#13;&#10;&#13;&#10;'Leecher Cartwell can help us and will. Talk to him at his house, up on the cliff south of Combe centre. Tell him that I need a poison to kill the wolves.'" objectives="Objective 1:&#13;&#10;Leecher Cartwell's house overlooks Combe on the road south towards Bree.&#13;&#10;&#13;&#10;Ellie Cutleaf has instructed you to acquire some poison from Cartwell, the local leech, to use against the Jagger Jack's wolves.&#13;&#10;• Talk to Leecher Cartwell&#13;&#10;Objective 2:&#13;&#10;There are beehives behind the abandoned house south of Combe. Red berries grow in patches in the valley behind the house. Blackwort root grows near a wolf-den north-east of the Combe lumber camp.&#13;&#10;&#13;&#10;Leecher Cartwell has agreed to make the poison Ellie requested, but needs your assistance gathering the ingredients.&#13;&#10;• Use Beehive&#13;&#10;• Use Blackwort&#13;&#10;• Use Red Berry Bush&#13;&#10;Objective 3:&#13;&#10;Cartwell's house is on a low cliff in the south-west corner of Combe.&#13;&#10;&#13;&#10;Your search for Cartwell's herbs and honey took you into danger, but your efforts were fruitful. You should return at once to Cartwell with the ingredients.&#13;&#10;• Talk to Leecher Cartwell&#13;&#10;• Turn in Blackwort-root&#13;&#10;• Turn in Honeycomb&#13;&#10;• Turn in Red Berries&#13;&#10;Objective 4:&#13;&#10;Ellie Cutleaf's home is in the north-west corner of Combe, on the banks of the pond.&#13;&#10;&#13;&#10;After a short distilling process, Cartwell handed you a sweet-smelling phial. He assured you that the poison would kill the wolves threatening the Chetwood and the inhabitants of Combe, then sent you back to Ellie Cutleaf.&#13;&#10;• Return to Ellie Cutleaf in Combe (Ellie Cutleaf)&#13;&#10;• Turn in Cartwell's Poison">
<prerequisites>
<prerequisite name="Prologue%3A_Cutleaf%27s_Good_Intentions"/>
</prerequisites>
<nextQuests>
<nextQuest name="Prologue%3A_A_Critical_Strike"/>
</nextQuests>
<rewards>
<money gold="0" silver="0" copper="90"/>
</rewards>
</quest>
