<?xml version="1.0" encoding="UTF-8"?>
<quest id="1879048627" key="The_Enemy%27s_Arms" title="The Enemy's Arms" category="Urugarth" scope="" questArc="Skinning Beasts" minimumLevel="44" type="STANDARD" size="FELLOWSHIP" faction="FREE_PEOPLES" repeatable="false" instanced="false" description="The resistance at Gath Forthnír needs equipment if they are to make a stand against Carn Dûm." bestower="Throst (NPC)" bestowerText="'Our stores of weapons run low, and we lack the materials to craft more. Without proper weapons, our cause seems hopeless. Unless....&#13;&#10;&#13;&#10;'There is a possibility. We can pillage the supplies of the Enemy at Carn Dûm and bring them back here where they can be reforged. Not only will we increase our store of weapons, we will take the same out of the hands of the Enemy.&#13;&#10;&#13;&#10;'If you will, travel west into Urugarth and spirit away their weapon crates. When you have the crates, return to me.'" objectives="Objective 1:&#13;&#10;Urugarth is in Carn Dûm to the west of Gath Forthnír.&#13;&#10;&#13;&#10;Throst devised a clever plan to steal supplies from the Enemy and use them to equip the resistance at Gath Forthnír.&#13;&#10;• Use Weapon-crate&#13;&#10;Objective 2:&#13;&#10;Throst is at Gath Forthnír, east of Carn Dûm.&#13;&#10;&#13;&#10;You should return to Throst with tidings of your victory.&#13;&#10;• Talk to Throst&#13;&#10;• Turn in Assorted Weapons">
<prerequisites>
<prerequisite name="Vol._I%2C_Book_6%2C_Chapter_6%3A_Challenging_the_Stone"/>
</prerequisites>
<nextQuests>
<nextQuest name="Skinning_the_Beasts"/>
</nextQuests>
<rewards>
<money gold="0" silver="49" copper="0"/>
<selectOneOf>
<object name="Uruk Iron Club" pageURL="/wiki/Weapon:Uruk_Iron_Club" iconURL="http://content.turbine.com/sites/lorebook.lotro.com/images/icons/item/weapon_mace/eq_angmar_1hclub_04.png" quantity="1"/>
<object name="Uruk Iron Two-Handed Club" pageURL="/wiki/Weapon:Uruk_Iron_Two-Handed_Club" iconURL="http://content.turbine.com/sites/lorebook.lotro.com/images/icons/item/weapon_sword/eq_angmar_2hclub_02.png" quantity="1"/>
</selectOneOf>
</rewards>
</quest>
