<?xml version="1.0" encoding="UTF-8"?>
<quest id="1879048511" key="Took_and_a_Tower" title="Took and a Tower" category="Shire" scope="" questArc="Took and Tower" minimumLevel="8" type="STANDARD" size="SOLO" faction="FREE_PEOPLES" repeatable="false" instanced="false" description="Esilia Took told you that Gerebert finally made it to her house and told a fantastic tale of his journey aboard Longo's waggon." bestower="Esilia Took (NPC)" bestowerText="'You wouldn't believe Gerebert's tale. It seems that hiding aboard Longo's waggon took him much further than anyone would have expected. You simply must talk to him. The poor fellow is inside my house, just shaking something terrible.'" objectives="Objective 1:&#13;&#10;Gerebert Took is inside Esilia's house.&#13;&#10;&#13;&#10;Esilia Took thanked you for rescuing her cousin and told you that Gerebert spun an astounding tale. She recommended that you go inside and speak with him yourself.&#13;&#10;• Talk to Gerebert Took&#13;&#10;Objective 2:&#13;&#10;Paladin Took, the Thain, is at the Great Smials in Tuckborough.&#13;&#10;&#13;&#10;Esilia Took sent you into her house to speak with her cousin, Gerebert. Gerebert told you a fantastic tale about a terrible tower in far away lands, where he saw a strange, robed man named Sharkey. He asked you to tell his story to the Thain.&#13;&#10;• Talk to Thain Paladin Took II">
<prerequisites>
<prerequisite name="Old_Odo%27s_Leaf-Farm"/>
</prerequisites>
<rewards>
<selectOneOf>
<object name="Paladin's Earring" pageURL="/wiki/Item:Paladin's_Earring" iconURL="http://content.turbine.com/sites/lorebook.lotro.com/images/icons/item/jewelry/eq_shire_earring_02.png" quantity="1"/>
<object name="Paladin's Bracelet" pageURL="/wiki/Item:Paladin's_Bracelet" iconURL="http://content.turbine.com/sites/lorebook.lotro.com/images/icons/item/jewelry/eq_shire_bracelet_01.png" quantity="1"/>
<object name="Paladin's Hat" pageURL="/wiki/Armour:Paladin's_Hat" iconURL="http://content.turbine.com/sites/lorebook.lotro.com/images/icons/item/head/eq_shire_light_head_03.png" quantity="1"/>
<object name="Paladin's Shoulders" pageURL="/wiki/Armour:Paladin's_Shoulders" iconURL="http://content.turbine.com/sites/lorebook.lotro.com/images/icons/item/shoulders/eq_shire_medium_shoulder_03.png" quantity="1"/>
<object name="Paladin's Club" pageURL="/wiki/Weapon:Paladin's_Club" iconURL="http://content.turbine.com/sites/lorebook.lotro.com/images/icons/item/weapon_mace/eq_shire_1hclub_04.png" quantity="1"/>
<object name="Sturdy Took Dagger" pageURL="/wiki/Weapon:Sturdy_Took_Dagger" iconURL="http://content.turbine.com/sites/lorebook.lotro.com/images/icons/item/weapon_dagger/eq_shire_dagger_04.png" quantity="1"/>
</selectOneOf>
</rewards>
</quest>
