<?xml version="1.0" encoding="UTF-8"?>
<quest id="1879048263" key="Earned_Trust" title="Earned Trust" category="Lone-lands" scope="" questArc="" minimumLevel="21" type="STANDARD" size="SOLO" faction="FREE_PEOPLES" repeatable="false" instanced="false" description="Hunulf and Gadaric Munce agree that your efforts have aided their people, and they believe you should meet with their leader." bestower="Hunulf Munce (NPC)" bestowerText="'My brother and I agree that you are a proven ally, (your name). Though there is much to do here in Annunlos, I would ask that you find your way to the east. There are others of my kind who will want to speak with you.&#13;&#10;&#13;&#10;'Where Nain Enidh meets Talath Gaun, look to the north, for there you will find Ost Guruth, the home of the Eglain. Our people are not accustomed to visitors, and they will not treat with you in a manner to which you are used. Do not be deterred by their hesitance. They are unused to outsiders, but they have need of adventurers willing to help with their troubles.&#13;&#10;&#13;&#10;'Speak with Frideric the Elder and tell him of the deeds you have performed on behalf of Hunulf Munce and his brother Gadaric, and Frideric will explain the threat facing our people.'" objectives="Objective 1:&#13;&#10;The ruins of Ost Guruth lie near the Great East Road, where Nain Enidh meets Talath Gaun.&#13;&#10;&#13;&#10;Hunulf Munce, convinced you could be of great assistance to his people, has asked you to go to the home of the Eglain, Ost Guruth, and speak with Frideric the Elder.&#13;&#10;• Talk to Frideric the Elder at Ost Guruth (Frideric the Elder)">
<prerequisites>
<prerequisite name="Sever_the_White_Hand"/>
</prerequisites>
<rewards>
<money gold="0" silver="5" copper="20"/>
<reputation>
<reputationItem faction="Eglain" amount="1200"/>
</reputation>
</rewards>
</quest>
