<?xml version="1.0" encoding="UTF-8"?>
<quest id="1879052746" key="Help_from_the_South" title="Help from the South" category="Angmar" scope="" questArc="" minimumLevel="44" type="STANDARD" size="SMALL_FELLOWSHIP" faction="FREE_PEOPLES" repeatable="false" instanced="false" description="Scouts from Esteldín have been trying to break the lines and reach Gath Forthnír. So far, none have been successful." bestower="Areneth (NPC)" bestowerText="'A scout from Esteldín, Muiladan, needs your help, and time is of the essence. If the Enemy discovers him, they will redouble their efforts to attack us before help arrives.&#13;&#10;&#13;&#10;'Escort him through the valley from his hiding place south of here, atop a ridge that overlooks Nan Gurth. The terrain is treacherous, and there are many dangers on the way to Gath Forthnír.&#13;&#10;&#13;&#10;'His companions will not be far behind, and with their numbers, they should have little trouble fighting their way to us, if need be.'" objectives="Objective 1:&#13;&#10;Muiladan waits in the valley to the south.&#13;&#10;&#13;&#10;Areneth asked you to escort Muiladan, a scout from Esteldín, to the Ranger-encampment at Gath Forthnír.&#13;&#10;• Find Muiladan&#13;&#10;Objective 2:&#13;&#10;Areneth is at Gath Forthnír to the north.&#13;&#10;&#13;&#10;Muiladan survived the journey north and will be able to lead his companions to the hidden camp.&#13;&#10;• Talk to Areneth">
<rewards>
<money gold="0" silver="39" copper="20"/>
<reputation>
<reputationItem faction="Council of the North" amount="700"/>
</reputation>
<selectOneOf>
<object name="Scout's Helmet" pageURL="/wiki/Armour:Scout's_Helmet" iconURL="http://content.turbine.com/sites/lorebook.lotro.com/images/icons/item/head/eq_angmar_medium_head_04.png" quantity="1"/>
<object name="Areneth's Hammer" pageURL="/wiki/Weapon:Areneth's_Hammer" iconURL="http://content.turbine.com/sites/lorebook.lotro.com/images/icons/item/weapon_mace/eq_angmar_1hhammer_02.png" quantity="1"/>
<object name="Brocham" pageURL="/wiki/Armour:Brocham" iconURL="http://content.turbine.com/sites/lorebook.lotro.com/images/icons/item/chest/eq_angmar_heavy_chest_03.png" quantity="1"/>
</selectOneOf>
</rewards>
</quest>
