<?xml version="1.0" encoding="UTF-8"?>
<quest id="1879051744" key="Honey-bears" title="Honey-bears" category="Shire" scope="" questArc="Long Live the Queen" minimumLevel="5" type="STANDARD" size="SOLO" faction="FREE_PEOPLES" repeatable="false" instanced="false" description="Farmer Polo Proudfoot has had trouble with bears raiding his beehives and killing his bees." bestower="Polo Proudfoot (Hobbit)" bestowerText="'Hallo there! I wonder if you can help me out for a few minutes. I've had problems with bears from the hills nearby raiding my beehives for honey. I need someone who isn't afraid of bears to fend them off and protect the hives.&#13;&#10;&#13;&#10;'My hives are right over there. The bears have killed the bees in all the hives except the middle one. I have it closed right now to protect the bees, but they'll be in trouble soon if the hives aren't opened. If you'll help me, I'll open the hive, and I'm sure the bears will soon return.'" objectives="Objective 1:&#13;&#10;Farmer Proudfoot closed his hives to protect his bees from marauding honey-bears, but they cannot be kept closed or harm will still come to his bees. He has asked you to fend off any bears that are drawn to the honey.&#13;&#10;• Protect Polo and fight off all the bears&#13;&#10;Objective 2:&#13;&#10;Now that you've driven off the bears, talk to Polo Proudfoot again for your reward.">
<nextQuests>
<nextQuest name="A_Salve_for_Stings"/>
</nextQuests>
<rewards>
<money gold="0" silver="0" copper="90"/>
<object name="Gift Mathom" pageURL="/wiki/Item:Gift_Mathom" iconURL="http://content.turbine.com/sites/lorebook.lotro.com/images/icons/item/reputation/it_reputation_shire_mathoms_gift.png" quantity="1"/>
<selectOneOf>
<object name="Eggs and Onions" pageURL="/wiki/Item:Eggs_and_Onions" iconURL="http://content.turbine.com/sites/lorebook.lotro.com/images/icons/item/food/it_food_eggs_and_onions.png" quantity="5"/>
<object name="Fine Dagger" pageURL="/wiki/Weapon:Fine_Dagger_(Level_9)" iconURL="http://content.turbine.com/sites/lorebook.lotro.com/images/icons/item/weapon_dagger/eq_shire_dagger_02.png" quantity="1"/>
</selectOneOf>
</rewards>
</quest>
