<?xml version="1.0" encoding="UTF-8"?>
<quest id="1879051640" key="Prologue:_Goblin_Foothold" title="Prologue: Goblin Foothold" category="Epic - Vol. I, Prologue" scope="Epic" questArc="Shire Epic Prologue" minimumLevel="8" type="EPIC" size="SOLO" faction="FREE_PEOPLES" repeatable="false" instanced="false" description="Halros has defeated a scouting party of goblins in the Greenfields and believes that the creatures have established a foothold somewhere to the north." bestower="Halros (NPC)" bestowerText="'While I am not from the Shire, my kindred are sworn to defend its folk against all threats. I am what the folk of Bree would call a Ranger. If you will aid me in my task, you will have my gratitude, $PLAYER$.&#13;&#10;&#13;&#10;'The goblin encampment must be somewhere to the north, but I have not yet had an opportunity to track these goblins. We should each set out in opposite directions and search the north Greenfields. If you find the encampment, thin their numbers as much you can, then return here to my camp. I will do the same.&#13;&#10;&#13;&#10;'For the sake of the good folk who make their homes in this peaceful place, I hope we find the lair of these goblins, $PLAYER$.'" objectives="Objective 1:&#13;&#10;The goblin encampment is either to the north-east or north-west of Halros's camp.&#13;&#10;&#13;&#10;Halros told you he had not had a chance to track the origin of the goblins he defeated and has asked you to help him search for their camp. He also instructed you to thin their numbers as much as you can.&#13;&#10;• Defeat goblins (10)&#13;&#10;Objective 2:&#13;&#10;Halros is camped east of Brockenborings, at the end of the stone wall.&#13;&#10;&#13;&#10;Halros sent you to search for the goblins' camp at one corner of the north Greenfields, while he searched the other. He will be pleased to hear that you have discovered the location of the goblin encampment and defeated some of the goblins there.&#13;&#10;• Talk to Halros">
<prerequisites>
<prerequisite name="Prologue%3A_The_Aid_of_Halros"/>
</prerequisites>
<nextQuests>
<nextQuest name="Prologue%3A_Troubles_To_Come"/>
</nextQuests>
<rewards>
<money gold="0" silver="1" copper="5"/>
<object name="Goluechor" pageURL="/wiki/Item:Goluechor" iconURL="http://content.turbine.com/sites/lorebook.lotro.com/images/icons/item/jewelry/eq_shire_bracelet_03.png" quantity="1"/>
<object name="Halros' Longsword" pageURL="/wiki/Weapon:Halros'_Longsword" iconURL="http://content.turbine.com/sites/lorebook.lotro.com/images/icons/item/weapon_sword/eq_shire_1hsword_03.png" quantity="1"/>
</rewards>
</quest>
