<?xml version="1.0" encoding="UTF-8"?>
<quest id="1879048288" key="A_Burglar%27s_Errand" title="A Burglar's Errand" category="Burglar" scope="" questArc="" minimumLevel="30" type="STANDARD" size="SOLO" faction="FREE_PEOPLES" repeatable="false" instanced="false" description="A burglar hones his skill by thieving items of little worth, but these excursions are mere dalliances when the fate of the Free Peoples is at stake." bestower="Fastred Burrows (NPC)" bestowerText="'I have a message for you, (your name)...a secret message. The message is: &quot;Palma Brownlock waits for you at The Forsaken Inn.&quot;&#13;&#10;&#13;&#10;'I don't have any more information for you than this...and for your own good, I'll not tell you where I heard it.'" objectives="Objective 1:&#13;&#10;Palma Brownlock is waiting for you at The Forsaken Inn in the Lone-lands, just off the Great East Road.&#13;&#10;&#13;&#10;You received a mysterious message that one \qPalma Brownlock\q is waiting to speak with you.&#13;&#10;• Talk to Palma Brownlock&#13;&#10;Objective 2:&#13;&#10;Palma Brownlock is at The Forsaken Inn in the Lone-lands.&#13;&#10;&#13;&#10;Palma Brownlock is waiting to travel with you to the hideout of the half-orcs that stole the sword she mentioned.&#13;&#10;• Talk to Palma Brownlock and travel to Naerost&#13;&#10;Objective 3:&#13;&#10;Palma Brownlock is at The Forsaken Inn in the Lone-lands.&#13;&#10;&#13;&#10;Palma Brownlock is waiting to speak with you about your successful infiltration of Naerost.&#13;&#10;• Talk to Palma Brownlock&#13;&#10;• Turn in Medhrod">
<requiredClass name="Burglar"/>
<rewards>
<money gold="0" silver="17" copper="85"/>
<trait id="Appraising_Eye" name="Appraising Eye"/>
<selectOneOf>
<object name="Brownlock's Knife" pageURL="/wiki/Weapon:Brownlock's_Knife" iconURL="http://content.turbine.com/sites/lorebook.lotro.com/images/icons/item/weapon_dagger/eq_class_dagger_01.png" quantity="1"/>
<object name="Ghost-walker's Cloak" pageURL="/wiki/Armour:Ghost-walker's_Cloak" iconURL="http://content.turbine.com/sites/lorebook.lotro.com/images/icons/item/back/eq_class_back_01.png" quantity="1"/>
</selectOneOf>
</rewards>
</quest>
