<?xml version="1.0" encoding="UTF-8"?>
<quest id="1879048199" key="Finding_the_Nest" title="Finding the Nest" category="Shire" scope="" questArc="Spider Plague" minimumLevel="6" type="STANDARD" size="SOLO" faction="FREE_PEOPLES" repeatable="false" instanced="false" description="Otho is concerned that the spiders infesting his waggon seem to have run off. They may now be a danger elsewhere in the Shire." bestower="Otho Broadbelt (NPC)" bestowerText="'I hate to make more work for you, but it seems that the spiders infesting my waggon have run off somewhere. If they grow and breed, they may become a threat elsewhere in the Shire.&#13;&#10;&#13;&#10;'I think you should report this to the Shirriff in Hobbiton, Robin Smallburrow, and see what he thinks should be done. Robin Smallburrow can usually be found at The Ivy Bush Inn in Hobbiton town centre.&#13;&#10;&#13;&#10;'The last thing the Shire needs is an infestation of spiders nearly as big as a hobbit!'" objectives="Objective 1:&#13;&#10;Robin Smallburrow can be found at The Ivy Bush Inn in the centre of Hobbiton.&#13;&#10;&#13;&#10;Otho thinks that the Shirriffs should be made aware of the danger the spiders may pose and has asked you to speak with Robin Smallburrow, the Shirriff in Hobbiton.&#13;&#10;• Talk to Shirriff Robin Smallburrow&#13;&#10;Objective 2:&#13;&#10;There may be spiders in the Bindbole Wood, north and north-west of Overhill.&#13;&#10;&#13;&#10;Otho Broadbelt sent you to speak with Robin Smallburrow about the spiders, but the Hobbiton Shirriff had already received reports about the creatures in Bindbole Wood. Shirriff Smallburrow has asked you to kill as many of the spiders as you can, but also to find their nest.&#13;&#10;• Defeat spiders (6)&#13;&#10;• Find the spiders' nest&#13;&#10;Objective 3:&#13;&#10;Robin Smallburrow can be found in the Ivy Bush in the centre of Hobbiton.&#13;&#10;&#13;&#10;Shirriff Smallburrow sent you to deal with the spider threat in Bindbole Wood and to discover the location of their nest. You should report back to Robin Smallburrow with news of your success.&#13;&#10;• Talk to Shirriff Robin Smallburrow">
<prerequisites>
<prerequisite name="Spider_Plague"/>
</prerequisites>
<nextQuests>
<nextQuest name="Untangled_Webs"/>
</nextQuests>
<rewards>
<money gold="0" silver="0" copper="90"/>
</rewards>
</quest>
