<?xml version="1.0" encoding="UTF-8"?>
<quest id="1879051452" key="Cutting_off_the_Hand" title="Cutting off the Hand" category="Lone-lands" scope="" questArc="Angmar's Army" minimumLevel="26" type="STANDARD" size="SOLO" faction="FREE_PEOPLES" repeatable="false" instanced="false" description="Ivar left a captain in command of the wights, more powerful than the protectors." bestower="Eriac the Strong (NPC)" bestowerText="'(your name), there is a terror in this swamp leading the dead foe here. Reykur remains in command of the wight-army, and they are not broken. According to Radagast the Brown, he is one of Ivar's most trusted minions. Slay him, and the wights will be without guidance.&#13;&#10;&#13;&#10;'I have no doubt you will find Reykur skulking in the ruins beyond the wights' camp. Since you have proven able to slay his underlings, he will be more cautious and make you come to him.&#13;&#10;&#13;&#10;'Be wary, but do not delay. This threat must be brought to an end.'" objectives="Objective 1:&#13;&#10;Reykur will likely be found at the furthest chambers of the ruins where the wights are encamped.&#13;&#10;&#13;&#10;Eriac has asked you to kill the gaunt-man Reykur, Ivar's captain among the wights. Because of your victory over other wights, Eriac believes Reykur may be waiting for you.&#13;&#10;• Defeat Reykur (Reykur)&#13;&#10;Objective 2:&#13;&#10;Eriac awaits you at the Eglan-camp in the southern reaches of Agamaur.&#13;&#10;&#13;&#10;You have killed Reykur, throwing the remnant of the wight-army into confusion. Eriac will want to hear of your success.&#13;&#10;• Talk to Eriac at the Eglan-camp in Agamaur (Eriac the Strong)">
<nextQuests>
<nextQuest name="Ivar_the_Blood-hand"/>
</nextQuests>
<rewards>
<money gold="0" silver="18" copper="20"/>
<reputation>
<reputationItem faction="Eglain" amount="700"/>
</reputation>
<selectOneOf>
<object name="Cap of the Eglain" pageURL="/wiki/Armour:Cap_of_the_Eglain" iconURL="http://content.turbine.com/sites/lorebook.lotro.com/images/icons/item/head/eq_lonelands_light_head_02.png" quantity="1"/>
<object name="Gauntlets of the Eglain" pageURL="/wiki/Armour:Gauntlets_of_the_Eglain" iconURL="http://content.turbine.com/sites/lorebook.lotro.com/images/icons/item/hands/eq_lonelands_medium_hands_02.png" quantity="1"/>
<object name="Reykur's Fall" pageURL="/wiki/Weapon:Reykur's_Fall" iconURL="http://content.turbine.com/sites/lorebook.lotro.com/images/icons/item/weapon_mace/eq_lonelands_1hclub_02.png" quantity="1"/>
<object name="Reykur's Foil" pageURL="/wiki/Weapon:Reykur's_Foil" iconURL="http://content.turbine.com/sites/lorebook.lotro.com/images/icons/item/weapon_mace/eq_lonelands_1hhammer_03.png" quantity="1"/>
<object name="Shield of the Strong" pageURL="/wiki/Armour:Shield_of_the_Strong" iconURL="http://content.turbine.com/sites/lorebook.lotro.com/images/icons/item/shield/eq_lonelands_medium_shield_04.png" quantity="1"/>
</selectOneOf>
</rewards>
</quest>
