<?xml version="1.0" encoding="UTF-8"?>
<quest id="1879050074" key="Sharkey%27s_Plan" title="Sharkey's Plan" category="Bree-land" scope="" questArc="The Baying of Wolves" minimumLevel="11" type="STANDARD" size="SOLO" faction="FREE_PEOPLES" repeatable="false" instanced="false" description="Sharkey's Men have holed up in a camp they call the Brigands' Watch. Grimbriar wants you to go there and gather information about Sharkey and his plans." bestower="Chief Watcher Grimbriar (NPC)" bestowerText="'With your help we draw ever closer to shutting out this upstart, Sharkey. We are closing in more and more on his location and the size of his force.&#13;&#10;&#13;&#10;'We now know that the Brigands' Watch, to the west of here in the foothills of Bree-land, is a staging ground for future assaults. The brigands' captain hands out orders from Sharkey himself to his lieutenants.&#13;&#10;&#13;&#10;'Likely they are kept somewhere safe: a lockbox or even on his person. We need those orders. Head to the Brigands' Watch and get those orders.'" objectives="Objective 1:&#13;&#10;The Brigands' Watch sits on a hill north of Adso's camp, and directly west of Grimbriar's Post. Watcher Grimbriar is at his post near the crossroads of Bree.&#13;&#10;&#13;&#10;Grimbriar has instructed you to search the tent of the brigand-captain at the Brigands' Watch to find any correspondence from Sharkey that may divulge information about his plans.&#13;&#10;• Bring the letter to Chief Watcher Grimbriar (Chief Watcher Grimbriar)&#13;&#10;• Turn in Stained Letter">
<prerequisites>
<prerequisite name="Rogue%27s_Gallery"/>
</prerequisites>
<nextQuests>
<nextQuest name="The_Vale_of_Andrath"/>
<nextQuest name="Orc-slayer"/>
</nextQuests>
<rewards>
<money gold="0" silver="1" copper="80"/>
<reputation>
<reputationItem faction="Men of Bree" amount="700"/>
</reputation>
<selectOneOf>
<object name="Saeradan's Shoulder Guards" pageURL="/wiki/Armour:Saeradan's_Shoulder_Guards" iconURL="http://content.turbine.com/sites/lorebook.lotro.com/images/icons/item/shoulders/eq_breeland_medium_shoulder_02.png" quantity="1"/>
<object name="Lesser Athelas Essence" pageURL="/wiki/Item:Lesser_Athelas_Essence" iconURL="http://content.turbine.com/sites/lorebook.lotro.com/images/icons/item/potion/it_potion_morale_instant_tier1.png" quantity="2"/>
</selectOneOf>
</rewards>
</quest>
