<?xml version="1.0" encoding="UTF-8"?>
<quest id="1879048389" key="Crafting:_Stonesmasher%27s_Pupils" title="Crafting: Stonesmasher's Pupils" category="Crafting" scope="Crafting" questArc="" minimumLevel="6" type="STANDARD" size="SOLO" faction="FREE_PEOPLES" repeatable="false" instanced="false" description="Gríss Stonesmasher would like to teach some of his students how to forge weapons out of bronze and wants you to bring him some of the pieces." bestower="Gríss Stonesmasher (NPC)" bestowerText="'Hello there! Do you have an ear to lend a teacher of weaponsmithy? I am glad to hear it, for time is precious and should not be wasted in dull conversation!&#13;&#10;&#13;&#10;'I have need of several examples of bronze craftwork I can use to teach some pupils of mine the art of weaponsmithing. I have other demands on my time and cannot spend it preparing the examples.&#13;&#10;&#13;&#10;'If you bring me two bronze blades and two bronze hilts, I will give you some coins for the favour, and a few leftover materials I do not plan on using.'" objectives="Objective 1:&#13;&#10;Gríss Stonesmasher is in the Forging Hall inside Thorin's Hall.&#13;&#10;&#13;&#10;Gríss Stonesmasher asked you to bring him two bronze blades and two bronze hilts for him to use as examples for some of his weaponsmithy pupils.&#13;&#10;• Bring bronze blades and bronze hilts to Gríss Stonesmasher (Gríss Stonesmasher)&#13;&#10;• Turn in Bronze Blade&#13;&#10;• Turn in Bronze Hilt">
<rewards>
<money gold="0" silver="1" copper="70"/>
<object name="Bronze Ingot" pageURL="/wiki/Item:Bronze_Ingot" iconURL="http://content.turbine.com/sites/lorebook.lotro.com/images/icons/item/component/it_craft_bronze_ingot.png" quantity="6"/>
<selectOneOf>
<object name="Plank of Treated Rowan" pageURL="/wiki/Item:Plank_of_Treated_Rowan" iconURL="http://content.turbine.com/sites/lorebook.lotro.com/images/icons/item/component/it_craft_treated_rowan.png" quantity="3"/>
<object name="Chunk of Copper Ore" pageURL="/wiki/Item:Chunk_of_Copper_Ore" iconURL="http://content.turbine.com/sites/lorebook.lotro.com/images/icons/item/resource/it_craft_copper_ore.png" quantity="2"/>
</selectOneOf>
</rewards>
</quest>
