<?xml version="1.0" encoding="UTF-8"?>
<quest id="1879052812" key="The_Lost_Dwarves" title="The Lost Dwarves" category="Angmar" scope="" questArc="" minimumLevel="41" type="STANDARD" size="SOLO" faction="FREE_PEOPLES" repeatable="false" instanced="false" description="Torcuil was grateful for the help you have offered his people and told you that his people needs additional allies if they are to survive under Angmar's harsh rule. He told you about a tale he has heard of dwarves living in Angmar's shadow and wonders if they could be allies for his people in the future." bestower="Torcuil (NPC)" bestowerText="'You have done much to help us here in Tyrn Lhuig. It is not easy for us to accept such aid. In fact, it was not that long ago that we would have refused such help, but in the face of Angmar's growing might, such aid is necessary if we are to survive. Even though I am not a leader among my people, I can see we need allies.&#13;&#10;&#13;&#10;'Such allies might be found to the east, if the tales are true. It is told that past the Rammas Deluon there is a dwarf-holding. They could prove to be good allies for my people against Angmar in the future.&#13;&#10;&#13;&#10;'If you would heed the words of a mere merchant, travel past the Rammas Deluon and look for these lost dwarves. The dwarves' hall should be somewhere south of Duvuinen.'" objectives="Objective 1:&#13;&#10;The dwarf-holding is east of Rammas Deluon and south of Duvuinen.&#13;&#10;&#13;&#10;The merchant Torcuil asked you to seek the lost dwarves and obtain their allegiance.&#13;&#10;• Find Gabilshathûr&#13;&#10;Objective 2:&#13;&#10;There are many dwarves within Gabilshathûr.&#13;&#10;&#13;&#10;You have discovered hidden holding of the dwarves in Angmar, Gabilshathûr. You should speak with someone within the holding and convey Torcuil's message.&#13;&#10;• Talk to the leader of Gabilshathûr">
<prerequisites>
<prerequisite name="Vol._I%2C_Book_6%2C_Chapter_6%3A_Challenging_the_Stone"/>
<prerequisite name="Blood-pact"/>
<prerequisite name="Machan%27s_Folly"/>
</prerequisites>
<nextQuests>
<nextQuest name="Tools_of_the_Orcs"/>
</nextQuests>
<rewards>
<money gold="0" silver="23" copper="45"/>
</rewards>
</quest>
