<?xml version="1.0" encoding="UTF-8"?>
<quest id="1879048624" key="Lord_of_the_Gertheryg" title="Lord of the Gertheryg" category="Carn Dûm" scope="" questArc="Lord of the Gertheryg" minimumLevel="45" type="STANDARD" size="FELLOWSHIP" faction="FREE_PEOPLES" repeatable="false" instanced="false" description="You fought the trolls of Urugarth with great success, but the leader of the Gertheryg remains a threat." bestower="Táni (NPC)" bestowerText="'I can see why you were sent all the way up here to help us. You did a commendable job back there against the trolls, but there is more work to do.&#13;&#10;&#13;&#10;'The Gertheryg of Carn Dûm are commanded by a vile fiend called Barashal. You must go there and slay him.&#13;&#10;&#13;&#10;'Barashal won't go down without a fight, so be sure to rest well before you head out west into Carn Dûm.'" objectives="Objective 1:&#13;&#10;Barashal is at Carn Dûm, to the west of Tármunn Súrsa.&#13;&#10;&#13;&#10;Táni was impressed by your efforts to purge the trolls from Urugarth and has sent you on another mission: to defeat Barashal, the leader of the Gertheryg.&#13;&#10;• Kill 1 Barashal&#13;&#10;Objective 2:&#13;&#10;Táni is at Tármunn Súrsa, to the east of Carn Dûm.&#13;&#10;&#13;&#10;You defeated Barashal, the Lord of the Gertheryg, in battle and should return to Táni with the tidings of your success.&#13;&#10;• Talk to Táni">
<prerequisites>
<prerequisite name="Moving_Mountains"/>
</prerequisites>
<rewards>
<money gold="0" silver="49" copper="70"/>
<reputation>
<reputationItem faction="Council of the North" amount="900"/>
</reputation>
<selectOneOf>
<object name="Ríadhranc" pageURL="/wiki/Armour:Ríadhranc" iconURL="http://content.turbine.com/sites/lorebook.lotro.com/images/icons/item/shoulders/eq_angmar_light_shoulder_03.png" quantity="1"/>
<object name="Táni's Shoulder Pads" pageURL="/wiki/Armour:Táni's_Shoulder_Pads" iconURL="http://content.turbine.com/sites/lorebook.lotro.com/images/icons/item/shoulders/eq_angmar_medium_shoulder_03.png" quantity="1"/>
<object name="Thenidranc" pageURL="/wiki/Armour:Thenidranc" iconURL="http://content.turbine.com/sites/lorebook.lotro.com/images/icons/item/shoulders/eq_angmar_heavy_shoulder_04.png" quantity="1"/>
<object name="Barashal's Doom" pageURL="/wiki/Weapon:Barashal's_Doom" iconURL="http://content.turbine.com/sites/lorebook.lotro.com/images/icons/item/weapon_dagger/eq_angmar_dagger_04.png" quantity="1"/>
<object name="Methgrist" pageURL="/wiki/Weapon:Methgrist" iconURL="http://content.turbine.com/sites/lorebook.lotro.com/images/icons/item/weapon_sword/eq_angmar_2hsword_02.png" quantity="1"/>
</selectOneOf>
</rewards>
</quest>
