<?xml version="1.0" encoding="UTF-8"?>
<quest id="1879049768" key="Vessel_of_Purity" title="Vessel of Purity" category="Garth Agarwen" scope="" questArc="History of the Red-maid" minimumLevel="26" type="STANDARD" size="FELLOWSHIP" faction="FREE_PEOPLES" repeatable="false" instanced="false" description="Dannasen sent you to the west to collect an urn that the Red-maid used to calm the water before her fall. He directed you to make your way to the eastern side of Agamaur and locate an altar, natural in appearance and guarded by darkwater, and fill the urn with water from near the altar then return to him." bestower="Dannasen (NPC)" bestowerText="'Perhaps thou hast heard whispers of the Red-maid? She was once an innocent creature, but was twisted long ago by the war which raged between Angmar and the North Kingdom. Now the very land has fallen to the Red-maid's pain. To heal that pain, we must first bring innocence and beauty to her sanctum.&#13;&#10;&#13;&#10;'Before her fall, the Red-maid would use an urn to calm the water. The urn is in the west guarded by Ivar's minions.&#13;&#10;&#13;&#10;'Retrieve the urn, then travel to the south-eastern most part of Agamaur. There, seek out a natural altar...thou wilt know it when thou hast seen it, for the wretched darkwater will guard it in force. Fill the urn with water from that place and return to me.'" objectives="Objective 1:&#13;&#10;The urn is in the south-western part of Agamaur.&#13;&#10;&#13;&#10;The shade Dannasen has asked you to recover the Red-maid's urn, fill it with water from an ancient, natural altar, and bring it back to him.&#13;&#10;• Turn in The Urn of Agamaur&#13;&#10;Objective 2:&#13;&#10;The altar is in the south-eastern part of Agamaur.&#13;&#10;&#13;&#10;Fill the urn you collected with water from the area surrounding a natural altar guarded by darkwater.&#13;&#10;• Use The Urn of Agamaur&#13;&#10;• Find the Red-maid's altar&#13;&#10;Objective 3:&#13;&#10;Dannasen is at the Eglain camp, north-west of the Red-maid's altar.&#13;&#10;&#13;&#10;Now that you have filled the urn with water from the area surrounding the altar, you should return to Dannasen.&#13;&#10;• Speak with Dannasen (Dannasen)&#13;&#10;• Turn in The Filled Urn of Agamaur">
<prerequisites>
<prerequisite name="Vol._I%2C_Book_2%2C_Chapter_15%3A_%28Fellowship%29The_Red-pass"/>
<prerequisite name="Vol._I%2C_Book_2%2C_Chapter_15_%28Solo%29%3A_The_Red-pass"/>
</prerequisites>
<nextQuests>
<nextQuest name="For_the_Love_of_Nature"/>
</nextQuests>
<rewards>
<money gold="0" silver="29" copper="12"/>
<reputation>
<reputationItem faction="Eglain" amount="900"/>
</reputation>
<object name="Dannasen's Knife" pageURL="/wiki/Weapon:Dannasen's_Knife" iconURL="http://content.turbine.com/sites/lorebook.lotro.com/images/icons/item/weapon_dagger/eq_lonelands_dagger_03.png" quantity="1"/>
<selectOneOf>
<object name="Menevaib" pageURL="/wiki/Armour:Menevaib" iconURL="http://content.turbine.com/sites/lorebook.lotro.com/images/icons/item/hands/eq_lonelands_light_hands_02.png" quantity="1"/>
<object name="Amarthgol" pageURL="/wiki/Armour:Amarthgol" iconURL="http://content.turbine.com/sites/lorebook.lotro.com/images/icons/item/back/eq_lonelands_back_04.png" quantity="1"/>
<object name="Dorchrist" pageURL="/wiki/Weapon:Dorchrist" iconURL="http://content.turbine.com/sites/lorebook.lotro.com/images/icons/item/weapon_sword/eq_lonelands_2hsword_02.png" quantity="1"/>
<object name="Cracked Rune-stone" pageURL="/wiki/Weapon:Cracked_Rune-stone" iconURL="http://content.turbine.com/sites/lorebook.lotro.com/images/icons/item/weapon_orb/eq_lonelands_orb_fire_02.png" quantity="1"/>
</selectOneOf>
</rewards>
</quest>
