<?xml version="1.0" encoding="UTF-8"?>
<quest id="1879049919" key="Rhudaur%27s_Traitors" title="Rhudaur's Traitors" category="Lone-lands" scope="" questArc="Long Overdue Justice" minimumLevel="26" type="STANDARD" size="SOLO" faction="FREE_PEOPLES" repeatable="false" instanced="false" description="Dannasen, released from Neven's control, seeks not only to fulfil his curse, but also to exact revenge upon the Hillmen of Rhudaur who serve the enigmatic Red-maid of Garth Agarwen." bestower="Dannasen (NPC)" bestowerText="'Thou hast freed me and my brethren, (your name), and for that we owe thee a debt until we have been released or the world is righted. It was the Angmarim and the Hillmen of Rhudaur who caused the bloodshed which corrupted the maiden. They are to blame for our curse.&#13;&#10;&#13;&#10;'The time has come for retribution. My brethren to the south must be made to understand. They must be brought evidence of the evil. Go to the Rhudauran camp in the north-east of Agamaur and gather for me the satchels which the Hillmen carry.&#13;&#10;&#13;&#10;'With thy help, they shall learn of the corruption...they will remember our curse!'" objectives="Objective 1:&#13;&#10;The Hillmen of Rhudaur are encamped in the north-east corner of Agamaur. Dannasen is at the Eglan-camp south-west of the Hillmen.&#13;&#10;&#13;&#10;Dannasen has asked you to bring him the satchels borne by the Hillmen of Rhudaur so that he might find evidence to remind his brethren in the south of the curse that binds them to Middle-earth.&#13;&#10;• Deliver the satchels to Dannasen (Dannasen)&#13;&#10;• Turn in Rhudaurian Satchel">
<prerequisites>
<prerequisite name="Vol._I%2C_Book_2%2C_Chapter_15%3A_%28Fellowship%29The_Red-pass"/>
<prerequisite name="Vol._I%2C_Book_2%2C_Chapter_15_%28Solo%29%3A_The_Red-pass"/>
</prerequisites>
<nextQuests>
<nextQuest name="Rings_of_Rhudaur"/>
<nextQuest name="Relics_of_Rhudaur"/>
<nextQuest name="Arthedain%27s_Lost_Brethren"/>
</nextQuests>
<rewards>
<money gold="0" silver="18" copper="20"/>
<reputation>
<reputationItem faction="Eglain" amount="700"/>
</reputation>
</rewards>
</quest>
