<?xml version="1.0" encoding="UTF-8"?>
<quest id="1879048204" key="Untangled_Webs" title="Untangled Webs" category="Shire" scope="" questArc="Spider Plague" minimumLevel="6" type="STANDARD" size="SOLO" faction="FREE_PEOPLES" repeatable="false" instanced="false" description="The spider nest you discovered is blocked from reach by a mass of monstrous webs, too strong to cut through." bestower="Shirriff Robin Smallburrow (NPC)" bestowerText="'Now we have to find a way through the webs that are blocking the spider-nest you found. Those webs are too tough and sticky to cut through, and we can't burn them without setting the whole wood afire.&#13;&#10;&#13;&#10;'Fortunately, I think I know who can help us. Gammer Boffin up in Overhill is a wise, old lady who knows all kinds of things about herbs and such. I think she'll be able to brew up something to help us deal with those webs. Her home is in the middle of Overhill.&#13;&#10;&#13;&#10;'Perhaps with old Gammer's help, we'll be able to deal with the spider-nest in the woods.'" objectives="Objective 1:&#13;&#10;Gammer Boffin can be found at her home at the centre of Overhill.&#13;&#10;&#13;&#10;Shirriff Smallburrow has sent you to Overhill to speak with Gammer Boffin, an old hobbit with a great knowledge of herb-lore. Robin believes she might know of something to help clear the spider-webs away.&#13;&#10;• Talk to Gammer Boffin&#13;&#10;Objective 2:&#13;&#10;Slugs can be found in Rushock Bog, west of Overhill. Gammer Boffin is at her home in the middle of Overhill.&#13;&#10;&#13;&#10;Robin Smallburrow was sure that Gammer Boffin would know of some mixture that might help remove the webs blocking the spider-nest in Bindbole Wood. You went to Overhill and spoke with Gammer, who sent you to collect six drams of slug-slime.&#13;&#10;• Bring drams of slug-slime to Gammer Boffin (Gammer Boffin)&#13;&#10;• Turn in Dram of Slug-slime">
<prerequisites>
<prerequisite name="Finding_the_Nest"/>
</prerequisites>
<nextQuests>
<nextQuest name="Web-cutter"/>
</nextQuests>
<rewards>
<selectOneOf>
<object name="Boffin's Shoulders" pageURL="/wiki/Armour:Boffin's_Shoulders" iconURL="http://content.turbine.com/sites/lorebook.lotro.com/images/icons/item/shoulders/eq_shire_medium_shoulder_02.png" quantity="1"/>
<object name="Lesser Milkthistle Draught" pageURL="/wiki/Item:Lesser_Milkthistle_Draught" iconURL="http://content.turbine.com/sites/lorebook.lotro.com/images/icons/item/potion/it_potion_cure_poison_tier1b.png" quantity="3"/>
</selectOneOf>
</rewards>
</quest>
