<?xml version="1.0" encoding="UTF-8"?>
<quest id="1879049862" key="Vol._I,_Book_2,_Chapter_15:_(Fellowship)The_Red-pass" title="Vol. I, Book 2, Chapter 15: (Fellowship)The Red-pass" category="Epic - Vol. I, Book 2: The Red Maid" scope="Epic" questArc="Volume I, Book 2: The Red Maid" minimumLevel="25" type="EPIC" size="FELLOWSHIP" faction="FREE_PEOPLES" repeatable="false" instanced="false" description="Radagast told you that members of the Eglain, led by Elsa and Eriac, had entered Agamaur, the northern marshes of the Red Swamp." bestower="Radagast the Brown (NPC)" bestowerText="'Two young and headstrong youths of the Eglain, Elsa and Eriac, entered Agamaur with a small company. They sought to find the power behind the threat to their people, but if the Gaunt-lord Ivar has come to Agamaur, I fear they face a power they cannot overcome. They need your help.&#13;&#10;&#13;&#10;'The Red Swamp is divided into two regions. The southern marshes, Haragmar, you know. Elsa and Eriac entered Agamaur, the northern marshes, through the Red-pass. It is a passage known only to the Eglain...and myself.&#13;&#10;&#13;&#10;'I will accompany you, for the shadow that has come to Agamaur is too powerful for you to deal with alone. There is no telling what evil awaits us in the swamp. Return to me when you are prepared to leave.'" objectives="Objective 1:&#13;&#10;Radagast the Brown is in the tower at the end of the main avenue in Ost Guruth.&#13;&#10;&#13;&#10;Radagast the Brown waits to lead you into the passage to Agamaur. When you are prepared to leave, you should speak with Radagast again.&#13;&#10;• Talk to Radagast the Brown at Ost Guruth&#13;&#10;Objective 2:&#13;&#10;Elsa is in the camp within the ruins.&#13;&#10;&#13;&#10;You should speak with Elsa about your victory within Agamaur.&#13;&#10;• Talk to Elsa in Agamaur (Elsa the Bold)&#13;&#10;Objective 3:&#13;&#10;The Eglain and the shades of Arthedain have established a small encampment within the ruins. Elsa of the Eglain waits to speak with you.&#13;&#10;&#13;&#10;Your battle against Ivar's dark-water was a victory, or so it appears. The Gaunt-lord retreated into the north, pursued by Radagast the Brown, and has not been seen since.&#13;&#10;• Talk to Radagast the Brown in Agamaur (Radagast the Brown)">
<prerequisites>
<prerequisite name="Vol._I%2C_Book_2%2C_Chapter_14%3A_History_of_the_Red_Maid"/>
</prerequisites>
<nextQuests>
<nextQuest name="Vol._I%2C_Book_2%2C_Chapter_16%3A_Agamaur_Secured"/>
<nextQuest name="Rhudaur%27s_Traitors"/>
<nextQuest name="Vengeance_Comes"/>
<nextQuest name="Vessel_of_Purity"/>
<nextQuest name="The_Tainted_Living"/>
<nextQuest name="Merciful_Release"/>
<nextQuest name="Fallen_Oak"/>
<nextQuest name="Dead_Rising"/>
<nextQuest name="Grimbark%27s_Reclamation"/>
<nextQuest name="Rings_of_Rhudaur"/>
<nextQuest name="Ivar_the_Blood-hand"/>
</nextQuests>
<rewards>
<money gold="0" silver="35" copper="70"/>
<selectOneOf>
<object name="The Scavenger's Lot" pageURL="/wiki/Armour:The_Scavenger's_Lot" iconURL="http://content.turbine.com/sites/lorebook.lotro.com/images/icons/item/shoulders/eq_lonelands_light_shoulder_02.png" quantity="1"/>
<object name="Scale Boots of the Eglain" pageURL="/wiki/Armour:Scale_Boots_of_the_Eglain" iconURL="http://content.turbine.com/sites/lorebook.lotro.com/images/icons/item/feet/eq_lonelands_heavy_feet_02.png" quantity="1"/>
<object name="Ring of the Eglain" pageURL="/wiki/Item:Ring_of_the_Eglain" iconURL="http://content.turbine.com/sites/lorebook.lotro.com/images/icons/item/jewelry/eq_lonelands_ring_04.png" quantity="1"/>
<object name="Bracelet of the Eglain" pageURL="/wiki/Item:Bracelet_of_the_Eglain" iconURL="http://content.turbine.com/sites/lorebook.lotro.com/images/icons/item/jewelry/eq_lonelands_bracelet_03.png" quantity="1"/>
<object name="Celeglang" pageURL="/wiki/Weapon:Celeglang" iconURL="http://content.turbine.com/sites/lorebook.lotro.com/images/icons/item/weapon_sword/eq_lonelands_1hsword_05.png" quantity="1"/>
</selectOneOf>
</rewards>
</quest>
