<?xml version="1.0" encoding="UTF-8"?>
<quest id="1879048566" key="Lalia%27s_Safe_Passage" title="Lalia's Safe Passage" category="Bree-land" scope="" questArc="" minimumLevel="13" type="STANDARD" size="SOLO" faction="FREE_PEOPLES" repeatable="false" instanced="false" description="You have come across a very frightened hobbit-lass, Lalia, in the Barrow-downs. She has asked for your help getting back to Bree and her father, Bob, who works for Barliman Butterbur at the Prancing Pony." bestower="Lalia (Hobbit)" bestowerText="'I came here to find the &quot;Last Prince,&quot; like Mr. Butterbur talks about in his stories. I was going to find him, and then be with him forever and be his princess! But he wasn't here to be found! There's just all these skeletons and bones and walking dead! It isn't nice to go misleading young hobbits like that!&#13;&#10;&#13;&#10;'When you are ready to go, could you help me get back home to Bree? I couldn't leave before, but now with a strong warrior like you here, I'm sure you can get me home safely!&#13;&#10;&#13;&#10;'Oh, and I lost my cloak. I simply must find it, or dad will yell at me something terrible!'" objectives="Objective 1:&#13;&#10;You must take Lalia to the North-gate of the Barrow-downs.&#13;&#10;&#13;&#10;Lalia has asked you to help her get back to Bree safely. In addition, she has asked for your help finding the cloak she dropped somewhere in the Barrow-downs. You should protect her as she searches for her cloak, then leaves the Barrow-downs.&#13;&#10;• Escort Lalia to safety&#13;&#10;Objective 2:&#13;&#10;Bob can be found along the Old Forest Road, between the Barrow-downs and the Old Forest.&#13;&#10;&#13;&#10;You have helped Lalia make her way home. As thanks, she has given you her cloak. She has asked you to bring it to her father, Bob, Barliman Butterbur's assistant, as proof that she is safe. You did not have the heart to tell her that Bob was looking for her within the Barrow-downs himself.&#13;&#10;• Talk to Bob&#13;&#10;• Turn in Lalia's Cloak">
<rewards>
<money gold="0" silver="3" copper="20"/>
<selectOneOf>
<object name="Guardian of Lalia" pageURL="/wiki/Armour:Guardian_of_Lalia" iconURL="http://content.turbine.com/sites/lorebook.lotro.com/images/icons/item/shield/eq_breeland_heavy_shield_01.png" quantity="1"/>
<object name="Defender of Lalia" pageURL="/wiki/Armour:Defender_of_Lalia" iconURL="http://content.turbine.com/sites/lorebook.lotro.com/images/icons/item/shield/eq_breeland_shield_03.png" quantity="1"/>
<object name="Lalia's Champion" pageURL="/wiki/Armour:Lalia's_Champion" iconURL="http://content.turbine.com/sites/lorebook.lotro.com/images/icons/item/back/eq_breeland_back_05.png" quantity="1"/>
<object name="Warden of Lalia" pageURL="/wiki/Armour:Warden_of_Lalia" iconURL="http://content.turbine.com/sites/lorebook.lotro.com/images/icons/item/shield/eq_breeland_medium_shield_03.png" quantity="1"/>
</selectOneOf>
</rewards>
</quest>
