<?xml version="1.0" encoding="UTF-8"?>
<quest id="1879048571" key="Vol._I,_Book_1,_Chapter_4:_Dark_Designs" title="Vol. I, Book 1, Chapter 4: Dark Designs" category="Epic - Vol. I, Book 1: Stirrings in the Darkness" scope="Epic" questArc="Volume I, Book 1: Stirrings in the Darkness" minimumLevel="11" type="EPIC" size="SOLO" faction="FREE_PEOPLES" repeatable="false" instanced="false" description="From a dying brigand at Skunkwood's old hideout, you learned that the strange Pale Dwarf was trying to bully the Blackwolds into continuing their alliance with the Witch-realm of Angmar." bestower="Constable Underhill (NPC)" bestowerText="'Good day to you. What are you still doing about here? Those Blackwolds are gone, and likely for good. That strange dwarf might still be around, but I'll wager he went on to somewhere a bit more interesting.&#13;&#10;&#13;&#10;'You should take that news on to your friend Strider in Bree-town. If he sent you out here, he likely wants to know what we found! He'll probably be at The Prancing Pony. Those Rangers surely like their beer, and the Pony has the best!&#13;&#10;&#13;&#10;'Thank you for your help, but there's no use worrying about brigands around here anymore.'" objectives="Objective 1:&#13;&#10;Strider is in his room at The Prancing Pony Inn in Bree, which is found by taking a left down the hall out of the common room until you can only bear right. The room is at the end of the hall to the right of the stairs.&#13;&#10;&#13;&#10;You should return to Strider and tell him what you learned about the Blackwolds and the Pale Dwarf.&#13;&#10;• Talk to Strider">
<prerequisites>
<prerequisite name="Vol._I%2C_Book_1%2C_Chapter_3%3A_Blackwolds_Broken"/>
</prerequisites>
<nextQuests>
<nextQuest name="Vol._I%2C_Book_1%2C_Chapter_5%3A_The_Other_Riders"/>
</nextQuests>
<rewards>
<reputation>
<reputationItem faction="Men of Bree" amount="500"/>
</reputation>
</rewards>
</quest>
