<?xml version="1.0" encoding="UTF-8"?>
<quest id="1879054220" key="Mincham%27s_Dream" title="Mincham's Dream" category="North Downs" scope="" questArc="Mincham's Dream" minimumLevel="23" type="STANDARD" size="FELLOWSHIP" faction="FREE_PEOPLES" repeatable="false" instanced="false" description="Mincham has described troubled dreams he has had of late. He believes a fell spirit, an evil creature from the darkness, is impersonating his dead wife." bestower="Mincham (NPC)" bestowerText="'I must tell you my story, no matter how painful it may be. Of late, I have had terrible dreams of my dead wife. These are dreams I know by my lore not to be the nightmares of a fevered mind, but something far more sinister.&#13;&#10;&#13;&#10;'I know well my wife's spirit could not linger in Middle-earth, but there are far worse things than shades in these fields. There are fell spirits, creatures out of deepest darkness, summoned in the days of Morgoth. One such spirit has despoiled my wife's grave. I call her Olnathron, for she disturbs my dreams.&#13;&#10;&#13;&#10;'I do not trust myself in the presence of even a semblance of my wife, so I must ask you to fight this creature for me. From my dreams, I believe you will find her somewhere to the west of my wife's grave, a place where many of these dark creatures wander.'" objectives="Objective 1:&#13;&#10;Olnathron can be found to the west of the graves of his wife and child.&#13;&#10;&#13;&#10;Fearing for the strength of his will, Mincham has asked you to find and confront the fell spirit who has taken his wife's semblance.&#13;&#10;• Confront the fell spirit Olnathron&#13;&#10;Objective 2:&#13;&#10;Mincham awaits you at his camp.&#13;&#10;&#13;&#10;Mincham will be relieved to learn that the fell spirit Olnathron has been sent back to the abyss.&#13;&#10;• Talk to Mincham">
<prerequisites>
<prerequisite name="The_Bracelet%27s_Past"/>
</prerequisites>
<rewards>
<money gold="0" silver="16" copper="0"/>
<selectOneOf>
<object name="Vorth-leggar" pageURL="/wiki/Armour:Vorth-leggar" iconURL="http://content.turbine.com/sites/lorebook.lotro.com/images/icons/item/legs/eq_northdowns_heavy_legs_03.png" quantity="1"/>
<object name="Olnathron's Destruction" pageURL="/wiki/Weapon:Olnathron's_Destruction" iconURL="http://content.turbine.com/sites/lorebook.lotro.com/images/icons/item/weapon_mace/eq_northdowns_1hclub_03.png" quantity="1"/>
<object name="Olnathron's End" pageURL="/wiki/Item:Olnathron's_End" iconURL="http://content.turbine.com/sites/lorebook.lotro.com/images/icons/item/jewelry/eq_northdowns_necklace_01.png" quantity="1"/>
</selectOneOf>
</rewards>
</quest>
