<?xml version="1.0" encoding="UTF-8"?>
<quest id="1879048675" key="Vol._I,_Book_4,_Chapter_9:_Hasten_Their_Departure" title="Vol. I, Book 4, Chapter 9: Hasten Their Departure" category="Epic - Vol. I, Book 4: Chasing Shadows" scope="Epic" questArc="Volume I, Book 5: Chasing Shadows" minimumLevel="37" type="EPIC" size="SOLO" faction="FREE_PEOPLES" repeatable="false" instanced="false" description="Legolas has been dismayed by the events in the lair of the Wood-trolls and thinks Elrond should be told of them at once." bestower="Legolas (NPC)" bestowerText="'I do not think this is the end of our search for the Nazgûl that escaped the waters of the Bruinen, (your name). Indeed, we have only seen the beginning of the trouble he may cause.&#13;&#10;&#13;&#10;'We must tell Master Elrond what has transpired. A task of great secrecy has been set before some of us at Imladris, and I fear we have been too long delayed already.&#13;&#10;&#13;&#10;'Speak to Master Elrond inside the Last Homely House and tell him of our journey into the lair of Taushakh and what we beheld there. The time for delays is past.'" objectives="Objective 1:&#13;&#10;Master Elrond is within the Last Homely House.&#13;&#10;&#13;&#10;Legolas has asked you to go to Elrond at once and tell him what transpired in the lair of Taushakh, king of the Wood-trolls.&#13;&#10;• Talk to Elrond">
<prerequisites>
<prerequisite name="Vol._I%2C_Book_4%2C_Chapter_8%3A_The_Unmarked_Trail"/>
</prerequisites>
<nextQuests>
<nextQuest name="Vol._I%2C_Book_5%2C_Chapter_1%3A_Into_the_Misty_Mountains"/>
</nextQuests>
<rewards>
<money gold="0" silver="8" copper="82"/>
<reputation>
<reputationItem faction="Elves of Rivendell" amount="300"/>
</reputation>
<object name="Dorlos" pageURL="/wiki/Item:Dorlos" iconURL="http://content.turbine.com/sites/lorebook.lotro.com/images/icons/item/jewelry/eq_trollshaws_earring_02.png" quantity="1"/>
</rewards>
</quest>
