<?xml version="1.0" encoding="UTF-8"?>
<quest id="1879052606" key="Vol._I,_Book_5,_Chapter_4:_The_Key-stone" title="Vol. I, Book 5, Chapter 4: The Key-stone" category="Epic - Vol. I, Book 5: The Last Refuge" scope="Epic" questArc="Volume I, Book 5: The Last Refuge" minimumLevel="38" type="EPIC" size="SOLO" faction="FREE_PEOPLES" repeatable="false" instanced="false" description="Glóin discovered the secret entrance to the inner keep of Gabilazan, but the way is locked and will require an artifact of the old days." bestower="Glóin (NPC)" bestowerText="'Ah, yes, why it will be just like when Burglar Bilbo crept into Smaug's lair! We'll just need the key to open the secret door, and you'll be in the inner keep. Finding that key, though, could present a challenge.&#13;&#10;&#13;&#10;'Now the old tales of Helegrod -- that's the great dwarf-hall to the north that fell to the dragon Thorog -- say that after it was abandoned, all the surrounding dwarf-halls were abandoned as well. The key-stones that opened the secret doors to all those halls were hidden in a small dwarf-vault near the source of the Bruinen. The building might be in ruins now, but the vault is surely still there. Once we have the key-stone, the inner keep of Gabilazan will be open to us!&#13;&#10;&#13;&#10;'Journey north to the source of the Bruinen and look for the vault at Iskeld's Lookout. You will need to brave the snowbeasts that make their homes among the drifts, but that should not be a problem for you, I would expect!'" objectives="Objective 1:&#13;&#10;The dwarf-vault that contains the key-stone is at Iskeld's Lookout, near the source of the Bruinen. Glóin is at his camp north of Rivendell.&#13;&#10;&#13;&#10;Glóin has asked you to retrieve a key-stone from an old dwarf-vault. The key-stone will allow you entry into the Dourhand-occupied dwarf-keep.&#13;&#10;• Bring the key-stone to Glóin (Glóin)&#13;&#10;• Collect the key-stone">
<prerequisites>
<prerequisite name="Vol._I%2C_Book_5%2C_Chapter_3%3A_The_High_Fortress"/>
</prerequisites>
<nextQuests>
<nextQuest name="Vol._I%2C_Book_5%2C_Chapter_5%3A_The_Last_Refuge"/>
</nextQuests>
<rewards>
<money gold="0" silver="22" copper="40"/>
<reputation>
<reputationItem faction="Thorin's Hall" amount="700"/>
</reputation>
</rewards>
</quest>
