<?xml version="1.0" encoding="UTF-8"?>
<quest id="1879054356" key="Dourhand_Plans" title="Dourhand Plans" category="North Downs" scope="" questArc="Pulling Beards" minimumLevel="24" type="STANDARD" size="SOLO" faction="FREE_PEOPLES" repeatable="false" instanced="false" description="Reports have come to Othrikar that the Dourhands are planning to move against the mines and oust the Longbeards." bestower="Hannar (NPC)" bestowerText="'We have had disturbing reports that the Dourhands are almost ready to move against us. We need to know just what they are planning.&#13;&#10;&#13;&#10;'We think that plans have been sent from the main Dourhand camp to their smaller camp west of Othrikar, in some old Arnorian ruins. We need you to find those plans and bring them to us. More than likely those plans are kept in a chest in the deepest part of the ruins. Be careful, because the ruins are extensive and intricate.&#13;&#10;&#13;&#10;'We need to know when and how the Dourhands plan to attack, if we are to set a proper defence.'" objectives="Objective 1:&#13;&#10;The Dourhand plans are in a chest somewhere deep in the camp west of Othrikar, hidden in some old Arnorian ruins.&#13;&#10;&#13;&#10;When you returned from your foray against the Dourhand scouts, Hannar warned you of the Dourhands' plans to attack Othrikar. He has asked you to find those plans and bring them to him.&#13;&#10;• Return the plans to Hannar (Hannar)&#13;&#10;• Turn in Dourhand-plans">
<prerequisites>
<prerequisite name="Stop_the_Scouts"/>
</prerequisites>
<nextQuests>
<nextQuest name="Pulling_Beards"/>
</nextQuests>
<rewards>
<money gold="0" silver="17" copper="50"/>
<reputation>
<reputationItem faction="Thorin's Hall" amount="700"/>
</reputation>
</rewards>
</quest>
