<?xml version="1.0" encoding="UTF-8"?>
<quest id="1879054433" key="Provisions_for_the_Glade" title="Provisions for the Glade" category="North Downs" scope="" questArc="Repairing the Damage" minimumLevel="21" type="STANDARD" size="FELLOWSHIP" faction="FREE_PEOPLES" repeatable="false" instanced="false" description="Many of the provisions stored at Lin Giliath were ruined by the Stone-trolls during their attack." bestower="Aglardir (NPC)" bestowerText="'We must restore the stores of Lin Giliath as soon as we can. Grief can cause both body and spirit to suffer, but against one of these hurts we can prepare.&#13;&#10;&#13;&#10;'The Stone-trolls ruined the food that was stored here, but there are other sources of sustenance. Hunt the aurochs on the plains of the Kingsfell, to the north of Lin Giliath. Their meat will go a long way to restoring Lin Giliath's stores.&#13;&#10;&#13;&#10;'An aurochs is a dangerous foe, and you must hunt several to obtain enough steaks. You may wish to take friends on this hunt.'" objectives="Objective 1:&#13;&#10;Aurochs roam the plains of the Kingsfell, north of Lin Giliath.&#13;&#10;&#13;&#10;Aglardir has asked you to hunt aurochs in Kingsfell for meat to replenish the stores of Lin Giliath. He suggests you bring allies on the hunt.&#13;&#10;• Turn in Aurochs-steak&#13;&#10;Objective 2:&#13;&#10;Aglardir is in Lin Giliath, south of the Kingsfell.&#13;&#10;&#13;&#10;Aglardir is awaiting your return with the aurochs meat to replenish the lost provisions kept at Lin Giliath.&#13;&#10;• Talk to Aglardir&#13;&#10;• Turn in Aurochs-steak">
<prerequisites>
<prerequisite name="Scattered_Belongings"/>
</prerequisites>
<nextQuests>
<nextQuest name="The_Troll-keeper"/>
<nextQuest name="Inform_Esteld%C3%ADn"/>
</nextQuests>
<rewards>
<money gold="0" silver="13" copper="0"/>
<selectOneOf>
<object name="Millos" pageURL="/wiki/Item:Millos" iconURL="http://content.turbine.com/sites/lorebook.lotro.com/images/icons/item/jewelry/eq_northdowns_earring_02.png" quantity="1"/>
<object name="Aurochs Skinner" pageURL="/wiki/Weapon:Aurochs_Skinner" iconURL="http://content.turbine.com/sites/lorebook.lotro.com/images/icons/item/weapon_dagger/eq_northdowns_dagger_01.png" quantity="1"/>
<object name="Stick Javelin" pageURL="/wiki/Weapon:Stick_Javelin_(Level_25)" iconURL="http://content.turbine.com/sites/lorebook.lotro.com/images/icons/item/weapon_javelin/eq_northdowns_javelin_01.png" quantity="1"/>
</selectOneOf>
</rewards>
</quest>
