<?xml version="1.0" encoding="UTF-8"?>
<quest id="1879048264" key="A_Greater_Theft" title="A Greater Theft" category="Lone-lands" scope="" questArc="Vengeance for the Lost" minimumLevel="18" type="STANDARD" size="SOLO" faction="FREE_PEOPLES" repeatable="false" instanced="false" description="Gadaric Munce is a member of the Eglain, a tribe of Men living in the Lone-lands. They make their livelihood by trading with travellers through the Lone-lands." bestower="Gadaric Munce (NPC)" bestowerText="'I am Gadaric Munce. A member of the Eglain. I trade artifacts found in the Lone-lands to collectors in Bree in return for food and other necessities. Until recently, our trade has been brisk, but darkness has come to these lands and our people, the Eglain, face starvation and deal with murder.&#13;&#10;&#13;&#10;'Goblins have crept into the Lone-lands and have made trade difficult; they attacked us, murdering many of our number and seized many of our trade-goods. Ruins of ancient Arnor overlook a large valley to the south-east of The Forsaken Inn. Minas Eriol, that place is called, and it was long dear to my people. Would you go there and retrieve our trade-bundles from the crates that remain and return to me?&#13;&#10;&#13;&#10;'The crates are all that remain of our last collection.'" objectives="Objective 1:&#13;&#10;Gadaric's crates can be found within the ruins of Minas Eriol, south-east of The Forsaken Inn, where Gadaric waits for your return.&#13;&#10;&#13;&#10;In an effort to assist the Gadaric of the Eglain, you agreed to collect the trade-goods that were left behind at Minas Eriol when the goblins attacked.&#13;&#10;• Bring the trade-bundles to Gadaric Munce (Gadaric Munce)&#13;&#10;• Collect trade-bundles (10 Trade-bundle)">
<nextQuests>
<nextQuest name="My_Brother_Hunulf"/>
</nextQuests>
<rewards>
<money gold="0" silver="8" copper="50"/>
<reputation>
<reputationItem faction="Eglain" amount="1200"/>
</reputation>
<selectOneOf>
<object name="Candac's Helmet" pageURL="/wiki/Armour:Candac's_Helmet" iconURL="http://content.turbine.com/sites/lorebook.lotro.com/images/icons/item/head/eq_lonelands_medium_head_01.png" quantity="1"/>
<object name="Gadaric's Shoulder Guards" pageURL="/wiki/Armour:Gadaric's_Shoulder_Guards" iconURL="http://content.turbine.com/sites/lorebook.lotro.com/images/icons/item/shoulders/eq_lonelands_heavy_shoulder_01.png" quantity="1"/>
<object name="Munce's Shoes" pageURL="/wiki/Armour:Munce's_Shoes" iconURL="http://content.turbine.com/sites/lorebook.lotro.com/images/icons/item/feet/eq_lonelands_light_feet_04.png" quantity="1"/>
<object name="Leggings of the Eglain" pageURL="/wiki/Armour:Leggings_of_the_Eglain" iconURL="http://content.turbine.com/sites/lorebook.lotro.com/images/icons/item/legs/eq_lonelands_medium_legs_04.png" quantity="1"/>
</selectOneOf>
</rewards>
</quest>
