<?xml version="1.0" encoding="UTF-8"?>
<quest id="1879048443" key="Dire_News" title="Dire News" category="North Downs" scope="" questArc="The Oathbreakers" minimumLevel="20" type="STANDARD" size="SOLO" faction="FREE_PEOPLES" repeatable="false" instanced="false" description="Mincham is greatly disturbed by your report of the Oathbreaker's invocation of the name Amarthiel, though he has not confided the reasons for his concern." bestower="Mincham (NPC)" bestowerText="'I must tell you that the tidings you bring could not be worse, unless the Nine themselves had come to Fornost. You must go at once to Esteldín and speak with Halbarad, who commands there in the name of our chieftain, Aragorn.&#13;&#10;&#13;&#10;'Inform Halbarad of what you learned from that shade and say, too, that I believe this is dire news for all the North Downs. Esteldín is a far distance from here. Follow the road which runs east from the Greenway, through Amon Raith, crossing the river at the ruins of Ost Lagoros. The ruins where Esteldín lies hidden are due east of Gatson's farm.&#13;&#10;&#13;&#10;'Esteldín is the hidden refuge of my people. I charge you not to speak of it to any but my kindred.'" objectives="Objective 1:&#13;&#10;Esteldín is reached by travelling along the road east from the Greenway, passing Amon Raith and crossing the river at the ruins of Ost Lagoros. The ruins where Esteldín lies are due east of Gatson's farm.&#13;&#10;&#13;&#10;Mincham has asked you to go to Esteldín to speak to the Ranger Halbarad, the leader of his people in the absence of their chieftain, Aragorn.&#13;&#10;• Talk to Halbarad">
<prerequisites>
<prerequisite name="The_Oathbreakers"/>
</prerequisites>
<rewards>
<reputation>
<reputationItem faction="Rangers of Esteldín" amount="500"/>
</reputation>
<selectOneOf>
<object name="Halbarad's Shield" pageURL="/wiki/Armour:Halbarad's_Shield" iconURL="http://content.turbine.com/sites/lorebook.lotro.com/images/icons/item/shield/eq_northdowns_heavy_shield_01.png" quantity="1"/>
<object name="Medliechor" pageURL="/wiki/Item:Medliechor" iconURL="http://content.turbine.com/sites/lorebook.lotro.com/images/icons/item/jewelry/eq_northdowns_bracelet_01.png" quantity="1"/>
</selectOneOf>
</rewards>
</quest>
