<?xml version="1.0" encoding="UTF-8"?>
<quest id="1879048615" key="Thinning_the_Horde" title="Thinning the Horde" category="Urugarth" scope="" questArc="Thinning the Horde" minimumLevel="44" type="STANDARD" size="FELLOWSHIP" faction="FREE_PEOPLES" repeatable="false" instanced="false" description="The Hillman called Donaith is concerned about the Orcs in the vicinity of Urugarth and Carn Dûm." bestower="Donaith (NPC)" bestowerText="'It sickens me to know that my people are threatened by the Evil Ones, and there is naught that I can do about it. In my youth, perhaps...but time and the rigours of travel across Rammas Deluon have robbed me of my vigour.&#13;&#10;&#13;&#10;'Ah, but you are strong and brave. But are you brave enough to stand against the Orcs and thin out their accursed ranks?&#13;&#10;&#13;&#10;'Travel to their fortifications to the west. There, in the places known as Urugarth and Carn Dûm, you will find your share of Orcs. Any blow we strike against the False King will help my people survive to see another day.'" objectives="Objective 1:&#13;&#10;Urugarth and Carn Dûm lie to the west of Gath Forthnír.&#13;&#10;&#13;&#10;Donaith asked you to support the cause of his people and defeat the Orcs which gather in Urugarth or Carn Dûm.&#13;&#10;• Defeat Uruks in Urugarth and Carn Dûm (10)&#13;&#10;• Defeat Orcs in Urugarth and Carn Dûm (20)&#13;&#10;Objective 2:&#13;&#10;Donaith can be found at Gath Forthnír.&#13;&#10;&#13;&#10;Return to Donaith in eastern Angmar and tell him of your deeds.&#13;&#10;• Talk to Donaith">
<nextQuests>
<nextQuest name="Ending_Terror"/>
</nextQuests>
<rewards>
<money gold="0" silver="49" copper="0"/>
<reputation>
<reputationItem faction="Council of the North" amount="900"/>
</reputation>
<selectOneOf>
<object name="Daenam" pageURL="/wiki/Weapon:Daenam" iconURL="http://content.turbine.com/sites/lorebook.lotro.com/images/icons/item/weapon_sword/eq_angmar_2hhammer_02.png" quantity="1"/>
<object name="Donaith's Longsword" pageURL="/wiki/Weapon:Donaith's_Longsword" iconURL="http://content.turbine.com/sites/lorebook.lotro.com/images/icons/item/weapon_sword/eq_angmar_1hsword_05.png" quantity="1"/>
</selectOneOf>
</rewards>
</quest>
