<?xml version="1.0" encoding="UTF-8"?>
<quest id="1879052590" key="The_True_Thieves" title="The True Thieves" category="Trollshaws" scope="" questArc="A Gift from the Dwarves" minimumLevel="29" type="STANDARD" size="FELLOWSHIP" faction="FREE_PEOPLES" repeatable="false" instanced="false" description="Heithur Ironfist believes that you are now very near to recovering the stones that were stolen from his couriers." bestower="Heithur Ironfist (NPC)" bestowerText="'We are very close to recovering the stones, (your name), I am sure of it! Tóki Whitebeard has repaid my trust in him ten-fold, for now we know the culprits: the stone-trolls of this inhospitable place!&#13;&#10;&#13;&#10;'The Elf Rochwen was right to send you to the ruins where you found the Whitebeard, and I expect she will be able to tell us where these trolls make their lair.&#13;&#10;&#13;&#10;'Speak to Rochwen, north of here by the road, and recover those stones, (your name)! Lord Glóin should not be made to wait any longer for the delivery he requested!'" objectives="Objective 1:&#13;&#10;Rochwen is north of Barachen's camp, on the road that runs through the South Trollshaws.&#13;&#10;&#13;&#10;Heithur Ironfist has asked you to speak with Rochwen about the stone-trolls of the region so you may retrieve the stones stolen from his couriers.&#13;&#10;• Talk to Rochwen&#13;&#10;Objective 2:&#13;&#10;Stone-trolls in the South Trollshaws can be found north-east of Rochwen's post.&#13;&#10;&#13;&#10;Rochwen believes that one of the stone-trolls of the South Trollshaws must have taken the stones from the dwarf-couriers, though that is most unusual. She advised you to bring friends with you, for even a single stone-troll is a dangerous opponent.&#13;&#10;• Turn in Unremarkable Stones&#13;&#10;Objective 3:&#13;&#10;Heithur Ironfist is at Barachen's camp, south of the road, atop the sloping hill that lies in the shadow of the tall cliffs.&#13;&#10;&#13;&#10;Heithur Ironfist is waiting for you to return with the stones stolen from Glóin's couriers.&#13;&#10;• Talk to Heithur Ironfist&#13;&#10;• Turn in Unremarkable Stones">
<prerequisites>
<prerequisite name="The_Stolen_Stones"/>
</prerequisites>
<nextQuests>
<nextQuest name="The_Sons_of_Elrond"/>
</nextQuests>
<rewards>
<money gold="0" silver="19" copper="25"/>
<object name="Lord Glóin's Thanks" pageURL="/wiki/Item:Lord_Glóin's_Thanks" iconURL="http://content.turbine.com/sites/lorebook.lotro.com/images/icons/item/jewelry/eq_trollshaws_ring_01.png" quantity="1"/>
<selectOneOf>
<object name="Ladbeng" pageURL="/wiki/Weapon:Ladbeng" iconURL="http://content.turbine.com/sites/lorebook.lotro.com/images/icons/item/weapon_bow/eq_trollshaws_bow_01.png" quantity="1"/>
<object name="Ironfist's Wall" pageURL="/wiki/Armour:Ironfist's_Wall" iconURL="http://content.turbine.com/sites/lorebook.lotro.com/images/icons/item/shield/eq_trollshaws_heavy_shield_01.png" quantity="1"/>
<object name="Ironfist's Javelin" pageURL="/wiki/Weapon:Ironfist's_Javelin" iconURL="http://content.turbine.com/sites/lorebook.lotro.com/images/icons/item/weapon_javelin/eq_trollshaws_javelin_01.png" quantity="1"/>
<object name="Tirithranc" pageURL="/wiki/Armour:Tirithranc_(Level_33)" iconURL="http://content.turbine.com/sites/lorebook.lotro.com/images/icons/item/shoulders/eq_trollshaws_light_shoulder_01_a.png" quantity="1"/>
<object name="Stone Finder's Gloves" pageURL="/wiki/Armour:Stone_Finder's_Gloves_(Level_33)" iconURL="http://content.turbine.com/sites/lorebook.lotro.com/images/icons/item/hands/eq_trollshaws_heavy_hands_01_a.png" quantity="1"/>
</selectOneOf>
</rewards>
</quest>
