<?xml version="1.0" encoding="UTF-8"?>
<quest id="1879049881" key="Vol._I,_Book_2,_Chapter_13:_In_the_Gaunt-lord%27s_Grasp" title="Vol. I, Book 2, Chapter 13: In the Gaunt-lord's Grasp" category="Epic - Vol. I, Book 2: The Red Maid" scope="Epic" questArc="Volume I, Book 2: The Red Maid" minimumLevel="25" type="EPIC" size="SOLO" faction="FREE_PEOPLES" repeatable="false" instanced="false" description="Emelin told you about his failure to protect one of the River-maidens and the curse it brought down upon him and his men. He agreed to help you if you accomplish a task for him." bestower="Emelin (NPC)" bestowerText="'This land was corrupted by the war which raged here. Blood, much blood, spilled into the springs of the Lady, until all became red, and the springs became a swamp. The Lady, whose name is not remembered, became the Red-maid, a creature lost and corrupt. Ivar the Blood-hand came not long ago and awakened her again and claimed power over her. Now Ivar is a greater threat than ever he was.&#13;&#10;&#13;&#10;'Thou must strike against him to restore the balance betwixt Man and Nature. Until the Red-maid be redeemed or destroyed, my brethren and I are doomed to this wretched state.&#13;&#10;&#13;&#10;'The west is where thou must travel to destroy the wight-lord Brudhraw and his soldiers. They serve the Blood-hand and must be destroyed.'" objectives="Objective 1:&#13;&#10;The wights and their Wight-lord may be found west of Ost Haer in Nindor.&#13;&#10;&#13;&#10;Emelin told you that the Gaunt-lord Ivar the Blood-hand raises the wights as his soldiers. You must destroy them and their lord, a wight called Brudhraw.&#13;&#10;• Defeat Brudhraw (Brudhraw)&#13;&#10;Objective 2:&#13;&#10;Emelin is at Ost Haer, to the north.&#13;&#10;&#13;&#10;You defeated the wight-lord Brudhraw. Now you should return to the shade called Emelin.&#13;&#10;• Talk to Emelin at Ost Haer (Emelin)">
<prerequisites>
<prerequisite name="Vol._I%2C_Book_2%2C_Chapter_12%3A_A_Dead_Man%27s_Challenge"/>
</prerequisites>
<nextQuests>
<nextQuest name="Vol._I%2C_Book_2%2C_Chapter_14%3A_History_of_the_Red_Maid"/>
</nextQuests>
<rewards>
<money gold="0" silver="17" copper="85"/>
<selectOneOf>
<object name="Shimmering Ring" pageURL="/wiki/Item:Shimmering_Ring" iconURL="http://content.turbine.com/sites/lorebook.lotro.com/images/icons/item/jewelry/eq_lonelands_ring_02.png" quantity="1"/>
<object name="Brudhraw's Fall" pageURL="/wiki/Armour:Brudhraw's_Fall" iconURL="http://content.turbine.com/sites/lorebook.lotro.com/images/icons/item/shield/eq_lonelands_shield_05.png" quantity="1"/>
<object name="Emelin's Spear" pageURL="/wiki/Weapon:Emelin's_Spear" iconURL="http://content.turbine.com/sites/lorebook.lotro.com/images/icons/item/weapon_spear/eq_lonelands_spear_03.png" quantity="1"/>
</selectOneOf>
</rewards>
</quest>
