<?xml version="1.0" encoding="UTF-8"?>
<quest id="1879052806" key="Gaeruan%27s_Rage" title="Gaeruan's Rage" category="Angmar" scope="" questArc="" minimumLevel="43" type="STANDARD" size="FELLOWSHIP" faction="FREE_PEOPLES" repeatable="false" instanced="false" description="Guard Ansurr told you of his plan to turn the rage of the mother-turtle, Gaeruan, against the trolls and Orcs of Grishbalt. Her attack should throw the creatures there into confusion and make infiltrating the caves there easier." bestower="Guard Ansurr (Dwarf)" bestowerText="'Pardon me, (your name), but I have heard you may be travelling into the caves of Grishbalt...a dangerous place, home to many trolls and Orcs. However, there is an idea I have had in my head for a while that might make your task a bit easier.&#13;&#10;&#13;&#10;'See, the other day I saw a troll get near the nest of the great turtle-mother, Gaeruan, that rests in the middle of the lake. As the troll poked at her eggs, Gaeruan came along and sent that troll running!&#13;&#10;&#13;&#10;'My idea is to take an egg from Gaeruan's nest and bring it in close to the large central fire in the caves. As the egg heats, the scent will bring Gaeruan, and we can turn her rage against those creatures!'" objectives="Objective 1:&#13;&#10;Gaeruan's nest is resting in the middle of the lake Duvuinen, north of Gabilshathûr. The caves of Grishbalt are north-east of Gaeruan's nest.&#13;&#10;&#13;&#10;Take one of Gaeruan's eggs from her nest and place it near the central bonfire in the caves of Grishbalt.&#13;&#10;• Find Gaeruan's nest in Duvuinen&#13;&#10;Objective 2:&#13;&#10;Guard Ansurr can be found in the dwarf-holding of Gabilshathûr, south-west of Grishbalt.&#13;&#10;&#13;&#10;Guard Ansurr's plan worked perfectly. The mother-turtle was drawn into the caves, and her rage threw the camp into confusion.">
<prerequisites>
<prerequisite name="Weapons_of_the_Orcs"/>
<prerequisite name="Vol._I%2C_Book_6%2C_Chapter_6%3A_Challenging_the_Stone"/>
</prerequisites>
<rewards>
<money gold="0" silver="38" copper="64"/>
<selectOneOf>
<object name="Randirthan" pageURL="/wiki/Armour:Randirthan" iconURL="http://content.turbine.com/sites/lorebook.lotro.com/images/icons/item/shield/eq_angmar_shield_02.png" quantity="1"/>
<object name="Erphadanir" pageURL="/wiki/Armour:Erphadanir" iconURL="http://content.turbine.com/sites/lorebook.lotro.com/images/icons/item/legs/eq_angmar_medium_legs_02.png" quantity="1"/>
</selectOneOf>
</rewards>
</quest>
