<?xml version="1.0" encoding="UTF-8"?>
<quest id="1879050165" key="Calming_the_Wake" title="Calming the Wake" category="Bree-land" scope="" questArc="Calming the Wake" minimumLevel="13" type="STANDARD" size="SOLO" faction="FREE_PEOPLES" repeatable="false" instanced="false" description="Guides out of Bree fear for their charges as the terror of the Barrow-downs are now unleashed in the north. This unexpected course has forced them to drastic action." bestower="Reginald Sickleweed (NPC)" bestowerText="'The constables warned us of reports of evil swelling and pouring out of the Barrow-downs -- it appears we should have listened. Here we are now, holed up in this hollow with the foreboding forest at our west and unknown terrors at our east.&#13;&#10;&#13;&#10;'Perhaps it is fortune that brings you here. We are in dire need of aid, and it seems that your arrival is providence. It seems that the passage of some shadow has stirred this land and surrounded it in evil.&#13;&#10;&#13;&#10;'We have set ourselves here, but while here, it would be good to help the folk of Bree. Please, if you would, hunt down the fiendish wights dwelling now in these barrows.'" objectives="Objective 1:&#13;&#10;Wights can be found throughout the Barrow-downs, east and north of the guides' camp.&#13;&#10;&#13;&#10;Through their own folly, the guides have become trapped. While here they wish to assist the Watchers of Bree by reducing the threat found in the Barrow-downs.&#13;&#10;• Defeat wights in the northern Barrow-downs (12)&#13;&#10;Objective 2:&#13;&#10;You will find Reginald Sickleweed at the makeshift camp between the Old Forest and the northern Barrow-downs.&#13;&#10;&#13;&#10;You should now return to Reginald Sickleweed and tell him that you have begun to purge the wights from the Barrow-downs.&#13;&#10;• Talk to Reginald Sickleweed in the Barrow-downs (Reginald Sickleweed)">
<nextQuests>
<nextQuest name="Purging_the_Dead"/>
<nextQuest name="Fled_to_the_South"/>
</nextQuests>
<rewards>
<money gold="0" silver="3" copper="20"/>
<reputation>
<reputationItem faction="Men of Bree" amount="300"/>
</reputation>
<object name="Grimbriar's Bracelet" pageURL="/wiki/Item:Grimbriar's_Bracelet" iconURL="http://content.turbine.com/sites/lorebook.lotro.com/images/icons/item/jewelry/eq_breeland_bracelet_06.png" quantity="1"/>
</rewards>
</quest>
