<?xml version="1.0" encoding="UTF-8"?>
<quest id="1879049236" key="Vol._I,_Book_1,_Chapter_3:_Blackwolds_Broken" title="Vol. I, Book 1, Chapter 3: Blackwolds Broken" category="Epic - Vol. I, Book 1: Stirrings in the Darkness" scope="Epic" questArc="Volume I, Book 1: Stirrings in the Darkness" minimumLevel="11" type="EPIC" size="SOLO" faction="FREE_PEOPLES" repeatable="false" instanced="false" description="At Strider's request, you have travelled to Combe to help Constable Underhill investigate if the Blackwold brigands are truly no longer a threat to the people of the Chetwood." bestower="Constable Underhill (NPC)" bestowerText="'Well, I suppose you're right. I should make sure those Blackwolds aren't hiding in that cave of theirs again, mustering their strength. But I'll want some help!&#13;&#10;&#13;&#10;'Will you travel with me to Skunkwood's old hideout? It's south of the guard-house at the north-east end of Staddle Pond, near Staddle Falls. If they are gathering there, I'll need help driving them out again! When you are ready, come back, and we'll go together to the old hideout.'" objectives="Objective 1:&#13;&#10;The Blackwolds' old hideout is found south of the Combe guard-house, near Staddle Falls at the north-east end of Staddle pond.&#13;&#10;&#13;&#10;Constable Underhill has decided that it is probably a good idea to take a look in the Blackwolds' old hideout, to make sure they aren't mustering there again. He has asked, however, that you accompany him.&#13;&#10;• Speak to Constable Underhill&#13;&#10;Objective 2:&#13;&#10;Speak to Constable Underhill.&#13;&#10;&#13;&#10;You infiltrated the Blackwolds' hideout and defeated several of them, at the request of Constable Underhill.&#13;&#10;• Talk to Constable Underhill">
<prerequisites>
<prerequisite name="Vol._I%2C_Book_1%2C_Chapter_2%3A_To_a_Constable%27s_Aid"/>
</prerequisites>
<nextQuests>
<nextQuest name="Vol._I%2C_Book_1%2C_Chapter_4%3A_Dark_Designs"/>
</nextQuests>
<rewards>
<money gold="0" silver="1" copper="80"/>
<reputation>
<reputationItem faction="Men of Bree" amount="700"/>
</reputation>
<selectOneOf>
<object name="Constable's Jacket" pageURL="/wiki/Armour:Constable's_Jacket" iconURL="http://content.turbine.com/sites/lorebook.lotro.com/images/icons/item/chest/eq_breeland_medium_chest_02.png" quantity="1"/>
<object name="Constable's Hammer" pageURL="/wiki/Weapon:Constable's_Hammer" iconURL="http://content.turbine.com/sites/lorebook.lotro.com/images/icons/item/weapon_mace/eq_breeland_1hhammer_02.png" quantity="1"/>
<object name="Resilient Trousers" pageURL="/wiki/Armour:Resilient_Trousers" iconURL="http://content.turbine.com/sites/lorebook.lotro.com/images/icons/item/legs/eq_breeland_light_legs_04.png" quantity="1"/>
</selectOneOf>
</rewards>
</quest>
