<?xml version="1.0" encoding="UTF-8"?>
<quest id="1879051600" key="Shore_Up_the_Fence" title="Shore Up the Fence" category="Shire" scope="" questArc="The Founding Writ" minimumLevel="5" type="STANDARD" size="SOLO" faction="FREE_PEOPLES" repeatable="false" instanced="false" description="Belco Brockhouse found a copy of the Founding Writ of the Shire, but will not give it up until he has received some services in return." bestower="Belco Brockhouse (NPC)" bestowerText="'You see them coneys running all over my garden there? Since all them holes appeared in my stone fences, I can't keep the devils out. I've been wanting to gather up some new field stones to patch them up, but haven't found the time yet to do it.&#13;&#10;&#13;&#10;'There's a great big willow down the hill and to the south-east, directly south of Longo Burrow's farm -- you can find many stones o' different sizes down there. Bring me a variety o' them, if you would. Never know what I'll need to patch the fences!&#13;&#10;&#13;&#10;'Hurry along now, or I'll be giving the Writ to the coneys!'" objectives="Objective 1:&#13;&#10;Field stones can be found south of Longo Burrow's farm near the big willow. Belco lives north-west of the willow, on the upper slopes of Tuckborough.&#13;&#10;&#13;&#10;Belco Brockhouse's fences need mending, and he has asked you to gather stones from the field for him to use in patching them.&#13;&#10;• Bring field stones to Belco Brockhouse (Belco Brockhouse)&#13;&#10;• Collect flat field-stones (3 Flat Field-stone)&#13;&#10;• Collect small field-stones (4 Small Field-stone)&#13;&#10;• Collect large field-stones (2 Large Field-stone)">
<prerequisites>
<prerequisite name="The_Founding_Writ"/>
</prerequisites>
<nextQuests>
<nextQuest name="Belco%27s_Writ"/>
</nextQuests>
<rewards>
<money gold="0" silver="0" copper="90"/>
<object name="Gift Mathom" pageURL="/wiki/Item:Gift_Mathom" iconURL="http://content.turbine.com/sites/lorebook.lotro.com/images/icons/item/reputation/it_reputation_shire_mathoms_gift.png" quantity="1"/>
</rewards>
</quest>
