<?xml version="1.0" encoding="UTF-8"?>
<quest id="1879048546" key="Prologue:_The_Hideout" title="Prologue: The Hideout" category="Epic - Vol. I, Prologue" scope="Epic" questArc="Bree-land Epic Prologue" minimumLevel="8" type="EPIC" size="SOLO" faction="FREE_PEOPLES" repeatable="false" instanced="false" description="Ellie Cutleaf has arranged a meeting with Skunkwood and offered to lead you to the Blackwold's hideout." bestower="Ellie Cutleaf (NPC)" bestowerText="'Ye've done all that was asked of ye, and done a good job o' it too, so I suppose it's time to show ye where to find Skunkwood. He's second under Éogan, one o' the strange men that I mentioned. Skunkwood handed the Blackwolds over to them a short time ago, that's when bad changes started taking place around here.&#13;&#10;&#13;&#10;'Skunkwood's used me, and a lot o' other good folk here in Combe. Everything ye've seen so far in the Chetwood should prove that to you. We've risked a lot to have a chance to stop the Blackwolds once and for all, (your name). It is time we finish this.&#13;&#10;&#13;&#10;'The hideout is located at the foot of the Staddle Falls at the north-west end of Staddle Pond. You'll be welcomed inside. Maybe you'd best go talk to that fellow what you're working for first though.'" objectives="Objective 1:&#13;&#10;Toradan is in his room up the stairs across the common room in The Comb and Wattle Inn, south-east of Ellie Cutleaf's house.&#13;&#10;&#13;&#10;Ellie provided you with directions to the Blackwold hideout and assured you that you would be welcomed within. She also mentioned that Éogan and Skunkwood discussed the recent capture of Amdir. She suggested you speak with Toradan before continuing to the hideout.&#13;&#10;• Talk to Toradan&#13;&#10;Objective 2:&#13;&#10;The entrance to the Blackwolds' hideout is next to Staddle Falls, at the north-east end of the Staddle Pond, south of the guard-house.&#13;&#10;&#13;&#10;Toradan told you to enter the Blackwolds' hideout and speak to Skunkwood. Once you learn the location of Amdir, you are to free him and help him escape.&#13;&#10;• Enter the Blackwolds' hideout&#13;&#10;Objective 3:&#13;&#10;Constable Underhill is in Combe centre, near The Comb and Wattle Inn.&#13;&#10;&#13;&#10;Toradan's plan to free Amdir came to a shocking end, as Amdir was driven insane by his morgul-wound and slew Toradan. Amdir now seems bent on destroying all the Rangers. Constable Underhill must know of this development.&#13;&#10;• Talk to Constable Underhill">
<prerequisites>
<prerequisite name="Prologue%3A_A_Critical_Strike"/>
</prerequisites>
<nextQuests>
<nextQuest name="Prologue%3A_Chasing_Amdir"/>
</nextQuests>
<rewards>
<money gold="0" silver="1" copper="80"/>
<selectOneOf>
<object name="Watchman's Shirt" pageURL="/wiki/Armour:Watchman's_Shirt" iconURL="http://content.turbine.com/sites/lorebook.lotro.com/images/icons/item/chest/eq_breeland_hideout_chest_01.png" quantity="1"/>
<object name="Guardman's Shirt" pageURL="/wiki/Armour:Guardman's_Shirt" iconURL="http://content.turbine.com/sites/lorebook.lotro.com/images/icons/item/chest/eq_breeland_hideout_chest_02.png" quantity="1"/>
</selectOneOf>
</rewards>
</quest>
