<?xml version="1.0" encoding="UTF-8"?>
<quest id="1879054233" key="Treasures_from_the_Fields" title="Treasures from the Fields" category="North Downs" scope="" questArc="Mincham's Dream" minimumLevel="20" type="STANDARD" size="SOLO" faction="FREE_PEOPLES" repeatable="false" instanced="false" description="Many old treasures from before the days of Fornost's downfall still remain in the Fields of Fornost." bestower="Colbert the Mad (NPC)" bestowerText="'You look like you could use a key. A key to a treasure, I say!&#13;&#10;&#13;&#10;'Eh? What kind? Well, how should I know what kind? If I knew, I'd have it already, wouldn't I? All I know is this key will open something out there, out in the fields...where those evil bears roam. Them bears are the real threat out there, not them old ghosts.&#13;&#10;&#13;&#10;'Nope, won't catch me going out amongst those bears. They're evil, I tell you! But you, maybe you want to go for me? Just go out to the north-east and look for some ruins where there are all kinds of ghosts. And beware the bears!'" objectives="Objective 1:&#13;&#10;The chest your key opens is supposed to be in some ghost-infested ruins to the north-east of Mincham's camp.&#13;&#10;&#13;&#10;Colbert has given you a key which he says will open a treasure in the Fields of Fornost.&#13;&#10;• Use Old Chest&#13;&#10;Objective 2:&#13;&#10;Colbert is at Mincham's camp.&#13;&#10;&#13;&#10;You retrieved a bracelet from the chest, which Colbert might have a use for.&#13;&#10;• Talk to Colbert the Mad&#13;&#10;• Turn in Golden Bracelet&#13;&#10;• Turn in Colbert's Key">
<prerequisites>
<prerequisite name="The_Dream_Voice"/>
</prerequisites>
<nextQuests>
<nextQuest name="The_Bracelet%27s_Past"/>
</nextQuests>
<rewards>
<money gold="0" silver="11" copper="50"/>
</rewards>
</quest>
