<?xml version="1.0" encoding="UTF-8"?>
<quest id="1879048623" key="Moving_Mountains" title="Moving Mountains" category="Urugarth" scope="" questArc="Lord of the Gertheryg" minimumLevel="45" type="STANDARD" size="FELLOWSHIP" faction="FREE_PEOPLES" repeatable="false" instanced="false" description="The Gertheryg, the terrible troll-kin of Angmar, pose one of the greatest threats to the Free Peoples." bestower="Táni (NPC)" bestowerText="'No doubt you are here at the behest of my cousin. Your help may or may not be needed, but as you seem to have experience in these matters, let me explain the situation.&#13;&#10;&#13;&#10;'Long have my brethren and I suffered the trolls of Angmar, the Gertheryg. We must strike a blow against Angmar by defeating these creatures and their master.&#13;&#10;&#13;&#10;'The fortress-city of Urugarth is their stronghold. Cross the narrow bridge, and eventually the path turns south to Urugarth -- or so it is said.'" objectives="Objective 1:&#13;&#10;Gertheryg may be found in Urugarth, west of Tármunn Súrsa.&#13;&#10;&#13;&#10;Táni asked you to seek out the trolls and their leader and slay them all.&#13;&#10;• Kill 1 Dushkâl&#13;&#10;• Defeat trolls in Urugarth (10)&#13;&#10;Objective 2:&#13;&#10;Táni is at Tármunn Súrsa, east of Urugarth.&#13;&#10;&#13;&#10;With the trolls and their leader defeated, it is time to return to Táni.&#13;&#10;• Talk to Táni">
<nextQuests>
<nextQuest name="Lord_of_the_Gertheryg"/>
</nextQuests>
<rewards>
<money gold="0" silver="49" copper="70"/>
<reputation>
<reputationItem faction="Council of the North" amount="900"/>
</reputation>
<selectOneOf>
<object name="Táni's Boots" pageURL="/wiki/Armour:Táni's_Boots" iconURL="http://content.turbine.com/sites/lorebook.lotro.com/images/icons/item/feet/eq_angmar_light_feet_06.png" quantity="1"/>
<object name="Estellin" pageURL="/wiki/Item:Estellin" iconURL="http://content.turbine.com/sites/lorebook.lotro.com/images/icons/item/jewelry/eq_angmar_ring_03.png" quantity="1"/>
</selectOneOf>
</rewards>
</quest>
