<?xml version="1.0" encoding="UTF-8"?>
<quest id="1879048438" key="Vol._I,_Book_3,_Chapter_5,_Part_III_of_III:_Might_of_the_Elves" title="Vol. I, Book 3, Chapter 5, Part III of III: Might of the Elves" category="Epic - Vol. I, Book 3: The Council of the North" scope="Epic" questArc="Volume I, Book 3: The Council of the North" minimumLevel="31" type="EPIC" size="SOLO" faction="FREE_PEOPLES" repeatable="false" instanced="false" description="After defeating the Uruk Drukordh, Gildor told you that the Elves of Lin Giliath shall come to the Council of Esteldín." bestower="Gildor Inglorion (NPC)" bestowerText="'With the Uruk Drukordh slain, the threat of the Orcs is lessened, and I am free to come to the Council of Esteldín.&#13;&#10;&#13;&#10;'You should bring word to Halbarad that we shall attend him, and that we will arrive soon!&#13;&#10;&#13;&#10;'Your brave deeds may yet prove a strong foundation for our defences.'" objectives="Objective 1:&#13;&#10;Halbarad can be found in Esteldín.&#13;&#10;&#13;&#10;Gildor told you to bring word to Halbarad that the Elves have agreed to come to the Council of Esteldín.&#13;&#10;• Talk to Halbarad">
<prerequisites>
<prerequisite name="Vol._I%2C_Book_3%2C_Chapter_5%2C_Part_II_of_III%3A_Tending_the_Glade"/>
</prerequisites>
<nextQuests>
<nextQuest name="Vol._I%2C_Book_3%2C_Chapter_7%3A_The_Council_Assembled"/>
</nextQuests>
<rewards>
<reputation>
<reputationItem faction="Rangers of Esteldín" amount="500"/>
</reputation>
</rewards>
</quest>
