<?xml version="1.0" encoding="UTF-8"?>
<quest id="1879048590" key="Vol._I,_Book_8,_Chapter_1:_The_Flickering_Flame" title="Vol. I, Book 8, Chapter 1: The Flickering Flame" category="Epic - Vol. I, Book 8: The Scourge of the North" scope="Epic" questArc="Volume I, Book 8: The Scourge of the North" minimumLevel="44" type="EPIC" size="FELLOWSHIP" faction="FREE_PEOPLES" repeatable="false" instanced="false" description="The assault on Carn Dûm saw the freedom of the Ranger Golodir, but proved fruitless as Lorniel perished, and Mordirith, the Steward of Angmar, withdrew into the fastness of the city." bestower="Golodir (NPC)" bestowerText="'I have nothing left, thanks to your carelessness. If you wish to speak with someone, speak with Laerdan. He will have to continue the fight on now, without me.&#13;&#10;&#13;&#10;'Now leave me.'&#13;&#10;&#13;&#10;This quest is meant for a fellowship. If you choose to undertake this quest solo you will receive an inspiration bonus, but the challenge will be great." objectives="Objective 1:&#13;&#10;Laerdan is at Gath Forthnír.&#13;&#10;&#13;&#10;Golodir, crushed by his daughter's death, told you to leave him be and to go speak with the Elf Laerdan.&#13;&#10;&#13;&#10;&lt;rgb=#FF0000&gt;This quest is meant for a fellowship. If you choose to undertake this quest solo you will receive an inspiration bonus, but the challenge will be great.&#13;&#10;• Talk to Laerdan&#13;&#10;Objective 2:&#13;&#10;Golodir's gear was given to emissaries from the goblins, dwarves and nomads of Angmar. These emissaries can be found in the spires surrounding Barad Gúlaran to the south of Gath Forthnír.&#13;&#10;&#13;&#10;As a first step in his plan to renew Golodir's spirit, Laerdan has asked you to retrieve the Ranger's weapons and gear from the emissaries within the towers of Barad Gúlaran.&#13;&#10;&#13;&#10;&lt;rgb=#FF0000&gt;This quest is meant for a fellowship. If you choose to undertake this quest solo you will receive an inspiration bonus, but the challenge will be great.&#13;&#10;• Bring Golodir's gear to Laerdan (Laerdan)&#13;&#10;• Turn in Golodir's Sword&#13;&#10;• Turn in Golodir's Mail-shirt&#13;&#10;• Turn in Gondorian Shield">
<prerequisites>
<prerequisite name="Vol._I%2C_Book_7%2C_Chapter_8%3A_The_Gates_of_Carn_D%C3%BBm"/>
</prerequisites>
<nextQuests>
<nextQuest name="Vol._I%2C_Book_8%2C_Chapter_2%3A_Rekindling_the_Flame"/>
</nextQuests>
<rewards>
<money gold="0" silver="39" copper="20"/>
<reputation>
<reputationItem faction="Council of the North" amount="1200"/>
</reputation>
<selectOneOf>
<object name="Laerdan's Axe" pageURL="/wiki/Weapon:Laerdan's_Axe" iconURL="http://content.turbine.com/sites/lorebook.lotro.com/images/icons/item/weapon_axe/eq_angmar_1haxe_02.png" quantity="1"/>
<object name="Rochbenaith" pageURL="/wiki/Weapon:Rochbenaith" iconURL="http://content.turbine.com/sites/lorebook.lotro.com/images/icons/item/weapon_spear/eq_angmar_spear_05.png" quantity="1"/>
<object name="Laerdan's Earring" pageURL="/wiki/Item:Laerdan's_Earring" iconURL="http://content.turbine.com/sites/lorebook.lotro.com/images/icons/item/jewelry/eq_angmar_earring_06.png" quantity="1"/>
<object name="Cúrain" pageURL="/wiki/Weapon:Cúrain" iconURL="http://content.turbine.com/sites/lorebook.lotro.com/images/icons/item/weapon_bow/eq_angmar_bow_07.png" quantity="1"/>
</selectOneOf>
</rewards>
</quest>
