<?xml version="1.0" encoding="UTF-8"?>
<quest id="1879048619" key="Lifting_the_Yoke" title="Lifting the Yoke" category="Carn Dûm" scope="" questArc="Lifting the Yoke" minimumLevel="45" type="STANDARD" size="FELLOWSHIP" faction="FREE_PEOPLES" repeatable="false" instanced="false" description="Carn Dûm is the evil heart of Angmar, a terrible city protected by gates and hordes of Orc-warriors." bestower="Éa (NPC)" bestowerText="'(your class), you must help me. My people are gone, spirited away by the Orc-slavers of Carn Dûm.&#13;&#10;&#13;&#10;'These slavers raid our villages and take our best warriors away to toil in their work-camps. Chained and shackled, they are forced to labour for the False King. Those that become injured or fall ill are left to die.'&#13;&#10;&#13;&#10;'My husband, Erscin, is among the captured slaves -- if he even lives and breathes. Please hurry! The slaves must be freed. You will find them in Carn Dûm, far to the west.'" objectives="Objective 1:&#13;&#10;Carn Dûm lies to the west of Tármunn Súrsa.&#13;&#10;&#13;&#10;Éa's husband Erscin and his fellow warriors were captured by Orcs and taken to Carn Dûm. She has asked you to enter Carn Dûm and rescue Erscin.&#13;&#10;• Free slaves in Carn Dûm (2)&#13;&#10;Objective 2:&#13;&#10;Éa is at Tármunn Súrsa, east of Carn Dûm.&#13;&#10;&#13;&#10;The slaves of Carn Dûm were set free and may now return to their homes, but you were unable to find Éa's husband, Erscin. You should return to Éa with the news.&#13;&#10;• Talk to Éa">
<prerequisites>
<prerequisite name="Vol._I%2C_Book_6%2C_Chapter_6%3A_Challenging_the_Stone"/>
</prerequisites>
<nextQuests>
<nextQuest name="The_Strongest_Back"/>
</nextQuests>
<rewards>
<money gold="0" silver="49" copper="70"/>
<reputation>
<reputationItem faction="Council of the North" amount="900"/>
</reputation>
<selectOneOf>
<object name="Ethirthail" pageURL="/wiki/Armour:Ethirthail" iconURL="http://content.turbine.com/sites/lorebook.lotro.com/images/icons/item/feet/eq_angmar_light_feet_03.png" quantity="1"/>
<object name="Slave's Defence" pageURL="/wiki/Armour:Slave's_Defence" iconURL="http://content.turbine.com/sites/lorebook.lotro.com/images/icons/item/shield/eq_angmar_shield_06.png" quantity="1"/>
</selectOneOf>
</rewards>
</quest>
