<?xml version="1.0" encoding="UTF-8"?>
<quest id="1879048589" key="Vol._I,_Book_7,_Chapter_3:_Opening_the_Way" title="Vol. I, Book 7, Chapter 3: Opening the Way" category="Epic - Vol. I, Book 7: The Hidden Hope" scope="Epic" questArc="Volume I, Book 7: The Hidden Hope" minimumLevel="42" type="EPIC" size="SOLO" faction="FREE_PEOPLES" repeatable="false" instanced="false" description="You retrieved the scroll from Raghnall, but it was written in Black Speech, which Lorniel is unable to translate." bestower="Lorniel (NPC)" bestowerText="'I fear we may have been deceived, (your name), for this scroll is written in Black Speech and may say nothing of value. I cannot say, for Black Speech is not a tongue with which I am familiar. Even so, I would know what this says.&#13;&#10;&#13;&#10;'Perhaps the Elf Laerdan may have some proficiency in this writing. He is an old friend of my father's and is here in Gath Forthnír.&#13;&#10;&#13;&#10;'Take the scroll to him and ask him his opinion. If it may help us free my father, then we must learn its secrets at once!'" objectives="Objective 1:&#13;&#10;Laerdan is in Gath Forthnír.&#13;&#10;&#13;&#10;Lorniel suggested you seek out an Elf named Laerdan in hopes of learning what Raghnall's scroll would reveal.&#13;&#10;• Talk to Laerdan&#13;&#10;Objective 2:&#13;&#10;Elrond Halfelven is at Rivendell in the Trollshaws.&#13;&#10;&#13;&#10;Laerdan, also unable to translate the scroll, sent you to Rivendell to speak with Elrond Halfelven.&#13;&#10;• Talk to Elrond&#13;&#10;• Turn in Tattered Scroll">
<prerequisites>
<prerequisite name="Vol._I%2C_Book_7%2C_Chapter_2%3A_Crossing_the_Shadow"/>
</prerequisites>
<nextQuests>
<nextQuest name="Vol._I%2C_Book_7%2C_Chapter_4%3A_Dwarf_Mastery"/>
</nextQuests>
<rewards>
<money gold="0" silver="23" copper="80"/>
</rewards>
</quest>
