<?xml version="1.0" encoding="UTF-8"?>
<quest id="1879048594" key="Discovering_the_Source" title="Discovering the Source" category="Angmar" scope="" questArc="Foul Waters" minimumLevel="44" type="STANDARD" size="SMALL_FELLOWSHIP" faction="FREE_PEOPLES" repeatable="false" instanced="false" description="The pools of Imlad Balchorth are noxious pits of foul water. No one knows if the corruption stems from the Enemy's industry or from a more sinister source." bestower="Thorod (NPC)" bestowerText="'This water appears to addle the senses but does little else. The Rangers have stated that the water is deadly poison. Perhaps they refer to the western pools?&#13;&#10;&#13;&#10;'If their words are true, collecting the water from the western pools will prove most hazardous. You must be careful lest a single drop touch your skin. The stuff is deadly poison and will stop your heart in your chest.&#13;&#10;&#13;&#10;'Venture back to Imlad Balchorth and draw water from the poisonous, roiling floods of the western pools. It may provide the answers I seek.'" objectives="Objective 1:&#13;&#10;The pools of Imlad Balchorth are to the west of Myrkworth.&#13;&#10;&#13;&#10;The waters in the western parts of Imlad Balchorth are infused with deadly poison, and Thorod wishes to determine the cause.&#13;&#10;• Use Roiling Deadly Water&#13;&#10;• Turn in Phial&#13;&#10;Objective 2:&#13;&#10;Thorod is in Myrkworth, east of Imlad Balchorth.&#13;&#10;&#13;&#10;Your phials are filled with the deadly water from the roiling pools of Imlad Balchorth.&#13;&#10;• Talk to Thorod&#13;&#10;• Turn in Phial of Deadly Water">
<prerequisites>
<prerequisite name="Foul_Waters"/>
</prerequisites>
<nextQuests>
<nextQuest name="Further_Upstream"/>
</nextQuests>
<rewards>
<money gold="0" silver="24" copper="50"/>
<reputation>
<reputationItem faction="Council of the North" amount="500"/>
</reputation>
</rewards>
</quest>
