<?xml version="1.0" encoding="UTF-8"?>
<quest id="1879048231" key="Adso%27s_Delivery" title="Adso's Delivery" category="Bree-land" scope="" questArc="Unfair Cost of Business" minimumLevel="11" type="STANDARD" size="SOLO" faction="FREE_PEOPLES" repeatable="false" instanced="false" description="Adso Haybank, a hobbit of Bree, runs a hunting lodge and way station along the Great East Road. In order to facilitate the building of the lodge, his endeavour ran afoul of unsavoury sorts and now payments are coming due." bestower="Adso Haybank (NPC)" bestowerText="'Hey, friend, you're not from around here, and that may be a good thing. This is serious business, and I can't trust any of these louts with something so...so delicate. Making a place of my own took an unexpected turn not so long ago, and I am loath to tell my workers what has happened. I hope that you can help me with this matter. This satchel holds the last payment I need to make to ensure the safety of the folks here and the sanctity of this soon-to-be-splendid landmark.&#13;&#10;&#13;&#10;'Just take it to the Old Sweetgrass Farm, a little ways north-east of here, and give it over to the man who answers the door. It may be Bill -- Bill Ferny that is -- or one of his helpers.&#13;&#10;&#13;&#10;'Bill said he'll only be there at night, so don't waste your time hanging around during the day to catch a glimpse of him. Just knock on the door or ring the bell and hand over the satchel, hear me?'" objectives="Objective 1:&#13;&#10;Bill Ferny or his agent will be at the Old Sweetgrass Farm, north-east of Adso Haybank's camp.&#13;&#10;&#13;&#10;In order to reduce his debt, Adso Haybank has asked you to take a satchel to a man named Bill Ferny. He warns you that you will only find Ferny at the arranged meeting place after nightfall. You must ring the bell to let Ferny or his agent know you have arrived.&#13;&#10;• Turn in Adso's Satchel&#13;&#10;Objective 2:&#13;&#10;Adso Haybank's camp lies south-west of the Old Sweetgrass Farm.&#13;&#10;&#13;&#10;Adso Haybank sent you to deliver a payment to the brutish Bill Ferny and now awaits your return.&#13;&#10;• Talk to Adso Haybank at Adso's Camp (Adso Haybank)">
<prerequisites>
<prerequisite name="Vol._I%2C_Book_1%2C_Chapter_7%3A_Horn-call_of_Buckland"/>
<prerequisite name="Mr._Haybank_Meet...."/>
<prerequisite name="Informing_Grimbriar"/>
</prerequisites>
<nextQuests>
<nextQuest name="Supplies_and_Demands"/>
<nextQuest name="Down-payments"/>
<nextQuest name="A_Matter_of_Feed"/>
</nextQuests>
<rewards>
<money gold="0" silver="2" copper="15"/>
</rewards>
</quest>
