<?xml version="1.0" encoding="UTF-8"?>
<quest id="1879048504" key="Vol._I,_Book_1,_Chapter_11:_Othrongroth" title="Vol. I, Book 1, Chapter 11: Othrongroth" category="Epic - Vol. I, Book 1: Stirrings in the Darkness" scope="Epic" questArc="Volume I, Book 1: Stirrings in the Darkness" minimumLevel="16" type="EPIC" size="SOLO" faction="FREE_PEOPLES" repeatable="false" instanced="false" description="You learned from the woman Andraste that the Lord of the Nazgûl was travelling to a place called Othrongroth. If you could spy on the Witch-king at this place, you might learn more of his plans." bestower="Tom Bombadil (NPC)" bestowerText="'The Great Barrow is not a place for weak hearts or frail limbs. Wicked wights and evil lords make merry in their terror. They've never caught Old Tom and never will they. He's the Master!&#13;&#10;&#13;&#10;'If you be a-going, Tom will take you!'" objectives="Objective 1:&#13;&#10;Tom Bombadil has agreed to show you the way to Othrongroth, a barrow in the Barrow-downs.&#13;&#10;• Speak to Tom Bombadil&#13;&#10;Objective 2:&#13;&#10;Return to Tom Bombadil and claim your reward.&#13;&#10;&#13;&#10;You and your allies braved the dark depths of Othrongroth and emerged victorious.&#13;&#10;• Talk to Tom Bombadil">
<prerequisites>
<prerequisite name="Vol._I%2C_Book_1%2C_Chapter_10%3A_Into_the_Barrow-downs"/>
</prerequisites>
<nextQuests>
<nextQuest name="Vol._I%2C_Book_1%2C_Chapter_12%3A_The_Black_Rider%27s_Designs"/>
</nextQuests>
<rewards>
<money gold="0" silver="5" copper="50"/>
<reputation>
<reputationItem faction="Men of Bree" amount="900"/>
</reputation>
<selectOneOf>
<object name="Golfadanir" pageURL="/wiki/Armour:Golfadanir" iconURL="http://content.turbine.com/sites/lorebook.lotro.com/images/icons/item/legs/eq_breeland_heavy_legs_01.png" quantity="1"/>
<object name="Froth-fótar" pageURL="/wiki/Armour:Froth-fótar" iconURL="http://content.turbine.com/sites/lorebook.lotro.com/images/icons/item/feet/eq_breeland_medium_feet_02.png" quantity="1"/>
<object name="Toranc" pageURL="/wiki/Armour:Toranc" iconURL="http://content.turbine.com/sites/lorebook.lotro.com/images/icons/item/shoulders/eq_breeland_light_shoulder_02.png" quantity="1"/>
<object name="Gollos" pageURL="/wiki/Item:Gollos" iconURL="http://content.turbine.com/sites/lorebook.lotro.com/images/icons/item/jewelry/eq_breeland_earring_05.png" quantity="1"/>
<object name="Defender of Cardolan" pageURL="/wiki/Weapon:Defender_of_Cardolan" iconURL="http://content.turbine.com/sites/lorebook.lotro.com/images/icons/item/weapon_sword/eq_breeland_2haxe_03.png" quantity="1"/>
</selectOneOf>
</rewards>
</quest>
