<?xml version="1.0" encoding="UTF-8"?>
<quest id="1879048604" key="Vol._I,_Book_7,_Chapter_8:_The_Gates_of_Carn_D%C3%BBm" title="Vol. I, Book 7, Chapter 8: The Gates of Carn Dûm" category="Epic - Vol. I, Book 7: The Hidden Hope" scope="Epic" questArc="Volume I, Book 7: The Hidden Hope" minimumLevel="44" type="EPIC" size="FELLOWSHIP" faction="FREE_PEOPLES" repeatable="false" instanced="false" description="With the key to Carn Dûm in hand, the time has come to move against the forces of the False King and try to rescue Golodir." bestower="Lorniel (NPC)" bestowerText="'Your efforts have renewed my hope, (your name). The time has come to move against the False King. Fortunately, I have just received word from Raghnall that my father was being moved outside of Carn Dûm to Rhunendin. With the key you have forged, no door will be barred to us. We will never have a better chance to free my father!&#13;&#10;&#13;&#10;'Are you with me? If so, speak with me again when you are ready to leave.'&#13;&#10;&#13;&#10;This quest is meant for a fellowship. If you choose to undertake this quest solo you will receive an inspiration bonus, but the challenge will be great." objectives="Objective 1:&#13;&#10;Lorniel awaits you at Gath Forthnír in eastern Angmar.&#13;&#10;&#13;&#10;Lorniel told you to speak with her again when you were ready to begin your raid on Carn Dûm.&#13;&#10;&#13;&#10;&lt;rgb=#FF0000&gt;This quest is meant for a fellowship. If you choose to undertake this quest solo you will receive an inspiration bonus, but the challenge will be great.&#13;&#10;• Talk to Lorniel&#13;&#10;Objective 2:&#13;&#10;Golodir is at Gath Forthnír.&#13;&#10;&#13;&#10;You have rescued Golodir, but at a terrible cost. The False King, Mordirith, appeared and slew her. You were able to weaken Mordirith and escape with Golodir back to Gath Forthnír.&#13;&#10;• Talk to Golodir">
<prerequisites>
<prerequisite name="Vol._I%2C_Book_7%2C_Chapter_7%3A_The_Key_Forged"/>
</prerequisites>
<nextQuests>
<nextQuest name="Vol._I%2C_Book_8%2C_Chapter_1%3A_The_Flickering_Flame"/>
<nextQuest name="I.7.8_Tale%3A_The_Gates_of_Carn_D%C3%BBm"/>
</nextQuests>
<rewards>
<money gold="0" silver="49" copper="0"/>
<object name="Gates of Carn Dûm Key" pageURL="/wiki/Item:Gates_of_Carn_Dûm_Key" iconURL="http://content.turbine.com/sites/lorebook.lotro.com/images/icons/item/key/key_angmar_carndum_gatekey.png" quantity="1"/>
<selectOneOf>
<object name="Faercharab" pageURL="/wiki/Armour:Faercharab" iconURL="http://content.turbine.com/sites/lorebook.lotro.com/images/icons/item/head/eq_angmar_light_head_06.png" quantity="1"/>
<object name="Faerthol" pageURL="/wiki/Armour:Faerthol" iconURL="http://content.turbine.com/sites/lorebook.lotro.com/images/icons/item/head/eq_angmar_medium_head_06.png" quantity="1"/>
<object name="Faerchar" pageURL="/wiki/Armour:Faerchar" iconURL="http://content.turbine.com/sites/lorebook.lotro.com/images/icons/item/head/eq_angmar_heavy_head_06.png" quantity="1"/>
<object name="Gaelnin" pageURL="/wiki/Item:Gaelnin" iconURL="http://content.turbine.com/sites/lorebook.lotro.com/images/icons/item/jewelry/eq_angmar_earring_05.png" quantity="1"/>
</selectOneOf>
</rewards>
</quest>
