<?xml version="1.0" encoding="UTF-8"?>
<quest id="1879056943" key="Dark_Vengeance" title="Dark Vengeance" category="Angmar" scope="" questArc="Dark Vengeance" minimumLevel="39" type="STANDARD" size="SMALL_FELLOWSHIP" faction="FREE_PEOPLES" repeatable="false" instanced="false" description="Eilig, a warrior of the Trév Gállorg, seeks to cause disarray in the ranks of the Orcs that have taken the city of Dûn Covád and to visit his vengeance upon them for his sister, as well." bestower="Eilig (NPC)" bestowerText="'We have fought against the Trév Duvárdain and we have fought against the Orcs, and we will continue doing so until we are defeated or we drive each of them from our lands!&#13;&#10;&#13;&#10;'Far to the north of Aughaire, the Orcs have taken the old city of Dûn Covád in the western hills. Two of their leaders are known to me: Nûlthauk and Ranghâsh. If you are able to defeat one or both of them, their ranks may fall into disarray.&#13;&#10;&#13;&#10;'But that is a secondary consideration for me. Several months ago, these Orcs were part of the band that slew my sister Mairád. If you slay one of them, the other will know my vengeance is coming, either soon or late. That will be enough for me. Bring an ally or two, for the city is dark and full of peril.'" objectives="Objective 1:&#13;&#10;The Orcs Nûlthauk and Ranghâsh are in the city of Dûn Covád, far to the north of Aughaire, among the western hills.&#13;&#10;&#13;&#10;Eilig has asked you to defeat one of the two Orcs that slew his sister and so avenge her memory.&#13;&#10;• Kill 1 War-master Ranghâsh&#13;&#10;• Kill 1 Chieftain Nûlthauk&#13;&#10;Objective 2:&#13;&#10;Eilig is in the Búth Luikh in Aughaire.&#13;&#10;&#13;&#10;You should return to Eilig and tell him of your journey into Dûn Covád.&#13;&#10;• Talk to Eilig">
<prerequisites>
<prerequisite name="Crannog%27s_Third_Challenge"/>
</prerequisites>
<nextQuests>
<nextQuest name="A_Distant_Uncle"/>
</nextQuests>
<rewards>
<money gold="0" silver="36" copper="40"/>
<selectOneOf>
<object name="Golubadanir" pageURL="/wiki/Armour:Golubadanir" iconURL="http://content.turbine.com/sites/lorebook.lotro.com/images/icons/item/legs/eq_angmar_heavy_legs_01.png" quantity="1"/>
<object name="Brecham" pageURL="/wiki/Armour:Brecham" iconURL="http://content.turbine.com/sites/lorebook.lotro.com/images/icons/item/chest/eq_angmar_light_chest_01.png" quantity="1"/>
<object name="Ranghâsh's Defeat" pageURL="/wiki/Item:Ranghâsh's_Defeat" iconURL="http://content.turbine.com/sites/lorebook.lotro.com/images/icons/item/jewelry/eq_angmar_bracelet_02.png" quantity="1"/>
</selectOneOf>
</rewards>
</quest>
