<?xml version="1.0" encoding="UTF-8"?>
<quest id="1879054205" key="Orders_from_the_Front" title="Orders from the Front" category="North Downs" scope="" questArc="The Black Tide of Angmar" minimumLevel="27" type="STANDARD" size="SOLO" faction="FREE_PEOPLES" repeatable="false" instanced="false" description="A great host of Orcs spilled through Ram Dúath, driving the Men of the North Downs from their farms. Esteldín, home of the few remaining Dúnedain of the North, was spared discovery. It is from there that the Rangers begin to plan their counter-offensive against the black tide of Angmar." bestower="Daervunn (NPC)" bestowerText="'The banners you brought confirm my fears, (your name). The Orcs are not some ravaging horde sent hither without direction.&#13;&#10;&#13;&#10;'These banners belong to three tribes. Each tribe performs a different purpose. At Nan Wathren, the Orcs attack Trestlebridge relentlessly, trying to force their way into Bree-land. At Gosgenethad, the Orcs are the defenders of Fornost. South at Dol Dínen, they prepare for a long occupation.&#13;&#10;&#13;&#10;'We must know their strengths and their intent. The camp in the south, at Dol Dínen, seems to be the most fortified. You must infiltrate this camp and find their orders. I would not go beyond their outer camps.'" objectives="Objective 1:&#13;&#10;The orders may be found at one of the outer camps in Dol Dínen, south-east of Esteldín.&#13;&#10;&#13;&#10;Concerned by the coordinated efforts of three Orc-tribes in the invasion of the North Downs, Daervunn has asked you to seek out their orders.&#13;&#10;• Collect Uruk-orders&#13;&#10;Objective 2:&#13;&#10;Daervunn may be found in Esteldín, northwest of the camps at Dol Dínen.&#13;&#10;&#13;&#10;Return the Uruk-orders to Daervunn in Esteldín.&#13;&#10;• Bring the Uruk-orders to Daervunn (Daervunn)&#13;&#10;• Turn in Uruk-orders">
<prerequisites>
<prerequisite name="The_Black_Tide_of_Angmar"/>
</prerequisites>
<nextQuests>
<nextQuest name="Deciphering_the_Black_Speech"/>
</nextQuests>
<rewards>
<money gold="0" silver="18" copper="55"/>
<reputation>
<reputationItem faction="Rangers of Esteldín" amount="700"/>
</reputation>
</rewards>
</quest>
