<?xml version="1.0" encoding="UTF-8"?>
<quest id="1879048342" key="Prologue:_Dwalin%27s_Bad_Day" title="Prologue: Dwalin's Bad Day" category="Epic - Vol. I, Prologue" scope="Epic" questArc="Ered Luin Epic Prologue (Dwarf Path)" minimumLevel="2" type="EPIC" size="SOLO" faction="FREE_PEOPLES" repeatable="false" instanced="false" description="Unnarr cannot believe that the Dourhands have returned to Thorin's Halls and managed to steal Longbeard gold right from under his nose." bestower="Guard-captain Unnarr (NPC)" bestowerText="'Dwalin is not going to be happy, (your name). There are troubles with Dourhands elsewhere in the Blue Mountains, but we thought they were out of Thorin's Hall forever. And to steal Longbeard gold from the treasury? Unbelievable!&#13;&#10;&#13;&#10;'You had better head north into Thorin's Hall and show Dwalin the Dourhand sword-hilt you recovered from the Silver Deep. You will find him in the Throne Room at the north end of the Hall.&#13;&#10;&#13;&#10;'Burglars and Dourhands be bothered! What did I do to deserve this, I ask you?'" objectives="Objective 1:&#13;&#10;Dwalin is in the throne room of Thorin's Halls, north of the main square.&#13;&#10;&#13;&#10;Unnarr has given you the unhappy task of telling Dwalin that the Dourhands have made off with some Longbeard gold.&#13;&#10;• Talk to Dwalin&#13;&#10;• Turn in Dourhand Sword-hilt">
<prerequisites>
<prerequisite name="Prologue%3A_Beyond_the_Cave-in"/>
</prerequisites>
<nextQuests>
<nextQuest name="Prologue%3A_The_Wisdom_of_the_Thrushes"/>
</nextQuests>
<rewards>
<money gold="0" silver="0" copper="42"/>
</rewards>
</quest>
