<?xml version="1.0" encoding="UTF-8"?>
<quest id="1879054156" key="Scouting_the_Ram_D%C3%BAath" title="Scouting the Ram Dúath" category="North Downs" scope="" questArc="" minimumLevel="26" type="STANDARD" size="SOLO" faction="FREE_PEOPLES" repeatable="false" instanced="false" description="Orcs stormed out of the Ram Dúath and swept across the North Downs. After their passage, Hillmen out of Angmar came through the pass and encamped beyond the cliff faces and treacherous paths." bestower="Dagoras (NPC)" bestowerText="'$PLAYER$, we have need of your assistance. As you are aware, Orcs attacked the North Downs in force, driving farmers from their homes and burning the lands to the south-east. While our attention was turned to the Orcs, we did not notice the Hillmen who came after.&#13;&#10;&#13;&#10;'We are preparing to strike against Angmar, but we are spread so thinly in the North Downs that we cannot fully determine the threat the Hillmen of Angmar pose.&#13;&#10;&#13;&#10;'We need you to scout the Hillman-encampment to the north-east for us. From that camp, head west until you find an outcropping of strange spiny rocks. The pass continues to the north-west of these rocks. We need to know what you find at both places.'" objectives="Objective 1:&#13;&#10;The Hillman-encampment is north-east of Esteldín. The pass is west of the Hillman-encampment, north-west of an outcropping of spiny rocks.&#13;&#10;&#13;&#10;Dagoras has asked you to scout the Hillman-encampment and the pass through which the Hillmen approached to determine the severity of the threat they pose, so that the Rangers can plan a defence against them.&#13;&#10;• Scout the Hillman camp at the Eastern Ram Dúath&#13;&#10;• Scout the pass through the Western Ram Dúath&#13;&#10;Objective 2:&#13;&#10;Dagoras awaits your report at Esteldín.&#13;&#10;&#13;&#10;Angmarim forces have sent a small company of Hillmen to the south-east entrance of Ram Dúath. At the southwest entrance of Ram Dúath, you discovered evidence of many worms and drakes. You should return to Dagoras with your report.&#13;&#10;• Talk to Dagoras at Esteldín (Dagoras)">
<nextQuests>
<nextQuest name="Hillmen_of_the_North"/>
<nextQuest name="Valley_of_the_Worms"/>
</nextQuests>
<rewards>
<money gold="0" silver="18" copper="20"/>
<reputation>
<reputationItem faction="Rangers of Esteldín" amount="500"/>
</reputation>
</rewards>
</quest>
