<?xml version="1.0" encoding="UTF-8"?>
<quest id="1879051693" key="Old_Odo%27s_Leaf-Farm" title="Old Odo's Leaf-Farm" category="Shire" scope="" questArc="Took and Tower" minimumLevel="8" type="STANDARD" size="FELLOWSHIP" faction="FREE_PEOPLES" repeatable="false" instanced="false" description="Rollo Boffin told you of Odo Burrow, Longo's father. He had a farmstead in the south, but Longo abandoned it when his father died. Rollo is curious if Longo is using it again for some other purpose." bestower="Rollo Boffin (NPC)" bestowerText="'If I were to guess where that southbound trail of leaf goes, I would say it winds up at old Odo's leaf-barn. Odo Burrow was Longo's father, and he was everything Longo isn't, meaning he was a fine, respectable hobbit. When old Odo died, Longo inherited everything, including that farmstead to the south of here. Longo abandoned it, but I wonder if he isn't still using it for something.&#13;&#10;&#13;&#10;'If you travel south from the Wellbridge, west of Woodhall, you'll come across the farmstead. If you search the crates and boxes out there, you might find some clue to your missing Took.&#13;&#10;&#13;&#10;'I have a feeling this might be dangerous, (your name). You should bring some friends if you plan on going to that farmhouse.'" objectives="Objective 1:&#13;&#10;Odo Burrow's old leaf-farm is south of the clearing where you found the missing waggon.&#13;&#10;&#13;&#10;When you found Longo's missing waggon, there was no sign of Gerebert Took, but the leaf had been moved southwards. Rollo Boffin suggested you search boxes and crates at Odo Burrow's old farm for some sign of Gerebert. He warned you to bring friends, for it might be dangerous.&#13;&#10;• Search Old Odo's farmstead&#13;&#10;Objective 2:&#13;&#10;Esilia Took can be found near the centre of Tuckborough.&#13;&#10;&#13;&#10;At old Odo's leaf-barn, you stumbled across Gerebert Took. Once you freed him, you were attacked by some strange Men. After defending Gerebert from the Men who attacked you, he escaped and said he would meet you back at Esilia Took's house.&#13;&#10;• Talk to Esilia Took">
<prerequisites>
<prerequisite name="Longo%27s_Missing_Waggon"/>
</prerequisites>
<nextQuests>
<nextQuest name="Took_and_a_Tower"/>
</nextQuests>
<rewards>
<money gold="0" silver="1" copper="5"/>
<object name="Gift Mathom" pageURL="/wiki/Item:Gift_Mathom" iconURL="http://content.turbine.com/sites/lorebook.lotro.com/images/icons/item/reputation/it_reputation_shire_mathoms_gift.png" quantity="1"/>
</rewards>
</quest>
