<?xml version="1.0" encoding="UTF-8"?>
<quest id="1879059560" key="Trotter%27s_Task" title="Trotter's Task" category="North Downs" scope="" questArc="The Black Fire" minimumLevel="19" type="STANDARD" size="SOLO" faction="FREE_PEOPLES" repeatable="false" instanced="false" description="Reynard Trotter is concerned about recent developments in the area. The guards reported hearing a terrible noise during the night. Aggy Digweed, one of the guards, wanted to speak to someone about the event.\n\nTravel to the far side of the Trestlespan and speak with Aggy. Captain Trotter said she'd have more information for you." bestower="Captain Trotter (NPC)" bestowerText="'So good of you to assist us! Several of our guards reported a great commotion during the night. A sound like thunder, with naught a cloud in the sky. So unusual! It's best that you get the whole story from Aggy Digweed. I would go myself but these orc raids are keeping me quite busy.&#13;&#10;&#13;&#10;'Aggy guards the north side of the Trestlespan. In fact, she should be on duty right now. I'm sure it's nothing serious but you can never be too cautious in these dark times.'" objectives="Objective 1:&#13;&#10;Aggy Digweed is to the north of the Trestlespan.&#13;&#10;&#13;&#10;Captain Trotter suggests that Aggy Digweed can shed more light on recent events.&#13;&#10;• Find and speak with Aggy Digweed (Aggy Digweed)">
<nextQuests>
<nextQuest name="Defending_the_Bridge"/>
</nextQuests>
<rewards>
<reputation>
<reputationItem faction="Men of Bree" amount="300"/>
</reputation>
</rewards>
</quest>
