<?xml version="1.0" encoding="UTF-8"?>
<quest id="1879054144" key="Plague-bearer_of_the_North" title="Plague-bearer of the North" category="North Downs" scope="" questArc="Hillmen of the North" minimumLevel="30" type="STANDARD" size="FELLOWSHIP" faction="FREE_PEOPLES" repeatable="false" instanced="false" description="Hillmen from Angmar followed the Orc army through Ram Dúath into the North Downs and established an encampment near the head of the pass. These Hillmen serve to keep open the passage from Angmar." bestower="Arohir (NPC)" bestowerText="'One of our scouts believes he has discovered the leader of the Hillmen. I must caution you now: she is powerful, more so than you or I alone, and you should take care to gather allies to assist you against her.&#13;&#10;&#13;&#10;'At the heart of the camp, sheltered by the walls of Ram Dúath there is a command tent. Oathsworn guards watch over their leader, a powerful witch of the north known only as the Plague-bearer. If unchecked, she will spread her plague into the North Downs, so again I turn to you.&#13;&#10;&#13;&#10;'Make your way to her tent within the shadow of Ram Dúath and put an end to her. Use caution, $PLAYER$, and seek aid, or you shall surely fail.'" objectives="Objective 1:&#13;&#10;Within the shadow of the Ram Dúath an Angmarim Oath-keeper commands her forces south into the North Downs. You must find her and defeat her.&#13;&#10;&#13;&#10;Arohir enlisted your aid in finding and defeating the leader of the Angmarim forces, making certain that you understood that you should seek aid before assailing the leader.&#13;&#10;• Kill the Hillman Plague-bearer ($NUMBER$/$TOTAL$) (Hillmen Plague-bearer)&#13;&#10;Objective 2:&#13;&#10;Arohir awaits word of the Angmarim's defeat within the confines of Esteldín. Meet him there to share news of your victory.&#13;&#10;&#13;&#10;After entering the Ram Dúath you sought out and defeated the leader of the Angmarim forces.&#13;&#10;• Speak with Arohir (Arohir)">
<prerequisites>
<prerequisite name="War_and_Famine"/>
</prerequisites>
<rewards>
<money gold="0" silver="31" copper="36"/>
<reputation>
<reputationItem faction="Rangers of Esteldín" amount="900"/>
</reputation>
<selectOneOf>
<object name="Avorlos" pageURL="/wiki/Item:Avorlos" iconURL="http://content.turbine.com/sites/lorebook.lotro.com/images/icons/item/jewelry/eq_northdowns_earring_04.png" quantity="1"/>
<object name="Arohir's Gold Bracelet" pageURL="/wiki/Item:Arohir's_Gold_Bracelet" iconURL="http://content.turbine.com/sites/lorebook.lotro.com/images/icons/item/jewelry/eq_northdowns_bracelet_05.png" quantity="1"/>
<object name="Arohir's Cap" pageURL="/wiki/Armour:Arohir's_Cap" iconURL="http://content.turbine.com/sites/lorebook.lotro.com/images/icons/item/head/eq_northdowns_light_head_06.png" quantity="1"/>
<object name="Hanham" pageURL="/wiki/Armour:Hanham" iconURL="http://content.turbine.com/sites/lorebook.lotro.com/images/icons/item/chest/eq_northdowns_heavy_chest_06.png" quantity="1"/>
<object name="Anwarchris" pageURL="/wiki/Weapon:Anwarchris" iconURL="http://content.turbine.com/sites/lorebook.lotro.com/images/icons/item/weapon_sword/eq_northdowns_1hsword_07.png" quantity="1"/>
<object name="Red Feather" pageURL="/wiki/Item:Red_Feather" iconURL="http://content.turbine.com/sites/lorebook.lotro.com/images/icons/item/jewelry/eq_northdowns_pocketitem_05.png" quantity="1"/>
</selectOneOf>
</rewards>
</quest>
