<?xml version="1.0" encoding="UTF-8"?>
<quest id="1879054094" key="Vol._I,_Book_6,_Chapter_3:_Secrets_of_the_Stones" title="Vol. I, Book 6, Chapter 3: Secrets of the Stones" category="Epic - Vol. I, Book 6: Fires in the North" scope="Epic" questArc="Volume I, Book 6: Fires in the North" minimumLevel="39" type="EPIC" size="SOLO" faction="FREE_PEOPLES" repeatable="false" instanced="false" description="Corunir told you of how Golodir raised up an army from among the Hillmen to assail Carn Dûm. The expedition failed, and Corunir was left alone, unable to pass Rammas Deluon -- now possessed of a terrible power -- to learn the fate of his captain and companions." bestower="Corunir (NPC)" bestowerText="'So, you would know how this tragedy came to be? In truth, I know not. I do not know whether it was through some machination of the False King, or whether it was purely an evil chance, but our march was brought to an abrupt end. As we marched east, we found ourselves confronted by a vale filled with terrible statues. Rammas Deluon, the Hillmen called it. That some spirit of evil vigilance abode in the stones there was no doubt, for we could all feel the oppression of them. It was here that Golodir bade me remain.&#13;&#10;&#13;&#10;'As the host passed through the stones, it became clear why the Hillmen feared the valley so. When the last few men crossed Rammas Deluon, the watching-stones threw forth a terrible malaise of oppression, such that those men caught within it were stricken dead by the weight of it upon their hearts. I tried to pass the stones, but could not. Golodir bid me remain, and so I did.&#13;&#10;&#13;&#10;'Days turned to months, then years, and still Golodir did not return. I knew I should have returned at once to Esteldín, but I could not abandon my captain. I tried vainly to cross Rammas Deluon, until my very spirit was broken within me. At last, I sent the message to Esteldín, which brought you hither.&#13;&#10;&#13;&#10;'We must learn the secret of Rammas Deluon, (your name)! Perhaps one of the many lesser stones which litter this land -- especially near the camps of the Angmarim and Hillmen -- will reveal that secret. Go to one of the lesser watching-stones and take a rubbing of the runes found upon its base. Beware the fell and deadly stones, for they have too terrible a power.'" objectives="Objective 1:&#13;&#10;Lesser watching-stones litter the landscape of western Angmar, especially near Angmarim and Hillman encampments.&#13;&#10;&#13;&#10;Corunir believes that the secret of Rammas Deluon can be revealed by investigating one of the lesser watching-stones. He has instructed you to find one of the lesser stones and take a rubbing of the runes upon it. He warned you to avoid fell and deadly watching-stones.&#13;&#10;• Use Lesser Watching Stone&#13;&#10;• Turn in Charcoal&#13;&#10;• Turn in Blank Parchment&#13;&#10;Objective 2:&#13;&#10;Corunir is at the Hillman-village of Aughaire.&#13;&#10;&#13;&#10;With the rubbings Corunir required in hand, you should return to the Ranger with your report.&#13;&#10;• Talk to Corunir&#13;&#10;• Turn in Watching-stone Rubbing">
<prerequisites>
<prerequisite name="Vol._I%2C_Book_6%2C_Chapter_2%3A_Against_His_Lord"/>
</prerequisites>
<nextQuests>
<nextQuest name="Vol._I%2C_Book_6%2C_Chapter_4%3A_Heart_of_Stone"/>
</nextQuests>
<rewards>
<money gold="0" silver="22" copper="75"/>
</rewards>
</quest>
