<?xml version="1.0" encoding="UTF-8"?>
<quest id="1879059797" key="Putting_Down_the_Dead" title="Putting Down the Dead" category="Fornost" scope="" questArc="" minimumLevel="36" type="STANDARD" size="FELLOWSHIP" faction="FREE_PEOPLES" repeatable="false" instanced="false" description="Fornost is overrun with the shades of those who betrayed the North Kingdom at the Battle of Fornost, yet remain unrepentant, and other fell creatures of Angmar. Maedhrusc is concerned by the terror these creatures instill in the Rangers' allies." bestower="Ranger Maedhrusc (NPC)" bestowerText="'Hail and well met, good (your race). If I seem in a fell mood, I beg your pardon, but my heart is heavy. Fornost is overrun with the shades of Oathbreakers who are unrepentant and fell things of Angmar, and the terror of them saps the wills of the men and dwarves who have come to aid us.&#13;&#10;&#13;&#10;'Perhaps you would lend aid to my troubled heart? If you would, enter Fornost and dispel the traitors, sending them to their final condemnation?&#13;&#10;&#13;&#10;Do this, and the terror of Fornost may be broken!'" objectives="Objective 1:&#13;&#10;In order to dispel the terror of the Dead from the hearts of his allies, Maedhrusc has asked you to enter Fornost and deal with the shades and other other fell creatures which dwell there.&#13;&#10;• Defeat shades and dread-mists (40)&#13;&#10;Objective 2:&#13;&#10;The sheer numbers of Angmar's foul minions were too great for you to defeat utterly, but your successes may be enough to hearten Maedhrusc and the alliance from the North Downs.&#13;&#10;• Talk to Ranger Maedhrusc">
<rewards>
<money gold="0" silver="43" copper="40"/>
<reputation>
<reputationItem faction="Rangers of Esteldín" amount="1200"/>
</reputation>
<selectOneOf>
<object name="Maedhrusc's Mace" pageURL="/wiki/Weapon:Maedhrusc's_Mace" iconURL="http://content.turbine.com/sites/lorebook.lotro.com/images/icons/item/weapon_mace/eq_northdowns_1hmace_08.png" quantity="1"/>
<object name="Maedhrusc's Javelin" pageURL="/wiki/Weapon:Maedhrusc's_Javelin" iconURL="http://content.turbine.com/sites/lorebook.lotro.com/images/icons/item/weapon_javelin/eq_northdowns_javelin_04.png" quantity="1"/>
</selectOneOf>
</rewards>
</quest>
