<?xml version="1.0" encoding="UTF-8"?>
<quest id="1879048606" key="Vol._I,_Book_8,_Chapter_5:_Mordirith%27s_Fall" title="Vol. I, Book 8, Chapter 5: Mordirith's Fall" category="Epic - Vol. I, Book 8: The Scourge of the North" scope="Epic" questArc="Volume I, Book 8: The Scourge of the North" minimumLevel="45" type="EPIC" size="SMALL_FELLOWSHIP" faction="FREE_PEOPLES" repeatable="false" instanced="false" description="Laerdan's hopes of using the sword and armour of Golodir to renew the Ranger's spirit were not in vain. The sight of the shining shield of Gondor and of his bright-burning sword, Dúnachar, kindled within Golodir a new fire...perhaps a dangerous one." bestower="Golodir (NPC)" bestowerText="'The time for vengeance is at hand. Despite the strength you have seen within Angmar's bosom, it is a strength which may falter quickly. Mordirith, the False King, is a creature of great power, but I believe he may be hindered, if not destroyed altogether.&#13;&#10;&#13;&#10;'I will return to Carn Dûm and face Mordirith. It is time to cut the Iron Crown from the head of this serpent. I would ask that you stand with me!&#13;&#10;&#13;&#10;'Together, we will pass into that vile city and face Mordirith in the throne room of Carn Dûm. Gather what companions and supplies you need, for the fight ahead will be terrible.'&#13;&#10;&#13;&#10;This quest is meant for a fellowship. If you choose to undertake this quest solo you will receive an inspiration bonus, but the challenge will be great." objectives="Objective 1:&#13;&#10;Mordirith can be found within the throne room of Carn Dûm.&#13;&#10;&#13;&#10;Golodir has asked you to join him as he returns to Carn Dûm to face Mordirith, the False King, Steward of Angmar.&#13;&#10;&#13;&#10;&lt;rgb=#FF0000&gt;This quest is meant for a fellowship. If you choose to undertake this quest solo you will receive an inspiration bonus, but the challenge will be great.&#13;&#10;• Speak to Golodir&#13;&#10;Objective 2:&#13;&#10;Golodir is at Gath Forthnír.&#13;&#10;&#13;&#10;After defeating Mordirith and encountering the mysterious Sara Oakheart, you and Golodir travelled back to Gath Forthnír. You should speak with Golodir again.&#13;&#10;• Talk to Golodir in Gath Forthnír (Golodir)">
<prerequisites>
<prerequisite name="Vol._I%2C_Book_8%2C_Chapter_4%3A_A_Beacon_of_Hope"/>
</prerequisites>
<nextQuests>
<nextQuest name="Vol._I%2C_Book_8%2C_Chapter_6%3A_A_Watchful_Eye"/>
<nextQuest name="I.8.5_Tale%3A_Mordirith%27s_Fall"/>
</nextQuests>
<rewards>
<money gold="0" silver="49" copper="70"/>
<reputation>
<reputationItem faction="Council of the North" amount="1200"/>
</reputation>
<object name="Phial of the Swirling Waters" pageURL="/wiki/Item:Phial_of_the_Swirling_Waters" iconURL="http://content.turbine.com/sites/lorebook.lotro.com/images/icons/item/jewelry/eq_angmar_pocketitem_09.png" quantity="1"/>
<selectOneOf>
<object name="Aranham" pageURL="/wiki/Armour:Aranham" iconURL="http://content.turbine.com/sites/lorebook.lotro.com/images/icons/item/chest/eq_angmar_light_chest_06.png" quantity="1"/>
<object name="Heronham" pageURL="/wiki/Armour:Heronham" iconURL="http://content.turbine.com/sites/lorebook.lotro.com/images/icons/item/chest/eq_angmar_medium_chest_06.png" quantity="1"/>
<object name="Ríanham" pageURL="/wiki/Armour:Ríanham" iconURL="http://content.turbine.com/sites/lorebook.lotro.com/images/icons/item/chest/eq_angmar_heavy_chest_06.png" quantity="1"/>
<object name="Foe of Mordirith" pageURL="/wiki/Weapon:Foe_of_Mordirith" iconURL="http://content.turbine.com/sites/lorebook.lotro.com/images/icons/item/weapon_sword/eq_angmar_1hsword_07.png" quantity="1"/>
<object name="Bane of Mordirith" pageURL="/wiki/Weapon:Bane_of_Mordirith" iconURL="http://content.turbine.com/sites/lorebook.lotro.com/images/icons/item/weapon_sword/eq_angmar_2hsword_03.png" quantity="1"/>
</selectOneOf>
</rewards>
</quest>
