<?xml version="1.0" encoding="UTF-8"?>
<quest id="1879048266" key="Weavers_Beneath_the_Ruins" title="Weavers Beneath the Ruins" category="Lone-lands" scope="" questArc="The Eglain - People of the Lone-lands" minimumLevel="19" type="STANDARD" size="SOLO" faction="FREE_PEOPLES" repeatable="false" instanced="false" description="Spiders in the valley beneath Minas Eriol have preyed upon the Eglain for a long time." bestower="Hunulf Munce (NPC)" bestowerText="'Long has evil flourished in the dark places of the world, and creatures spawned in those shadows come forth to trouble the Eglain.&#13;&#10;&#13;&#10;'Spiders, a kind which we call Vile-fang and Shadow-weaver, make their home in the valley beneath the ruins of Minas Eriol, northwest from this camp. Their staring eyes ensnare all who gaze upon them. Pluck out their eyes and you remove their power.&#13;&#10;&#13;&#10;'If you are willing to face them, I would ask that you find the spiders beneath Minas Eriol and take their eyes from them, black as pitch and crimson as blood.'" objectives="Objective 1:&#13;&#10;Spiders can be found in the valley beneath Minas Eriol, northwest of the Eglain overlook.&#13;&#10;&#13;&#10;Hunulf Munce believes that you can take the eyes from the Moor-web spiders beneath Minas Eriol, depriving them of their strength.&#13;&#10;• Bring spider-eyes to Hunulf Munce (Hunulf Munce)&#13;&#10;• Turn in Crimson Moor-web Eye&#13;&#10;• Turn in Inky Moor-web Eye">
<nextQuests>
<nextQuest name="Half-breed_Thieves"/>
<nextQuest name="A_Righteous_Recovery"/>
<nextQuest name="Sever_the_White_Hand"/>
<nextQuest name="Stocky_Folk_from_the_West"/>
</nextQuests>
<rewards>
<money gold="0" silver="16" copper="0"/>
<reputation>
<reputationItem faction="Eglain" amount="1200"/>
</reputation>
<selectOneOf>
<object name="Shadow-weaver Eye Cutter" pageURL="/wiki/Weapon:Shadow-weaver_Eye_Cutter" iconURL="http://content.turbine.com/sites/lorebook.lotro.com/images/icons/item/weapon_sword/eq_lonelands_2hsword_01.png" quantity="1"/>
<object name="Hunulf's Dagger" pageURL="/wiki/Weapon:Hunulf's_Dagger" iconURL="http://content.turbine.com/sites/lorebook.lotro.com/images/icons/item/weapon_dagger/eq_lonelands_dagger_04.png" quantity="1"/>
<object name="Munce's Padded Boots" pageURL="/wiki/Armour:Munce's_Padded_Boots" iconURL="http://content.turbine.com/sites/lorebook.lotro.com/images/icons/item/feet/eq_lonelands_light_feet_03.png" quantity="1"/>
<object name="Munce's Shoulder Pads" pageURL="/wiki/Armour:Munce's_Shoulder_Pads" iconURL="http://content.turbine.com/sites/lorebook.lotro.com/images/icons/item/shoulders/eq_lonelands_medium_shoulder_03.png" quantity="1"/>
<object name="Munce's Shoulder Guards" pageURL="/wiki/Armour:Munce's_Shoulder_Guards" iconURL="http://content.turbine.com/sites/lorebook.lotro.com/images/icons/item/shoulders/eq_lonelands_heavy_shoulder_03.png" quantity="1"/>
</selectOneOf>
</rewards>
</quest>
