<?xml version="1.0" encoding="UTF-8"?>
<quest id="1879048611" key="Queen_of_the_Host" title="Queen of the Host" category="Carn Dûm" scope="" questArc="Winged Host" minimumLevel="45" type="STANDARD" size="FELLOWSHIP" faction="FREE_PEOPLES" repeatable="false" instanced="false" description="Though you defeated the merrevail and the bats that plagued the Rangers of Gath Forthnír, Thoriel spoke of taking the fight to Carn Dûm and to the queen of the merrevail herself." bestower="Thoriel (NPC)" bestowerText="'Your courage and grace give us hope, (your name). But as I told you, the threat is not yet vanquished.&#13;&#10;&#13;&#10;'You must go to Carn Dûm, though you should speak with Glyn on the way. He is in a small lookout camp past the Gates of Carn Dûm.&#13;&#10;&#13;&#10;'Speak with him quickly. We must attack before the merrevail return.'" objectives="Objective 1:&#13;&#10;Glyn is at a small camp on the eastern path to Carn Dûm.&#13;&#10;&#13;&#10;Thoriel has sent you to Carn Dûm to deal with the queen of the merrevail, though she asked you to speak with Glyn on your way there.&#13;&#10;• Talk to Glyn&#13;&#10;Objective 2:&#13;&#10;Azgoth dwells within Carn Dûm, the city of Angmar that lies to the west.&#13;&#10;&#13;&#10;Glyn told you of the morroval-queen, a creature called Azgoth, that must be slain.&#13;&#10;• Kill 1 Azgoth&#13;&#10;Objective 3:&#13;&#10;Glyn is in Tármunn Súrsa, to the east of Carn Dûm, near the Gates of Carn Dûm.&#13;&#10;&#13;&#10;You braved the city of Carn Dûm and defeated Azgoth. Glyn will want to hear of your feat.&#13;&#10;• Talk to Glyn">
<prerequisites>
<prerequisite name="The_Winged_Host"/>
</prerequisites>
<rewards>
<money gold="0" silver="49" copper="70"/>
<reputation>
<reputationItem faction="Council of the North" amount="900"/>
</reputation>
<selectOneOf>
<object name="Lotholf" pageURL="/wiki/Weapon:Lotholf" iconURL="http://content.turbine.com/sites/lorebook.lotro.com/images/icons/item/weapon_staff/eq_angmar_staff_04.png" quantity="1"/>
<object name="Glyn's Shoes" pageURL="/wiki/Armour:Glyn's_Shoes" iconURL="http://content.turbine.com/sites/lorebook.lotro.com/images/icons/item/feet/eq_angmar_medium_feet_03.png" quantity="1"/>
<object name="Dorcham" pageURL="/wiki/Armour:Dorcham" iconURL="http://content.turbine.com/sites/lorebook.lotro.com/images/icons/item/chest/eq_angmar_heavy_chest_04.png" quantity="1"/>
<object name="Glyn's Bow" pageURL="/wiki/Weapon:Glyn's_Bow" iconURL="http://content.turbine.com/sites/lorebook.lotro.com/images/icons/item/weapon_bow/eq_angmar_bow_05.png" quantity="1"/>
<object name="Hithringor" pageURL="/wiki/Item:Hithringor" iconURL="http://content.turbine.com/sites/lorebook.lotro.com/images/icons/item/jewelry/eq_angmar_ring_04.png" quantity="1"/>
</selectOneOf>
</rewards>
</quest>
