<?xml version="1.0" encoding="UTF-8"?>
<quest id="1879048683" key="Thunder_in_the_Mountains" title="Thunder in the Mountains" category="Misty Mountains" scope="" questArc="Thunder in the Mountains" minimumLevel="40" type="STANDARD" size="FELLOWSHIP" faction="FREE_PEOPLES" repeatable="false" instanced="false" description="The Thunder-lord, leader of the giants, has ordered them to battle. If he can be defeated, this threat might fall with him." bestower="Gwaemithrin (NPC)" bestowerText="'The giants have always been fiercely independent, following a lord or chief only rarely. This Thunder-lord may have been elevated by Angmar or by Mordor, maintaining his position through strength of will and force of arms. If he commands the giants against us, we may not long survive their assault.&#13;&#10;&#13;&#10;'We must defeat the Thunder-lord before he can extend his influence to any other giants in the mountains. It may be, too, that if the Thunder-lord can be defeated now, the giants who follow him will turn away from the path of war.&#13;&#10;&#13;&#10;'The Thunder-lord must rule from the furthest reaches of Iorbar, south and east of the Giants' Table. Beware, for he must be a deadly opponent, and only a determined group of warriors could hope to defeat him. Once you have put an end to the Thunder-lord, deliver the news to Master Elrond in the library of Imladris at once.'" objectives="Objective 1:&#13;&#10;The Thunder-lord rules the giants from Iorbar, south and east of the Giants' Table in the Misty Mountains.&#13;&#10;&#13;&#10;The Thunder-lord is the source of the giants' recent hostility, and he must be defeated before all the giants in the region heed his commands. You will need the aid of brave allies if you hope to defeat him.&#13;&#10;• Kill 1 Thunder Lord&#13;&#10;Objective 2:&#13;&#10;Elrond is in the library at Imladris.&#13;&#10;&#13;&#10;You must tell Elrond that the Thunder-lord is now defeated and the threat of the giants has been lessened.&#13;&#10;• Talk to Elrond at Rivendell (Elrond)">
<prerequisites>
<prerequisite name="Giant_Country"/>
</prerequisites>
<nextQuests>
<nextQuest name="An_Alliance_with_the_Dwarves"/>
</nextQuests>
<rewards>
<money gold="0" silver="46" copper="20"/>
<reputation>
<reputationItem faction="Elves of Rivendell" amount="1200"/>
</reputation>
<selectOneOf>
<object name="Feremaib" pageURL="/wiki/Armour:Feremaib" iconURL="http://content.turbine.com/sites/lorebook.lotro.com/images/icons/item/hands/eq_trollshaws_medium_hands_02.png" quantity="1"/>
<object name="Túannadir" pageURL="/wiki/Armour:Túannadir" iconURL="http://content.turbine.com/sites/lorebook.lotro.com/images/icons/item/chest/eq_trollshaws_heavy_chest_02.png" quantity="1"/>
<object name="Thunder Stabber" pageURL="/wiki/Weapon:Thunder_Stabber" iconURL="http://content.turbine.com/sites/lorebook.lotro.com/images/icons/item/weapon_spear/eq_trollshaws_spear_01.png" quantity="1"/>
<object name="Thunder Lord's Fall" pageURL="/wiki/Weapon:Thunder_Lord's_Fall" iconURL="http://content.turbine.com/sites/lorebook.lotro.com/images/icons/item/weapon_mace/eq_trollshaws_1hhammer_01.png" quantity="1"/>
<object name="Balangon" pageURL="/wiki/Item:Balangon" iconURL="http://content.turbine.com/sites/lorebook.lotro.com/images/icons/item/jewelry/eq_trollshaws_earring_03.png" quantity="1"/>
</selectOneOf>
</rewards>
</quest>
