<?xml version="1.0" encoding="UTF-8"?>
<quest id="1879048446" key="Vol._I,_Book_3,_Chapter_4,_Part_III_of_III:_The_Dwarves_Shall_Come" title="Vol. I, Book 3, Chapter 4, Part III of III: The Dwarves Shall Come" category="Epic - Vol. I, Book 3: The Council of the North" scope="Epic" questArc="Volume I, Book 3: The Council of the North" minimumLevel="31" type="EPIC" size="SOLO" faction="FREE_PEOPLES" repeatable="false" instanced="false" description="After rescuing Dori from the clutches of the Dourhands, both Dori and Hannar agreed that the Dwarves of Othrikar shall come to the Council of Esteldín." bestower="Hannar (NPC)" bestowerText="'Before he retired, I told Dori of your message about this Council of Esteldín. He recommended that we should go, and I agree with him!&#13;&#10;&#13;&#10;'The dwarves shall lend their might to this Council and free all of the North Downs from the clutches of the Enemy! Go now and tell the Rangers we shall come!'" objectives="Objective 1:&#13;&#10;Halbarad can be found in Esteldín.&#13;&#10;&#13;&#10;Hannar told you to bring word to Halbarad that the Dwarves of Othrikar agreed to come to the Council.&#13;&#10;• Talk to Halbarad">
<prerequisites>
<prerequisite name="Vol._I%2C_Book_3%2C_Chapter_4%2C_Part_II_of_III%3A_Freeing_Dori"/>
</prerequisites>
<nextQuests>
<nextQuest name="Vol._I%2C_Book_3%2C_Chapter_7%3A_The_Council_Assembled"/>
</nextQuests>
<rewards>
<reputation>
<reputationItem faction="Rangers of Esteldín" amount="500"/>
</reputation>
</rewards>
</quest>
