<?xml version="1.0" encoding="UTF-8"?>
<quest id="1879051752" key="Tell_Bounder_Chubb" title="Tell Bounder Chubb" category="Shire" scope="" questArc="Beast of the Bog" minimumLevel="5" type="STANDARD" size="SOLO" faction="FREE_PEOPLES" repeatable="false" instanced="false" description="While searching Troll's Knoll for Filibert Bolger's cow Daffodil, you came across the poor creature, dead. She was the apparent victim of some sort of large beast. Filibert blames the dwarf, Olwir, for both stealing the cow and leaving her out in the bog." bestower="Filibert Bolger (NPC)" bestowerText="'That Olwir has to pay for stealing my Daffodil and for leaving her out in the bog to be killed like that.&#13;&#10;&#13;&#10;'The dwarves who pass through Needlehole may not pay any mind to ordinary hobbits, but I reckon they'll listen to a Bounder of the Watch! You go tell Bounder Chubb about this, and maybe you two can keep that dwarf from getting away with this!&#13;&#10;&#13;&#10;'Bounder Chubb is on the south side of Needlehole. Tell him about my poor Daffodil and do something about this Olwir!'" objectives="Objective 1:&#13;&#10;Bounder Chubb can be found on the south side of Needlehole.&#13;&#10;&#13;&#10;Filibert Bolger, angered by the death of his cow, has asked you to speak with Bounder Chubb about the incident.&#13;&#10;• Talk to Bounder Chubb">
<prerequisites>
<prerequisite name="Daffodil_is_Missing"/>
</prerequisites>
<nextQuests>
<nextQuest name="The_Dwarves_of_Needlehole"/>
</nextQuests>
<rewards>
<money gold="0" silver="0" copper="42"/>
<object name="Gift Mathom" pageURL="/wiki/Item:Gift_Mathom" iconURL="http://content.turbine.com/sites/lorebook.lotro.com/images/icons/item/reputation/it_reputation_shire_mathoms_gift.png" quantity="1"/>
</rewards>
</quest>
