<?xml version="1.0" encoding="UTF-8"?>
<quest id="1879054219" key="The_Bracelet%27s_Past" title="The Bracelet's Past" category="North Downs" scope="" questArc="Mincham's Dream" minimumLevel="22" type="STANDARD" size="SOLO" faction="FREE_PEOPLES" repeatable="false" instanced="false" description="Colbert was dismayed when he saw the bracelet you found, but he would not tell you why." bestower="Colbert the Mad (NPC)" bestowerText="'Well, er, this bracelet you found. It's...it's Mincham's, you see. Well, in a way.&#13;&#10;&#13;&#10;'Why don't you, er, bring it to him? I'd do it myself, but, well, you found it...right?&#13;&#10;&#13;&#10;'Besides, I don't think old Mincham likes me much. Thinks I'm a bit addled.'" objectives="Objective 1:&#13;&#10;Mincham is at his camp.&#13;&#10;&#13;&#10;According to Colbert, the bracelet you found belongs to Mincham. Without explaining why, he asked you to give it to Mincham yourself.&#13;&#10;• Talk to Mincham&#13;&#10;• Turn in Golden Bracelet&#13;&#10;Objective 2:&#13;&#10;The graves of Mincham's wife and child are to the north-west near some burial mounds.&#13;&#10;&#13;&#10;Unsettled by your discovery of the bracelet his wife was buried with, Mincham asked you to investigate the graves of his wife and child.&#13;&#10;• Use Grave&#13;&#10;• Use Grave&#13;&#10;Objective 3:&#13;&#10;Mincham awaits you at his camp.&#13;&#10;&#13;&#10;You found Mincham's child's grave undisturbed, but his wife's grave was open and empty. You should return to him with this news at once.&#13;&#10;• Talk to Mincham">
<prerequisites>
<prerequisite name="Treasures_from_the_Fields"/>
</prerequisites>
<nextQuests>
<nextQuest name="Mincham%27s_Dream"/>
</nextQuests>
<rewards>
<money gold="0" silver="14" copper="50"/>
</rewards>
</quest>
