<?xml version="1.0" encoding="UTF-8"?>
<quest id="1879054277" key="Wargs_of_Ann%C3%BAndir" title="Wargs of Annúndir" category="North Downs" scope="" questArc="" minimumLevel="18" type="STANDARD" size="SOLO" faction="FREE_PEOPLES" repeatable="false" instanced="false" description="William Peake has grown restless of hiding at Amon Raith, while the Wargs have free reign of his farm, and wants to learn what has brought the creatures to the region." bestower="William Peake (NPC)" bestowerText="'That Ranger insists that we stay here until the danger has passed. Until it has passed! We don't even know what brought the Wargs to Annúndir in the first place...who's to say they will leave?&#13;&#10;&#13;&#10;'I've a thought though, friend. North of my farm there's a cliff called Amlaith's Scar. North of that there are some burial mounds. Now it's said something evil was buried in the greatest of the mounds there; the mound they call Haudh Eglan. I'll wager if something stirred up those Wargs, it's there. Climb to the top of the mound and look for anything strange.&#13;&#10;&#13;&#10;'It could be that you'll discover why the Wargs have come, and if not...well, I'm sure you'll give them ample reason to leave, won't you? Before you depart, be certain to speak with my wife and Nathan Hodges. They wish to employ your aid as well.'" objectives="Objective 1:&#13;&#10;Haudh Eglan lies north of a cliff called \qAmlaith's Scar,\q which likewise lies north of William Peake's farm.&#13;&#10;&#13;&#10;William Peake asked you to search for signs of why the Wargs have come to Annúndir. He thinks that there is something in the greatest of those mounds, called Haudh Eglan, that is stirring the Wargs up.&#13;&#10;• Use Disturbed Earth&#13;&#10;Objective 2:&#13;&#10;William Peake is at Amon Raith, south and west of Haudh Eglan and Amlaith's Scar.&#13;&#10;&#13;&#10;William Peake is waiting to hear what you discovered among the Wargs that drove him from his land.&#13;&#10;• Talk to William Peake at Amon Raith (William Peake)">
<prerequisites>
<prerequisite name="Family_Heirloom"/>
</prerequisites>
<nextQuests>
<nextQuest name="An_Urgent_Message"/>
</nextQuests>
<rewards>
<money gold="0" silver="8" copper="50"/>
<object name="Peake's Helmet" pageURL="/wiki/Armour:Peake's_Helmet" iconURL="http://content.turbine.com/sites/lorebook.lotro.com/images/icons/item/head/eq_northdowns_medium_head_01.png" quantity="1"/>
</rewards>
</quest>
