<?xml version="1.0" encoding="UTF-8"?>
<quest id="1879048270" key="Drawing_the_Pack" title="Drawing the Pack" category="Lone-lands" scope="" questArc="Wolves of the Scrub" minimumLevel="20" type="STANDARD" size="SOLO" faction="FREE_PEOPLES" repeatable="false" instanced="false" description="While you hunted the Wargs of Nain Enidh, Mugwort prepared a special meal for their leader. All that remains to ease passage along the Great East Road is to draw this leader out of hiding and into battle." bestower="Old Mugwort (NPC)" bestowerText="'Once you have finished this last errand, the Wargs will no longer be a threat to travellers along the Great East Road.&#13;&#10;&#13;&#10;'There is a signpost on the road through Nain Enidh, and a path near this signpost winds southwards. Of course, that is northward from here. If you follow the path as it slopes into a mild depression to the south-west, you will arrive at a stone structure, like an ancient table or a flat section of ruin. Bring the gruel I have prepared to that table and pour some of it onto the stone.&#13;&#10;&#13;&#10;'I am certain that the leader will come running to the food, thinking it the cooking of some foolish (your race)! When you have slain the creature, come back here.'" objectives="Objective 1:&#13;&#10;The stone table where you should pour Mugwort's gruel is at the end of a southward path near a signpost on the road through Nain Enidh.&#13;&#10;&#13;&#10;Old Mugwort asked you to take the special gruel he prepared to an ancient stone near the lair of the Wargs. The stench of it should draw forth their leader.&#13;&#10;• Summon and Defeat Shadepaw (Shadepaw)&#13;&#10;• Use Ancient Stone Table&#13;&#10;• Turn in Mugwort's Gruel&#13;&#10;Objective 2:&#13;&#10;Old Mugwort is at the camp on the east side of Minas Eriol.&#13;&#10;&#13;&#10;After drawing Shadepaw's pack into the open, you defeated the Warg-leader. Old Mugwort will want to hear of your victory.&#13;&#10;• Talk to Old Mugwort&#13;&#10;• Turn in Mugwort's Gruel">
<prerequisites>
<prerequisite name="Raising_the_Wargs%27_Ire"/>
</prerequisites>
<rewards>
<money gold="0" silver="18" copper="40"/>
<selectOneOf>
<object name="Warg Router" pageURL="/wiki/Weapon:Warg_Router" iconURL="http://content.turbine.com/sites/lorebook.lotro.com/images/icons/item/weapon_dagger/eq_lonelands_dagger_02.png" quantity="1"/>
<object name="Shadepaw's Defeat" pageURL="/wiki/Weapon:Shadepaw's_Defeat" iconURL="http://content.turbine.com/sites/lorebook.lotro.com/images/icons/item/weapon_sword/eq_lonelands_2hclub_01.png" quantity="1"/>
<object name="Old Mugwort's Gauntlets" pageURL="/wiki/Armour:Old_Mugwort's_Gauntlets" iconURL="http://content.turbine.com/sites/lorebook.lotro.com/images/icons/item/hands/eq_lonelands_medium_hands_03.png" quantity="1"/>
<object name="Mugwort's Old Staff" pageURL="/wiki/Weapon:Mugwort's_Old_Staff" iconURL="http://content.turbine.com/sites/lorebook.lotro.com/images/icons/item/weapon_staff/eq_lonelands_staff_03.png" quantity="1"/>
</selectOneOf>
</rewards>
</quest>
