<?xml version="1.0" encoding="UTF-8"?>
<quest id="1879048618" key="End_the_Nightmare" title="End the Nightmare" category="Angmar" scope="" questArc="" minimumLevel="44" type="STANDARD" size="SMALL_FELLOWSHIP" faction="FREE_PEOPLES" repeatable="false" instanced="false" description="You have found Dírdrë, daughter of Éa, alive and well." bestower="Dírdrë (Race of Man)" bestowerText="'I cannot believe that someone has come to my aid. I thought this nightmare would never end. My mother is Éa, perhaps you have heard of her? It has been such a long time without my loved ones.&#13;&#10;&#13;&#10;'Please help me return to her. I fear that I cannot make it back on my own.'" objectives="Objective 1:&#13;&#10;Éa is at Tármunn Súrsa, near Carn Dûm.&#13;&#10;&#13;&#10;Dírdrë has asked your aid returning to her mother, Éa.&#13;&#10;• Escort Dírdrë to safety&#13;&#10;Objective 2:&#13;&#10;Éa is at Tármunn Súrsa, near Carn Dûm.&#13;&#10;&#13;&#10;You returned Dírdrë to the Hillmen. You should speak with Éa, her mother, at once.&#13;&#10;• Talk to Éa">
<rewards>
<money gold="0" silver="39" copper="20"/>
<reputation>
<reputationItem faction="Council of the North" amount="700"/>
</reputation>
<selectOneOf>
<object name="Éa's Leggings" pageURL="/wiki/Armour:Éa's_Leggings" iconURL="http://content.turbine.com/sites/lorebook.lotro.com/images/icons/item/legs/eq_angmar_medium_legs_04.png" quantity="1"/>
<object name="Túrchaim" pageURL="/wiki/Armour:Túrchaim" iconURL="http://content.turbine.com/sites/lorebook.lotro.com/images/icons/item/hands/eq_angmar_heavy_hands_04.png" quantity="1"/>
<object name="Dírdrë's Bracelet" pageURL="/wiki/Item:Dírdrë's_Bracelet" iconURL="http://content.turbine.com/sites/lorebook.lotro.com/images/icons/item/jewelry/eq_angmar_bracelet_05.png" quantity="1"/>
</selectOneOf>
</rewards>
</quest>
