<?xml version="1.0" encoding="UTF-8"?>
<quest id="1879048681" key="The_Riddle-master" title="The Riddle-master" category="Trollshaws" scope="" questArc="The Riddle-game" minimumLevel="31" type="STANDARD" size="SOLO" faction="FREE_PEOPLES" repeatable="false" instanced="false" description="Glorfindel does not know where lies Celebrían's legacy for Arwen, but he has given you some advice which may help you to find it." bestower="Glorfindel (NPC)" bestowerText="'I said that I do not know where lies the vault containing Celebrían's legacy, but it may be that I can help you to gain entrance when it is found.&#13;&#10;&#13;&#10;'The riddle itself may be the key to the vault. If in your travels near Imladris you find a sealed vault, those words may offer you passage within. There should be a rock in front of the entrance. Place your hand on the rock and recite the verse.&#13;&#10;&#13;&#10;'I would be surprised if the jewel is in the vale of Imladris itself as these carefully tended gardens and groves are too often frequented by the Elves for a vault to be easily hidden. I have no doubt it is close by, somewhere in the Trollshaws not far from Imladris.'" objectives="Objective 1:&#13;&#10;The lost Elf-vault is somewhere in the Trollshaws in the vicinity of Rivendell. Once the legacy is found, return to Glorfindel outside the house of Elrond, by the waterfall.&#13;&#10;&#13;&#10;Glorfindel advised you to place a hand on a rock by the entrance of the Elf-vault and to recite the verses of the riddle. Celebrían's legacy for Arwen, a white jewel, should be somewhere in the vault. If you find the jewel, return to Glorfindel with your prize.&#13;&#10;• Bring Celebrían's legacy to Glorfindel (Glorfindel)&#13;&#10;• Collect Celebrían's legacy&#13;&#10;Objective 2:&#13;&#10;Elrond is in the library of Rivendell.&#13;&#10;&#13;&#10;Glorfindel asked you to bring Arwen's legacy to Elrond.&#13;&#10;• Talk to Elrond&#13;&#10;• Turn in Celebrían's Legacy">
<prerequisites>
<prerequisite name="The_Riddle-seeker"/>
</prerequisites>
<rewards>
<selectOneOf>
<object name="Riddle Master's Hat" pageURL="/wiki/Armour:Riddle_Master's_Hat" iconURL="http://content.turbine.com/sites/lorebook.lotro.com/images/icons/item/head/eq_trollshaws_light_head_01.png" quantity="1"/>
<object name="Dannellas" pageURL="/wiki/Weapon:Dannellas" iconURL="http://content.turbine.com/sites/lorebook.lotro.com/images/icons/item/weapon_dagger/eq_trollshaws_dagger_02.png" quantity="1"/>
<object name="Master of Riddles" pageURL="/wiki/Item:Master_of_Riddles" iconURL="http://content.turbine.com/sites/lorebook.lotro.com/images/icons/item/jewelry/eq_trollshaws_bracelet_02.png" quantity="1"/>
<object name="Riddle-stone" pageURL="/wiki/Weapon:Riddle-stone" iconURL="http://content.turbine.com/sites/lorebook.lotro.com/images/icons/item/weapon_orb/eq_trollshaws_orb_fire_01.png" quantity="1"/>
</selectOneOf>
</rewards>
</quest>
