<?xml version="1.0" encoding="UTF-8"?>
<quest id="1879048224" key="Fate_of_the_Black_Rider" title="Fate of the Black Rider" category="Shire" scope="" questArc="Spectre of the Black Rider" minimumLevel="6" type="STANDARD" size="SOLO" faction="FREE_PEOPLES" repeatable="false" instanced="false" description="Odovacar Bolger is certain the mystery of the trespasser in black will soon be resolved." bestower="Odovacar Bolger (NPC)" bestowerText="'Never fear! My hound, Veronica, will track down that &quot;Black Rider&quot; with just a sniff of his cloak. She's the best hunter in the Four Farthings! Maggot can talk up his Grip, Fang, and Wolf all he likes, but I'll stake Veronica against the pack of 'em!&#13;&#10;&#13;&#10;'You just follow Veronica wherever she leads, and you'll see! She'll find that trespasser!'" objectives="Objective 1:&#13;&#10;Odovacar Bolger has lent you the services of his hound, Veronica, to track down the mysterious \qBlack Rider\q. He told you to follow Veronica wherever she lead, and she would find the trespasser.&#13;&#10;• Follow Veronica to the \qBlack Rider\q&#13;&#10;Objective 2:&#13;&#10;Greta Fallohide is in Budgeford.&#13;&#10;&#13;&#10;Veronica has led you to Greta Fallohide. Could she be the mysterious \qBlack Rider?\q&#13;&#10;• Talk to Greta Fallohide&#13;&#10;• Turn in Black Cloak&#13;&#10;Objective 3:&#13;&#10;Fogo Fallohide can be found at The Golden Perch in Stock, south-east of Budgeford.&#13;&#10;&#13;&#10;Odovacar's Bolger's hound, Veronica, led you to Greta Fallohide, who told you she made the cloak for her nephew, Fogo. Fogo Fallohide is very likely the \qBlack Rider\q. You should seek him out.&#13;&#10;• Talk to Fogo Fallohide&#13;&#10;Objective 4:&#13;&#10;Odovacar Bolger can be found at his home in the centre of Budgeford north of his pig sties.&#13;&#10;&#13;&#10;You should return to Odovacar Bolger and let him know what you learned about the \qBlack Rider.\q&#13;&#10;• Talk to Odovacar Bolger">
<prerequisites>
<prerequisite name="Cloak_of_the_Black_Rider"/>
</prerequisites>
<rewards>
<money gold="0" silver="0" copper="90"/>
<object name="Gift Mathom" pageURL="/wiki/Item:Gift_Mathom" iconURL="http://content.turbine.com/sites/lorebook.lotro.com/images/icons/item/reputation/it_reputation_shire_mathoms_gift.png" quantity="1"/>
<selectOneOf>
<object name="Bolger's Leggings" pageURL="/wiki/Armour:Bolger's_Leggings" iconURL="http://content.turbine.com/sites/lorebook.lotro.com/images/icons/item/legs/eq_shire_medium_legs_01.png" quantity="1"/>
<object name="Bolger's Robe" pageURL="/wiki/Armour:Bolger's_Robe" iconURL="http://content.turbine.com/sites/lorebook.lotro.com/images/icons/item/chest/eq_shire_light_chest_01.png" quantity="1"/>
</selectOneOf>
</rewards>
</quest>
