<?xml version="1.0" encoding="UTF-8"?>
<quest id="1879048569" key="Vol._I,_Book_1,_Chapter_1:_Unravelling_the_Thread" title="Vol. I, Book 1, Chapter 1: Unravelling the Thread" category="Epic - Vol. I, Book 1: Stirrings in the Darkness" scope="Epic" questArc="Volume I, Book 1: Stirrings in the Darkness" minimumLevel="11" type="EPIC" size="SOLO" faction="FREE_PEOPLES" repeatable="false" instanced="false" description="Strider has asked you to help him end Amdir's murderous rampage once and for all." bestower="Strider (NPC)" bestowerText="'The Dourhands' lord fled to Bree-land after his defeat, and not by mere chance. I see the hand of the Captain of the Nine in all of these affairs, in the west, in the Shire, and in Bree-land. We must unravel the thread of his plans, and I believe I know how.&#13;&#10;&#13;&#10;'To the east of Bree, there is a Blackwold camp which my men have been watching closely. A shadow has recently spread across the camp...I believe it is here that Amdir has gone, and this dwarf-lord as well.&#13;&#10;&#13;&#10;'There we must go, and there we must end Amdir's life, if he can still be called living. We will wait for night-fall and then make our move against the Blackwolds. Speak with me again when you are ready to depart.'" objectives="Objective 1:&#13;&#10;Strider is in his room at The Prancing Pony Inn in Bree, which is found by taking a left down the hall out of the common room until you can only bear right. The room is at the end of the hall to the right of the stairs.&#13;&#10;&#13;&#10;At night-fall, Strider will lead you against Amdir and the Blackwolds.&#13;&#10;• Talk to Strider&#13;&#10;Objective 2:&#13;&#10;Strider is in his room at The Prancing Pony Inn in Bree, which is found by taking a left down the hall out of the common room until you can only bear right. The room is at the end of the hall to the right of the stairs.&#13;&#10;&#13;&#10;With the threat of Amdir ended, you should report back to Strider and see if there is anything else he would have you do.&#13;&#10;• Talk to Strider">
<nextQuests>
<nextQuest name="Vol._I%2C_Book_1%2C_Chapter_2%3A_To_a_Constable%27s_Aid"/>
</nextQuests>
<rewards>
<money gold="0" silver="1" copper="80"/>
<reputation>
<reputationItem faction="Men of Bree" amount="900"/>
</reputation>
<selectOneOf>
<object name="Hengaim" pageURL="/wiki/Armour:Hengaim" iconURL="http://content.turbine.com/sites/lorebook.lotro.com/images/icons/item/hands/eq_breeland_light_hands_02.png" quantity="1"/>
<object name="Cloak of Cardolan" pageURL="/wiki/Armour:Cloak_of_Cardolan" iconURL="http://content.turbine.com/sites/lorebook.lotro.com/images/icons/item/back/eq_breeland_back_04.png" quantity="1"/>
<object name="Menedgaim" pageURL="/wiki/Armour:Menedgaim" iconURL="http://content.turbine.com/sites/lorebook.lotro.com/images/icons/item/hands/eq_breeland_medium_hands_03.png" quantity="1"/>
</selectOneOf>
</rewards>
</quest>
