<?xml version="1.0" encoding="UTF-8"?>
<quest id="1879054224" key="Vol._I,_Book_3,_Chapter_2:_The_Gates_of_Fornost" title="Vol. I, Book 3, Chapter 2: The Gates of Fornost" category="Epic - Vol. I, Book 3: The Council of the North" scope="Epic" questArc="Volume I, Book 3: The Council of the North" minimumLevel="29" type="EPIC" size="SOLO" faction="FREE_PEOPLES" repeatable="false" instanced="false" description="Mincham believes that the Enemy has indeed returned to Fornost, but cannot tell the strength of the forces there as they approached the city from the north." bestower="Mincham (NPC)" bestowerText="'I cannot tell you the strength of the forces of Angmar within Fornost, for I did not see them approach. The Orcs and Wargs that guard the gates must have entered Fornost from the north!&#13;&#10;&#13;&#10;'I fear the only way to know the true strength of the Enemy within Fornost is to test the defences erected at its gates by the Orcs. I would do this myself, but my old injury prevents me from doing so.&#13;&#10;&#13;&#10;'If you are willing, go to the Norbury Gates north of here and slay what Orcs and Wargs you find. After you have done so, bring me a report of what you find.'" objectives="Objective 1:&#13;&#10;The Norbury Gates lie to the north of Mincham's camp.&#13;&#10;&#13;&#10;Mincham believes the only way to determine the strength of the forces of Angmar within Fornost is to test the defences erected at its gates. He has asked you to slay Orcs and Wargs and bring him a report of the resistance there.&#13;&#10;• Defeat Ongbúrz Orcs at Norbury Gates (10)&#13;&#10;• Defeat Wargs at Norbury Gates (6)&#13;&#10;Objective 2:&#13;&#10;Mincham can be found at his camp in the southern Fields of Fornost.&#13;&#10;&#13;&#10;The Ranger Mincham will need to hear your report regarding the defences at the gates of Fornost.&#13;&#10;• Talk to Mincham">
<prerequisites>
<prerequisite name="Vol._I%2C_Book_3%2C_Chapter_1%3A_Ranger_of_the_Fields"/>
</prerequisites>
<nextQuests>
<nextQuest name="Vol._I%2C_Book_3%2C_Chapter_3%3A_Fallen_Once_More"/>
</nextQuests>
<rewards>
<money gold="0" silver="19" copper="25"/>
<reputation>
<reputationItem faction="Rangers of Esteldín" amount="700"/>
</reputation>
<object name="Luth-feld" pageURL="/wiki/Armour:Luth-feld" iconURL="http://content.turbine.com/sites/lorebook.lotro.com/images/icons/item/back/eq_northdowns_back_02.png" quantity="1"/>
</rewards>
</quest>
