<?xml version="1.0" encoding="UTF-8"?>
<quest id="1879059663" key="Mistress_of_Shadows" title="Mistress of Shadows" category="Angmar" scope="" questArc="Mistress of Shadows" minimumLevel="37" type="STANDARD" size="SMALL_FELLOWSHIP" faction="FREE_PEOPLES" repeatable="false" instanced="false" description="You have assisted the Earthkin scout, but the morroval-threat remains, endangering the Earth-kin and all else who dwell in the hills of Angmar." bestower="Earth-kin Scout (NPC)" bestowerText="'You are a proven friend to our people, but what I ask of you now may be too much. There is a cave in this very place where the merrevail make their lair, and in this cave dwells their leader, a bloody-handed creature we have heard the Orcs call Morcheryn.&#13;&#10;&#13;&#10;'The merrevail are cruel and vicious, worse even than the Orcs and the evil Men of Carn Dûm. They will continue to prey on us if we do not fight them. I ask you to enter this cave and to destroy this 'Morcheryn'. If she falls, then perhaps the others will leave Ram Dúath and return to whatever foul place in Angmar it is that spawned them.&#13;&#10;&#13;&#10;'These evil things have slain many of the Suuri-lehmä...I think you should take friends with you if you go there.'" objectives="Objective 1:&#13;&#10;Morcheryn dwells in a cave on the east side of Ram Dúath, where the other merrevail can also be found.&#13;&#10;&#13;&#10;The Earth-kin scout has asked you to seek out and destroy the leader of the Merrevail for the safety of his people. He also suggested you take friends.&#13;&#10;• Slay Morcheryn (Morcheryn)&#13;&#10;Objective 2:&#13;&#10;The Earthkin Scout is hidden in a valley east of Duvairë in the Ram Dúath.&#13;&#10;&#13;&#10;With the Mistress of Shadows slain, you should return to him.&#13;&#10;• Talk to Earth-kin Scout">
<prerequisites>
<prerequisite name="Wings_of_Darkness_and_Death"/>
</prerequisites>
<rewards>
<money gold="0" silver="22" copper="5"/>
<selectOneOf>
<object name="Estelphadanir" pageURL="/wiki/Armour:Estelphadanir" iconURL="http://content.turbine.com/sites/lorebook.lotro.com/images/icons/item/legs/eq_angmar_light_legs_01.png" quantity="1"/>
<object name="Fall of the Mistress" pageURL="/wiki/Weapon:Fall_of_the_Mistress" iconURL="http://content.turbine.com/sites/lorebook.lotro.com/images/icons/item/weapon_sword/eq_angmar_1hsword_03.png" quantity="1"/>
<object name="Earth-kin's Shoulder Guards" pageURL="/wiki/Armour:Earth-kin's_Shoulder_Guards" iconURL="http://content.turbine.com/sites/lorebook.lotro.com/images/icons/item/shoulders/eq_angmar_heavy_shoulder_01.png" quantity="1"/>
</selectOneOf>
</rewards>
</quest>
