<?xml version="1.0" encoding="UTF-8"?>
<quest id="1879048505" key="Vol._I,_Book_1,_Chapter_12:_The_Black_Rider%27s_Designs" title="Vol. I, Book 1, Chapter 12: The Black Rider's Designs" category="Epic - Vol. I, Book 1: Stirrings in the Darkness" scope="Epic" questArc="Volume I, Book 1: Stirrings in the Darkness" minimumLevel="16" type="EPIC" size="SOLO" faction="FREE_PEOPLES" repeatable="false" instanced="false" description="You were rescued from the clutches of the Wight-lord by Tom Bombadil, but you learned much that may help Strider and his people." bestower="Tom Bombadil (NPC)" bestowerText="'Old barrow-wights from Angmar came. They disturb the peace and trouble folk who wander through their mounds. Let the Dead sleep and leave their troubles in the earth. Unless of course you wake them, dancing on their rooftops!&#13;&#10;&#13;&#10;'Hey, come, my friend. Linger here no longer. To Bree you should be a-going. You've a friend there who awaits you!'" objectives="Objective 1:&#13;&#10;Strider awaits your return in his room at The Prancing Pony in Bree. The entrance leading from the Barrow-downs to the Great East Road is to the north.&#13;&#10;&#13;&#10;Travel back to Bree and tell Strider what you learned of the Witch-king's plans.&#13;&#10;• Talk to Strider&#13;&#10;Objective 2:&#13;&#10;Barliman Butterbur serves his guests in the common room of The Prancing Pony.&#13;&#10;&#13;&#10;You travelled back to The Prancing Pony, but you found the door to Strider's room locked. You should speak to Barliman Butterbur to learn if he can tell you where Strider has gone.&#13;&#10;• Talk to Barliman Butterbur&#13;&#10;Objective 3:&#13;&#10;Gandalf's room in The Prancing Pony Inn in Bree is found by taking a left out of the common room, until you can only bear right. The room is at the top of the stairs at the end of the hall.&#13;&#10;&#13;&#10;Barliman Butterbur told you that Strider has left The Prancing Pony, but that Gandalf, a Wizard by reputation, arrived and asked to speak to any who were looking for the Ranger. You should speak to Gandalf and tell him what you have learned.&#13;&#10;• Talk to Gandalf">
<prerequisites>
<prerequisite name="Vol._I%2C_Book_1%2C_Chapter_11%3A_Othrongroth"/>
</prerequisites>
<nextQuests>
<nextQuest name="Vol._I%2C_Book_2%2C_Foreword%3A_Aiding_the_Order"/>
</nextQuests>
<rewards>
<reputation>
<reputationItem faction="Men of Bree" amount="500"/>
</reputation>
<object name="Malbellas" pageURL="/wiki/Item:Malbellas" iconURL="http://content.turbine.com/sites/lorebook.lotro.com/images/icons/item/jewelry/eq_breeland_necklace_03.png" quantity="1"/>
</rewards>
</quest>
