<?xml version="1.0" encoding="UTF-8"?>
<quest id="1879048588" key="The_Tarnished_Bracelet" title="The Tarnished Bracelet" category="Angmar" scope="" questArc="" minimumLevel="45" type="STANDARD" size="SOLO" faction="FREE_PEOPLES" repeatable="false" instanced="false" description="You found a bracelet of burnished gold, covered in grime and filth. The name \qDírdrë\q was marked upon it." bestower="Tarnished Bracelet (Item)" bestowerText="Wiping away a bit of the grime covering the bracelet, you discover an engraving that reads, &quot;Dírdrë.&quot; It may be that someone at Tármunn Súrsa will recognize the bracelet or the name engraved upon it." objectives="Objective 1:&#13;&#10;Tármunn Súrsa lies in the northern part of eastern Angmar.&#13;&#10;&#13;&#10;You should go to Tármunn Súrsa and question its inhabitants about the bracelet you found.&#13;&#10;• Talk to Éa&#13;&#10;• Turn in Tarnished Bracelet&#13;&#10;• Talk to Lorniel&#13;&#10;• Talk to Golodir&#13;&#10;• Talk to Laerdan&#13;&#10;• Talk to Fimreg&#13;&#10;• Talk to Areneth&#13;&#10;• Talk to Lunathron&#13;&#10;• Talk to Húriel&#13;&#10;• Talk to Thoriel&#13;&#10;• Talk to Donaith&#13;&#10;• Talk to Gormal&#13;&#10;• Talk to Táni&#13;&#10;• Talk to Throst">
<nextQuests>
<nextQuest name="My_Heart%27s_Hope"/>
</nextQuests>
<rewards>
<money gold="0" silver="24" copper="85"/>
<reputation>
<reputationItem faction="Council of the North" amount="300"/>
</reputation>
</rewards>
</quest>
