<?xml version="1.0" encoding="UTF-8"?>
<quest id="1879054097" key="F%C3%BBshath_the_Beast" title="Fûshath the Beast" category="Angmar" scope="" questArc="" minimumLevel="40" type="STANDARD" size="FELLOWSHIP" faction="FREE_PEOPLES" repeatable="false" instanced="false" description="The lords of Carn Dûm sent three of their servants to keep the people of Donnvail under control. If the mighty Gorthorog known as Fûshath the Beast is defeated, the grip of the shadow on the city might be loosened." bestower="Enan (NPC)" bestowerText="'Donnvail was a beautiful city once, proud and free; that must be why it attracted the eye of the Iron Crown. The lords of Carn Dûm sent three of their servants to keep the city beneath the yoke. All are powerful, but perhaps the Gorthorog known to us as Fûshath the Beast is the most terrifying.&#13;&#10;&#13;&#10;'Fûshath the Beast is the enforcer for Muiráthakh, the Silent Judge, and he is a most frightening creature; he knows no mercy and must be given none.&#13;&#10;&#13;&#10;'Find this terrible foe in the neighbourhood next to this one, through the eastward arch, and put an end to his menace. You will need many allies, for Fûshath the Beast is very strong and very dangerous.'" objectives="Objective 1:&#13;&#10;Fûshath the Beast can often be found in the neighbourhood east of Una's allies.&#13;&#10;&#13;&#10;Enan has tasked you with defeating Fûshath the Beast, the mighty Gorthorog enforcer.&#13;&#10;• Kill 1 Fûshath the Beast&#13;&#10;Objective 2:&#13;&#10;Enan is by Una's allies, in the city of Donnvail, west of the neighbourhood where Fûshath the Beast could once be found.&#13;&#10;&#13;&#10;You should return to Enan with news of your victory.&#13;&#10;• Talk to Enan">
<prerequisites>
<prerequisite name="The_Light_of_Hope"/>
</prerequisites>
<rewards>
<money gold="0" silver="36" copper="96"/>
<selectOneOf>
<object name="Win-herthar" pageURL="/wiki/Armour:Win-herthar" iconURL="http://content.turbine.com/sites/lorebook.lotro.com/images/icons/item/shoulders/eq_angmar_light_shoulder_01.png" quantity="1"/>
<object name="Gellanc" pageURL="/wiki/Armour:Gellanc_(Level_43)" iconURL="http://content.turbine.com/sites/lorebook.lotro.com/images/icons/item/shoulders/eq_angmar_medium_shoulder_01.png" quantity="1"/>
<object name="Shoulders of the Quick-claw" pageURL="/wiki/Armour:Shoulders_of_the_Quick-claw" iconURL="http://content.turbine.com/sites/lorebook.lotro.com/images/icons/item/shoulders/eq_angmar_heavy_shoulder_02.png" quantity="1"/>
<object name="Defender of Aughaire" pageURL="/wiki/Weapon:Defender_of_Aughaire" iconURL="http://content.turbine.com/sites/lorebook.lotro.com/images/icons/item/weapon_sword/eq_angmar_halberd_01.png" quantity="1"/>
</selectOneOf>
</rewards>
</quest>
