<?xml version="1.0" encoding="UTF-8"?>
<quest id="1879048599" key="Raid:_Bogbereth" title="Raid: Bogbereth" category="Angmar" scope="" questArc="Bogbereth" minimumLevel="45" type="STANDARD" size="RAID" faction="FREE_PEOPLES" repeatable="false" instanced="false" description="Lunathron told you of a great, vile spider, Bogbereth, which hunts in Himbar." bestower="Lunathron (NPC)" bestowerText="'This next task you cannot possibly succeed at alone, or even with a fellowship of your closest allies. Nay, you must assemble a war-party if you are to defeat Bogbereth.&#13;&#10;&#13;&#10;'No ordinary creature is she, Bogbereth, the Poison-queen of Himbar. You must strike swift and true against her, for her hide is as steel armour and her fangs are keen-edged daggers, dripping venom.&#13;&#10;&#13;&#10;'Assemble your band of heroes and journey back to Torech-i-Bogbereth. You will find her there, unless she finds you first.'" objectives="Objective 1:&#13;&#10;Bogbereth hunts in the north-east reaches of Himbar, west and then north of Gath Forthnír.&#13;&#10;&#13;&#10;Lunathron cautioned you not to face Bogbereth with anything less than a fully-armed war-party. She must be defeated, lest she continues to spawn more of her foul brood.&#13;&#10;• Kill 1 Bogbereth&#13;&#10;Objective 2:&#13;&#10;Gath Forthnír is in the eastern part of Himbar, south and east of Torech-i-Bogbereth.&#13;&#10;&#13;&#10;Lunathron bade you destroy the great spider, Bogbereth. Now that she is no more, you can return to claim your victory.&#13;&#10;• Talk to Lunathron">
<prerequisites>
<prerequisite name="Bogbereth%27s_Brood"/>
</prerequisites>
<rewards>
<money gold="0" silver="49" copper="70"/>
<reputation>
<reputationItem faction="Council of the North" amount="900"/>
</reputation>
<selectOneOf>
<object name="Erunnam" pageURL="/wiki/Weapon:Erunnam" iconURL="http://content.turbine.com/sites/lorebook.lotro.com/images/icons/item/weapon_sword/eq_angmar_2hhammer_03.png" quantity="1"/>
<object name="Loendail" pageURL="/wiki/Armour:Loendail" iconURL="http://content.turbine.com/sites/lorebook.lotro.com/images/icons/item/feet/eq_angmar_heavy_feet_03.png" quantity="1"/>
<object name="Nestadmaib" pageURL="/wiki/Armour:Nestadmaib" iconURL="http://content.turbine.com/sites/lorebook.lotro.com/images/icons/item/hands/eq_angmar_medium_hands_04.png" quantity="1"/>
<object name="Dirk of Aughaire" pageURL="/wiki/Weapon:Dirk_of_Aughaire" iconURL="http://content.turbine.com/sites/lorebook.lotro.com/images/icons/item/weapon_dagger/eq_angmar_dagger_05.png" quantity="1"/>
<object name="Golham" pageURL="/wiki/Armour:Golham" iconURL="http://content.turbine.com/sites/lorebook.lotro.com/images/icons/item/chest/eq_angmar_light_chest_05.png" quantity="1"/>
</selectOneOf>
</rewards>
</quest>
