<?xml version="1.0" encoding="UTF-8"?>
<quest id="1879048562" key="Prologue:_The_One_Called_Strider" title="Prologue: The One Called Strider" category="Epic - Vol. I, Prologue" scope="Epic" questArc="Ered Luin Epic Prologue (United Path)" minimumLevel="11" type="EPIC" size="SOLO" faction="FREE_PEOPLES" repeatable="false" instanced="false" description="Langlas asked you to journey to Bree-town and seek out his captain, a Ranger called Strider. A man named Barliman runs a tavern in Bree and may have more information about Strider's travels." bestower="Langlas (NPC)" bestowerText="'Come here, (your name) and listen well. My captain, a ranger they call Strider, must be notified of the threat posed by Skorgrím. A shame you can't stay to enjoy our victory.&#13;&#10;&#13;&#10;'Travel far to the east, to a place that Men call Bree-town. There you should seek out Barliman Butterbur. He's the owner of a tavern called the Prancing Pony where Strider has lodged in the past. If Strider is there, Barliman can help you find him. If not, you can bed down for the night and you can continue your search in the morn.&#13;&#10;&#13;&#10;'It's a long journey to Breeland, (your name). Do not tarry, for Skorgrim is on the march.'" objectives="Objective 1:&#13;&#10;Find Barliman Butterbur in the Prancing Pony, a well-known tavern in Bree-town. He may know of Strider's current whereabouts or if he's even in Bree-land at this time.&#13;&#10;• Talk to Barliman Butterbur">
<prerequisites>
<prerequisite name="Prologue%3A_Assault_on_Rath_Teraig"/>
</prerequisites>
<nextQuests>
<nextQuest name="Vol._I%2C_Book_1%2C_Foreword%3A_An_Unwanted_Guest"/>
</nextQuests>
<rewards>
<money gold="0" silver="0" copper="72"/>
<object name="Butterbur's Mantle" pageURL="/wiki/Armour:Butterbur's_Mantle" iconURL="http://content.turbine.com/sites/lorebook.lotro.com/images/icons/item/back/eq_eredluin_back_08.png" quantity="1"/>
</rewards>
</quest>
