<?xml version="1.0" encoding="UTF-8"?>
<quest id="1879049882" key="Vol._I,_Book_2,_Chapter_16:_Agamaur_Secured" title="Vol. I, Book 2, Chapter 16: Agamaur Secured" category="Epic - Vol. I, Book 2: The Red Maid" scope="Epic" questArc="Volume I, Book 2: The Red Maid" minimumLevel="26" type="EPIC" size="SOLO" faction="FREE_PEOPLES" repeatable="false" instanced="false" description="With the aid of the shades of Arthedain, the Eglain held fast against against Ivar's forces." bestower="Radagast the Brown (NPC)" bestowerText="'The Eglain and our Arthedain allies were able to stop Ivar's forces...at least for the time being.&#13;&#10;&#13;&#10;'I am needed elsewhere and must bid you farewell for now. Now go, for Elsa wishes to speak to you again.'" objectives="Objective 1:&#13;&#10;Elsa is in the Agamaur camp.&#13;&#10;&#13;&#10;Radagast thanked you for your help and asked you to speak with the Eglain woman named Elsa.&#13;&#10;• Speak with Elsa the Bold (Elsa the Bold)&#13;&#10;Objective 2:&#13;&#10;The passage to Haragmar lies to the south. Ost Guruth is west of Haragmar.&#13;&#10;&#13;&#10;Elsa gave you a letter to deliver to Frideric requesting supplies for her encampment. She also asked you to deliver a pack to her sister, Hana. Both can be found in Ost Guruth.&#13;&#10;• Talk to Hana the Young&#13;&#10;• Turn in Light Pack&#13;&#10;Objective 3:&#13;&#10;Frideric abides in the courtyard of Ost Guruth.&#13;&#10;&#13;&#10;Hana was pleased to receive the pack from Elsa, knowing that her sister is watching out for both her and all of the Eglain.&#13;&#10;• Talk to Frideric the Elder&#13;&#10;• Turn in A Letter to Frideric">
<prerequisites>
<prerequisite name="Vol._I%2C_Book_2%2C_Chapter_15%3A_%28Fellowship%29The_Red-pass"/>
<prerequisite name="Vol._I%2C_Book_2%2C_Chapter_15_%28Solo%29%3A_The_Red-pass"/>
</prerequisites>
<nextQuests>
<nextQuest name="Vol._I%2C_Book_3%2C_Foreword%3A_Fires_in_the_North"/>
</nextQuests>
<rewards>
<money gold="0" silver="18" copper="20"/>
<object name="Frideric's Thanks" pageURL="/wiki/Item:Frideric's_Thanks" iconURL="http://content.turbine.com/sites/lorebook.lotro.com/images/icons/item/jewelry/eq_lonelands_necklace_05.png" quantity="1"/>
</rewards>
</quest>
