<?xml version="1.0" encoding="UTF-8"?>
<quest id="1879057807" key="Fall_of_the_Earth-kin" title="Fall of the Earth-kin" category="North Downs" scope="" questArc="Stemming the Tide" minimumLevel="26" type="STANDARD" size="SOLO" faction="FREE_PEOPLES" repeatable="false" instanced="false" description="For many ages, the Earth-kin protected the pass through Ram Dúath from Angmar, but since the betrayal of the Suuri-lehmä tribe by First Hunter Jarkko and his followers, the Earth-kin have themselves become trapped in the North Downs." bestower="Daervunn (NPC)" bestowerText="'North of Esteldín, where the land breaks open to a long path through the crags, there is a line of cliffs known as Ram Dúath, which bars the way north into Angmar. For ages, the Earth-kin guarded that path and made their way onto the plains of Nan Amlug to hunt the aurochs each year.&#13;&#10;&#13;&#10;'Until now, there has never been any cause for concern, but word has reached us that many among the Earth-kin hunters, led by Jarrko the First Hunter have betrayed their own people, the tribe of the Suuri-lehmä, and now serve Angmar.&#13;&#10;&#13;&#10;'East from Esteldín and north into Nan Amlug, you will find an encampment of the Rauta-lehmä, as these traitors call themselves. Show them that their betrayal is known and will not be brooked.'" objectives="Objective 1:&#13;&#10;The Earth-kin of the Rauta-lehmä faction are encamped east of Esteldín in Nan Amlug.&#13;&#10;&#13;&#10;Daervunn, Ranger of Esteldín, has charged you with showing the traitorous Rauta-lehmä that they have chosen the wrong side in the coming war by raiding their encampment.&#13;&#10;• Kill 6 Rauta-lehmä Warrior&#13;&#10;• Kill 6 Rauta-lehmä Hunter&#13;&#10;Objective 2:&#13;&#10;Daervunn awaits your return at Esteldín.&#13;&#10;&#13;&#10;You defeated the Earth-kin of the Rauta-lehmä at their camp in the eastern section of Nan Amlug. Daervunn will want news of your victory.&#13;&#10;• Talk to Daervunn in Esteldín (Daervunn)">
<nextQuests>
<nextQuest name="Reclamation"/>
</nextQuests>
<rewards>
<money gold="0" silver="18" copper="20"/>
<reputation>
<reputationItem faction="Rangers of Esteldín" amount="700"/>
</reputation>
</rewards>
</quest>
