<?xml version="1.0" encoding="UTF-8"?>
<quest id="1879048265" key="Our_Greatest_Find" title="Our Greatest Find" category="Lone-lands" scope="" questArc="The Eglain - People of the Lone-lands" minimumLevel="20" type="STANDARD" size="SOLO" faction="FREE_PEOPLES" repeatable="false" instanced="false" description="As the goblins descended on the Eglain in Minas Eriol, the tribe left something very important behind, hidden in the deepest ruins." bestower="Hunulf Munce (NPC)" bestowerText="'(your name), if you have time, I would ask for assistance in a manner of great importance. As the goblins tore through our ranks, we salvaged one find and hid it deep within the ruins of Minas Eriol, at a place called Ost Laden. It is a statue, retrieved from marshy swamp-land, and we hoped to keep it safe from harm, but a recent visitor to Ost Guruth made mention that the statue lay at the heart of problems facing us.&#13;&#10;&#13;&#10;'If you are willing, we need to collect this statue. You will find it in the goblin camps that now lie furthest east in ruins of Minas Eriol, across the bridge to the west. I fear the goblins may have already found it, so search any goblins you may slay there.&#13;&#10;&#13;&#10;'When you have found the statue, return it to me.'" objectives="Objective 1:&#13;&#10;The goblins of Minas Eriol are in possession of the statue.&#13;&#10;&#13;&#10;Hunulf directed you to seek out the greatest discovery made by the Eglain, a statue dredged from the swamps of the Lone-lands.&#13;&#10;• Deliver the Statue of The Maiden to Hunulf Munce (Hunulf Munce)&#13;&#10;• Turn in Statue of a Maiden">
<nextQuests>
<nextQuest name="Half-breed_Thieves"/>
<nextQuest name="A_Righteous_Recovery"/>
<nextQuest name="Sever_the_White_Hand"/>
<nextQuest name="Stocky_Folk_from_the_West"/>
</nextQuests>
<rewards>
<money gold="0" silver="18" copper="40"/>
<reputation>
<reputationItem faction="Eglain" amount="1200"/>
</reputation>
<selectOneOf>
<object name="Munce's Ring" pageURL="/wiki/Item:Munce's_Ring" iconURL="http://content.turbine.com/sites/lorebook.lotro.com/images/icons/item/jewelry/eq_lonelands_ring_01.png" quantity="1"/>
<object name="Munce's Masher" pageURL="/wiki/Weapon:Munce's_Masher" iconURL="http://content.turbine.com/sites/lorebook.lotro.com/images/icons/item/weapon_sword/eq_lonelands_2hhammer_02.png" quantity="1"/>
<object name="Munce's Carver" pageURL="/wiki/Weapon:Munce's_Carver" iconURL="http://content.turbine.com/sites/lorebook.lotro.com/images/icons/item/weapon_sword/eq_lonelands_dagger_06.png" quantity="1"/>
<object name="Hunulf's Band" pageURL="/wiki/Item:Hunulf's_Band" iconURL="http://content.turbine.com/sites/lorebook.lotro.com/images/icons/item/jewelry/eq_lonelands_ring_08.png" quantity="1"/>
</selectOneOf>
</rewards>
</quest>
