<?xml version="1.0" encoding="UTF-8"?>
<quest id="1879053148" key="M%C3%BAl_Kholuim,_The_Keeper_of_Books" title="Múl Kholuim, The Keeper of Books" category="Angmar" scope="" questArc="Highwayman" minimumLevel="43" type="STANDARD" size="SMALL_FELLOWSHIP" faction="FREE_PEOPLES" repeatable="false" instanced="false" description="Birgir was pleased with the disruption you caused among the ranks of the Angmarim already, but he feels it was not quite enough." bestower="Birgir (NPC)" bestowerText="'Now that you are familiar with the track of the patrols of the Angmarim in Imlad Balchorth, I have another task for you...one considerably more dangerous, but at the same time could cause greater harm to the Angmarim.&#13;&#10;&#13;&#10;'The papers you found bear the mark of a lord of Angmar. This lord, Múl Kholuim, who calls himself the Keeper of Books, seems to be responsible for managing all the trade and supplies that move to and from Angmar to the Orc-armies in the North Downs. If he were to be defeated, we may be able to stop these supply lines.&#13;&#10;&#13;&#10;'To that end, I would ask you to gather a couple of allies and raid the camp of the Angmarim that lies some distance west of the large lake, a place of high hills and winding paths. The Keeper of Books must be defeated and the orders deciphered.'" objectives="Objective 1:&#13;&#10;Múl Kholuim has his camp inside a ruin in some high hills south of the large lake in Imlad Balchorth, west from Myrkworth. Birgir has asked you to find the camp of the Angmarim keeper of books.&#13;&#10;• Discover the library of Múl Kholuim&#13;&#10;Objective 2:&#13;&#10;You have found Múl Kholuim's camp inside a ruin in the high hills south of the large lake in Imlad Balchorth.&#13;&#10;&#13;&#10;Birgir has asked you to defeat Múl Kholuim. He also warned you to gather allies.&#13;&#10;• Kill 1 Múl Kholuim&#13;&#10;Objective 3:&#13;&#10;Birgir is at Myrkworth, northeast from Múl Kholuim's camp.&#13;&#10;&#13;&#10;Having defeated Múl Kholuim, you should return to Birgir.&#13;&#10;• Talk to Birgir">
<prerequisites>
<prerequisite name="The_Highwayman"/>
</prerequisites>
<nextQuests>
<nextQuest name="Raid%3A_The_Master_of_Imlad_Balchorth"/>
</nextQuests>
<rewards>
<money gold="0" silver="38" copper="64"/>
<reputation>
<reputationItem faction="Council of the North" amount="700"/>
</reputation>
<selectOneOf>
<object name="Birgir's Boots" pageURL="/wiki/Armour:Birgir's_Boots" iconURL="http://content.turbine.com/sites/lorebook.lotro.com/images/icons/item/feet/eq_angmar_medium_feet_04.png" quantity="1"/>
<object name="The Keepers Fall" pageURL="/wiki/Weapon:The_Keepers_Fall" iconURL="http://content.turbine.com/sites/lorebook.lotro.com/images/icons/item/weapon_sword/eq_angmar_halberd_03.png" quantity="1"/>
<object name="Otham" pageURL="/wiki/Armour:Otham" iconURL="http://content.turbine.com/sites/lorebook.lotro.com/images/icons/item/chest/eq_angmar_heavy_chest_05.png" quantity="1"/>
<object name="Birgir's Shield" pageURL="/wiki/Armour:Birgir's_Shield" iconURL="http://content.turbine.com/sites/lorebook.lotro.com/images/icons/item/shield/eq_angmar_medium_shield_03.png" quantity="1"/>
</selectOneOf>
</rewards>
</quest>
