<?xml version="1.0" encoding="UTF-8"?>
<quest id="1879049989" key="Vol._I,_Book_2,_Chapter_2:_An_Orc-messenger" title="Vol. I, Book 2, Chapter 2: An Orc-messenger" category="Epic - Vol. I, Book 2: The Red Maid" scope="Epic" questArc="Volume I, Book 2: The Red Maid" minimumLevel="17" type="EPIC" size="SOLO" faction="FREE_PEOPLES" repeatable="false" instanced="false" description="In his search for signs of Radagast, Candaith tracked a messenger from the Orc-encampment in the Midgewater Pass, but was unable to learn what message the Orc carried before his hunt was interrupted by winged crebain." bestower="Candaith (NPC)" bestowerText="'As I began my search for Radagast, near the Midgewater Pass, I witnessed an Orc-messenger depart in great haste. Quickly, I followed, trailing him eastwards along the shoulder of the hills and then south, but my search was interrupted. I could follow no further, for foul crebain circled above, and to be discovered would do greater injury to our work here than I can permit.&#13;&#10;&#13;&#10;'Once again, I must call upon your aid. The messenger likely carries with him orders to the outlying camps. If you can intercept the messenger, we may learn the nature of these orders. So armed, we will be better equipped to deal with the Orc-threat.&#13;&#10;&#13;&#10;'Search among the Orc-camps in Glumhallow, to the west, and return to me with the orders this messenger surely possesses. I will seek sign of Radagast's passage elsewhere.'" objectives="Objective 1:&#13;&#10;The Orc-messenger is surely at one of the enemy camps in Glumhallow, west of Candaith's own encampment at the foot of Weathertop.&#13;&#10;&#13;&#10;An Orc-messenger made his way from the Midgewater Pass to the outlying Orc-camps located throughout the Weather Hills. Candaith asked you to intercept the Orc-messenger and return with the orders he must bear.&#13;&#10;• Bring the Orc-orders to Candaith (Candaith)&#13;&#10;• Turn in Orc-orders">
<prerequisites>
<prerequisite name="Vol._I%2C_Book_2%2C_Chapter_1%3A_Rise_of_the_Orcs"/>
</prerequisites>
<nextQuests>
<nextQuest name="Vol._I%2C_Book_2%2C_Chapter_3%3A_War-master_Uzorr"/>
<nextQuest name="Orc-thieves"/>
<nextQuest name="Preparing_for_the_Future"/>
</nextQuests>
<rewards>
<money gold="0" silver="7" copper="0"/>
</rewards>
</quest>
