<?xml version="1.0" encoding="UTF-8"?>
<quest id="1879048447" key="Vol._I,_Book_3,_Chapter_4,_Part_I_of_III:_A_Call_to_Dwarves" title="Vol. I, Book 3, Chapter 4, Part I of III: A Call to Dwarves" category="Epic - Vol. I, Book 3: The Council of the North" scope="Epic" questArc="Volume I, Book 3: The Council of the North" minimumLevel="30" type="EPIC" size="SOLO" faction="FREE_PEOPLES" repeatable="false" instanced="false" description="To deal with the threat from Angmar, Halbarad has decided that he must call a council of the Free Peoples of the North Downs -- the Council of Esteldín." bestower="Halbarad (NPC)" bestowerText="'We will need the might of the Dwarves of Othrikar if we are to face the threat of Angmar. The Dwarves there are good Longbeards, but have long been put to task by the Dourhands. When the Dourhands showed their true loyalties, the Longbeards drove them out of Othrikar.&#13;&#10;&#13;&#10;'Yet, they are still hard-pressed by the Dourhands, and only recently has one of Durin's Folk from Erebor, Dori, come to aid them. It will not be easy to convince them to lend their strength to the Council, but you must try.&#13;&#10;&#13;&#10;'Travel to Othrikar and speak with Dori. If you cannot find Dori for some reason, speak to a dwarf named Hannar. It is he who leads the Longbeards of Othrikar.'" objectives="Objective 1:&#13;&#10;Both Dori and Hannar should be found in Othrikar, which lies north of Esteldín.&#13;&#10;&#13;&#10;Halbarad told you that the Dwarves of Othrikar are good Longbeards who were put to task by the Dourhands for many years, though they have recently thrown off their yoke. Although they are still pressed by the Dourhands, Halbarad has asked you to bring them word of the Council of Esteldín.&#13;&#10;• Talk to Dori or Hannar (Hannar)">
<prerequisites>
<prerequisite name="Vol._I%2C_Book_3%2C_Chapter_3%3A_Fallen_Once_More"/>
</prerequisites>
<nextQuests>
<nextQuest name="Vol._I%2C_Book_3%2C_Chapter_4%2C_Part_II_of_III%3A_Freeing_Dori"/>
</nextQuests>
<rewards>
<reputation>
<reputationItem faction="Rangers of Esteldín" amount="700"/>
</reputation>
</rewards>
</quest>
