<?xml version="1.0" encoding="UTF-8"?>
<quest id="1879048573" key="Vol._I,_Book_1,_Chapter_7:_Horn-call_of_Buckland" title="Vol. I, Book 1, Chapter 7: Horn-call of Buckland" category="Epic - Vol. I, Book 1: Stirrings in the Darkness" scope="Epic" questArc="Volume I, Book 1: Stirrings in the Darkness" minimumLevel="11" type="EPIC" size="SOLO" faction="FREE_PEOPLES" repeatable="false" instanced="false" description="The Horn-call of Buckland had alerted Lenglinn to the Nazgûl's presence there." bestower="Lenglinn (NPC)" bestowerText="'You say that Underhill is with Aragorn? I know of no Underhills...I was sent to watch over a hobbit named Baggins. I must assume that is whom Aragorn spoke of. That he is safe is welcome news, for my fears are somewhat allayed. It was late in the night when I heard the Horn-call of Buckland. Running to the road, I saw the Nazgûl leaving Buckland at a gallop. I tried to stop them, but they ran me down. I feared they had already found Baggins.&#13;&#10;&#13;&#10;'The four Riders passed eastward towards Bree, but we may discover what they learned, if anything, at Baggins' home in Crickhollow. It is a cottage surrounded by a high hedge almost directly south-east of the Buckland Gate.&#13;&#10;&#13;&#10;'If you learn anything there, return to me. What news you can bring me may help determine the movements of the Nazgûl.'" objectives="Objective 1:&#13;&#10;Baggins' home is at Crickhollow, almost due south-east of the Buckland Gate, south of Lenglinn's camp.&#13;&#10;&#13;&#10;In order to determine the movements of the Nazgûl, Lenglinn has asked you to investigate the home of a hobbit named Baggins.&#13;&#10;• Investigate Crickhollow&#13;&#10;Objective 2:&#13;&#10;Lenglinn's camp is north of the Buckland Gate, north-west of Crickhollow.&#13;&#10;&#13;&#10;When you spoke to Fredegar Bolger, he told you that the Black Riders had not caught him and so learned nothing from him, but he let slip to you something about a Ring belonging to the Enemy. As Fredegar was speaking, crebain flew out of the sky and attacked him, and though you defeated the crebain, two retreated into the Old Forest. You should bring this news to Lenglinn.&#13;&#10;• Talk to Lenglinn&#13;&#10;Objective 3:&#13;&#10;Strider is in his room at The Prancing Pony Inn in Bree, which is found by taking a left down the hall out of the common room until you can only bear right. The room is at the end of the hall to the right of the stairs.&#13;&#10;&#13;&#10;Lenglinn asked you to seek Strider's counsel on how to find the crebain that had overheard Fredegar Bolger's words and escaped into the Old Forest. He fears that if the Enemy learns that this Ring they seek is no longer in the Shire, all may be lost.&#13;&#10;• Talk to Strider">
<prerequisites>
<prerequisite name="Vol._I%2C_Book_1%2C_Chapter_6%3A_In_the_Black_Riders%27_Wake"/>
</prerequisites>
<nextQuests>
<nextQuest name="Vol._I%2C_Book_1%2C_Chapter_8%3A_Master_of_the_Wood"/>
<nextQuest name="Adso%27s_Delivery"/>
</nextQuests>
<rewards>
<reputation>
<reputationItem faction="Men of Bree" amount="500"/>
</reputation>
<object name="Daerechor" pageURL="/wiki/Item:Daerechor" iconURL="http://content.turbine.com/sites/lorebook.lotro.com/images/icons/item/jewelry/eq_breeland_bracelet_05.png" quantity="1"/>
</rewards>
</quest>
