<?xml version="1.0" encoding="UTF-8"?>
<quest id="1879051527" key="Lobelia%27s_Pie" title="Lobelia's Pie" category="Shire" scope="" questArc="Hot Pie Delivery" minimumLevel="3" type="STANDARD" size="SOLO" faction="FREE_PEOPLES" repeatable="false" instanced="false" description="Opal Goodbody, who is helping organize Lobelia's upcoming party, has been bothering Holly Hornblower to deliver a pie for the party." bestower="Holly Hornblower (NPC)" bestowerText="'Lobelia Sackville-Baggins has been fussing and bothering everyone about this party of hers for a while now, but evidently that wasn't enough for her, so she's brought on another hobbit, Opal Goodbody, to help her.&#13;&#10;&#13;&#10;'Poor Opal has been so harried by Lobelia that she's snapping at everyone. She's been after me for a pie, but being not too fond of Lobelia, I've put it off. But I couldn't put it off any longer, so today I made the pie she's been after.&#13;&#10;&#13;&#10;'The pie is cooling on the table over there. Take it up to Opal at the Party Field, but remember: even though this pie is for Lobelia, it must be hot when ye deliver it! Keep it away from those hungry hobbits...I don't want them pestering me!'" objectives="Objective 1:&#13;&#10;Opal Goodbody is at the Party Field, north of Hobbiton and south of Bag End.&#13;&#10;&#13;&#10;When you returned from delivering a pie to The Green Dragon, Holly Hornblower had another delivery task waiting for you: she has asked you to take the pie she baked for Lobelia Sackville-Baggins's birthday party to Opal Goodbody at the Party Field in Hobbiton, south of Bag End and north of the town proper. Make sure that no hungry hobbits catch a whiff of the pie, or they will be pestering Holly for a slice!&#13;&#10;• Pick up the pie&#13;&#10;Objective 2:&#13;&#10;Holly Hornblower can be found north of the main square of Hobbiton and south of the Party Field.&#13;&#10;&#13;&#10;When you delivered the pie to Opal Goodbody, she tasted it and found that it tasted awful. She demanded a new one from Holly Hornblower. You should return to Holly at once.&#13;&#10;• Talk to Holly Hornblower">
<prerequisites>
<prerequisite name="Pie_for_The_Green_Dragon"/>
</prerequisites>
<nextQuests>
<nextQuest name="Spoiled_Pie_from_Brockenborings"/>
<nextQuest name="Spoiled_Pie_from_Scary"/>
<nextQuest name="Spoiled_Pie_from_Stock"/>
<nextQuest name="Spoiled_Pie_from_Budgeford"/>
<nextQuest name="Spoiled_Pie_from_Needlehole"/>
<nextQuest name="Spoiled_Pie_from_Little_Delving"/>
<nextQuest name="Spoiled_Pie_from_Michel_Delving"/>
<nextQuest name="Spoiled_Pie_from_Bywater"/>
<nextQuest name="Spoiled_Pie_from_Frogmorton"/>
<nextQuest name="Spoiled_Pie_from_Woodhall"/>
<nextQuest name="Spoiled_Pie_from_the_Party_Field"/>
<nextQuest name="Spoiled_Pie_from_Tuckborough"/>
</nextQuests>
<rewards>
<money gold="0" silver="0" copper="90"/>
</rewards>
</quest>
