<?xml version="1.0" encoding="UTF-8"?>
<quest id="1879048547" key="Prologue:_Cutleaf%27s_Good_Intentions" title="Prologue: Cutleaf's Good Intentions" category="Epic - Vol. I, Prologue" scope="Epic" questArc="Bree-land Epic Prologue" minimumLevel="6" type="EPIC" size="SOLO" faction="FREE_PEOPLES" repeatable="false" instanced="false" description="Ellie Cutleaf, a resident of Combe, is mentioned by name in the letter you found in the Blackwold recruit's pack." bestower="Constable Underhill (NPC)" bestowerText="'Now here's an idea. Ellie is looking for new blood, so why not help her out? You could mask yourself as a ruffian and offer to join the Blackwolds. Gain her confidence, and we might find out where the Blackwold leaders are hiding! Of course, it would be dangerous! Do you think you're up to the task?&#13;&#10;&#13;&#10;'Ellie's house is in the north-west corner of town, by the pond. There are some large cages nearby -- she breeds dogs, I think.&#13;&#10;&#13;&#10;'Go and speak with her...and remember, you're a brigand!'" objectives="Objective 1:&#13;&#10;Ellie Cutleaf's house lies in the north-west corner of Combe, on the banks of the pond.&#13;&#10;&#13;&#10;After discovering the identity of the Blackwold agent, Constable Underhill asked you to enter the ranks of the Blackwolds by speaking with Ellie Cutleaf and doing whatever she asks of you.&#13;&#10;• Talk to Ellie Cutleaf&#13;&#10;Objective 2:&#13;&#10;Skunkwood's farm can be found by following the road east up the hill and then north into the Chetwood. Follow the road east through the woods and towards the northern end of the Midgewater Marshes.&#13;&#10;&#13;&#10;Constable Underhill ordered you to try and insinuate yourself into the Blackwolds' good graces by doing tasks for their agent, Ellie Cutleaf. However, Ellie admitted her involvement and her desire to leave that part of her life behind. She has asked you for help righting her wrongs.&#13;&#10;• Defeat Skunkwood's den-mother (Skunkwood's Den-mother)&#13;&#10;Objective 3:&#13;&#10;Ellie Cutleaf's house lies in the north-west corner of Combe, on the banks of the pond.&#13;&#10;&#13;&#10;Ellie Cutleaf asked you to slay the den-mother she bred with a Warg for Jagger Jack, the wolf-keeper of the Blackwolds. You should return to her with news of your success.&#13;&#10;• Talk to Ellie Cutleaf">
<prerequisites>
<prerequisite name="Prologue%3A_Finding_Amdir"/>
</prerequisites>
<nextQuests>
<nextQuest name="Prologue%3A_Greater_Responsibility"/>
</nextQuests>
<rewards>
<money gold="0" silver="0" copper="90"/>
<selectOneOf>
<object name="Cutleaf's Handaxe" pageURL="/wiki/Weapon:Cutleaf's_Handaxe" iconURL="http://content.turbine.com/sites/lorebook.lotro.com/images/icons/item/weapon_axe/eq_breeland_cutleaf_1haxe.png" quantity="1"/>
<object name="Cutleaf's Axe" pageURL="/wiki/Weapon:Cutleaf's_Axe" iconURL="http://content.turbine.com/sites/lorebook.lotro.com/images/icons/item/weapon_sword/eq_breeland_cutleaf_2haxe.png" quantity="1"/>
<object name="Cutleaf's Staff" pageURL="/wiki/Weapon:Cutleaf's_Staff" iconURL="http://content.turbine.com/sites/lorebook.lotro.com/images/icons/item/weapon_staff/eq_breeland_cutleaf_staff.png" quantity="1"/>
<object name="Cutleaf's Rune-Stone" pageURL="/wiki/Weapon:Cutleaf's_Rune-Stone" iconURL="http://content.turbine.com/sites/lorebook.lotro.com/images/icons/item/weapon_orb/eq_breeland_cutleaf_runestone.png" quantity="1"/>
<object name="Cutleaf's Mace" pageURL="/wiki/Weapon:Cutleaf's_Mace" iconURL="http://content.turbine.com/sites/lorebook.lotro.com/images/icons/item/weapon_mace/eq_breeland_cutleaf_mace.png" quantity="1"/>
</selectOneOf>
</rewards>
</quest>
