<?xml version="1.0" encoding="UTF-8"?>
<quest id="1879052747" key="The_Keeper_Garthamendir" title="The Keeper Garthamendir" category="Angmar" scope="" questArc="A Tenuous Thread" minimumLevel="45" type="STANDARD" size="FELLOWSHIP" faction="FREE_PEOPLES" repeatable="false" instanced="false" description="Your constant harassment of the Angmarim has not gone unnoticed. The Rangers wish to push the fight to the Gates of Carn Dûm itself and defeat the leader of the Angmarim in Himbar." bestower="Areneth (NPC)" bestowerText="'I know a way to take the fire from the Angmarim. But I must warn you that this is no mean feat. I cannot promise you will return from this battle.&#13;&#10;&#13;&#10;'There is a creature that commands the Angmarim. The wraith Garthamendir, a Cargûl that guards the gate of Carn Dûm. It is the thing that spurs the Angmarim into battle, the thing they fear more than your steel or the arrows of my Rangers.&#13;&#10;&#13;&#10;'Find the Cargûl at the gates of Carn Dûm to the west. Rest first and gather your strength. You will need all of it if you are to triumph. And go not alone!'" objectives="Objective 1:&#13;&#10;Garthamendir guards the gates of Carn Dûm to the west.&#13;&#10;&#13;&#10;Areneth warned you of the Cargûl and its terrible wrath. But killing the fell creature is the only way to break the Angmarim forces. He warned you not to face Garthamendir alone.&#13;&#10;• Kill 1 Garthamendir&#13;&#10;Objective 2:&#13;&#10;Areneth is at Gath Forthnír, east of Carn Dûm.&#13;&#10;&#13;&#10;Garthamendir was defeated and his forces shattered. You should return to Areneth with the news.&#13;&#10;• Talk to Areneth">
<prerequisites>
<prerequisite name="Into_the_Bails"/>
</prerequisites>
<rewards>
<money gold="0" silver="39" copper="76"/>
<reputation>
<reputationItem faction="Council of the North" amount="700"/>
</reputation>
<selectOneOf>
<object name="Areneth's Mantle" pageURL="/wiki/Armour:Areneth's_Mantle" iconURL="http://content.turbine.com/sites/lorebook.lotro.com/images/icons/item/back/eq_angmar_back_10.png" quantity="1"/>
<object name="Areneth's Staff" pageURL="/wiki/Weapon:Areneth's_Staff" iconURL="http://content.turbine.com/sites/lorebook.lotro.com/images/icons/item/weapon_staff/eq_angmar_staff_07.png" quantity="1"/>
<object name="Great Axe of the Hill-chieftain" pageURL="/wiki/Weapon:Great_Axe_of_the_Hill-chieftain" iconURL="http://content.turbine.com/sites/lorebook.lotro.com/images/icons/item/weapon_sword/eq_angmar_2haxe_03.png" quantity="1"/>
<object name="Slayer of Garthamendir" pageURL="/wiki/Weapon:Slayer_of_Garthamendir" iconURL="http://content.turbine.com/sites/lorebook.lotro.com/images/icons/item/weapon_sword/eq_new_angmar_1hsword_02.png" quantity="1"/>
<object name="Areneth's Shield" pageURL="/wiki/Armour:Areneth's_Shield" iconURL="http://content.turbine.com/sites/lorebook.lotro.com/images/icons/item/shield/eq_angmar_medium_shield_04.png" quantity="1"/>
</selectOneOf>
</rewards>
</quest>
