<?xml version="1.0" encoding="UTF-8"?>
<quest id="1879052700" key="Vol._I,_Book_6,_Chapter_2:_Against_His_Lord" title="Vol. I, Book 6, Chapter 2: Against His Lord" category="Epic - Vol. I, Book 6: Fires in the North" scope="Epic" questArc="Volume I, Book 6: Fires in the North" minimumLevel="40" type="EPIC" size="SOLO" faction="FREE_PEOPLES" repeatable="false" instanced="false" description="Daervunn told you of how a wounded falcon arrived, bearing a message from Corunir, a Ranger from the company of Golodir, who defied Aragorn's commands and passed into Angmar, believing that a shadow had come again unto Carn Dûm." bestower="Daervunn (NPC)" bestowerText="'Perhaps I should start from the beginning. Many years ago, one of our captains -- a man by the name of Golodir -- desired to enter the realm of Angmar, for he had heard rumour that the descendants of the ancient Hillmen of Rhudaur had made for themselves a home there and began again to multiply. He suspected also that a shadow had come again unto Carn Dûm, for fell creatures began to spread southward into the North Downs.&#13;&#10;&#13;&#10;'Aragorn forbade any to go there, for that land still had an ill-name, though it has been barren for hundreds of years. Nevertheless, Golodir gathered those who would go with him and passed out of our memory -- until a few weeks ago. A wounded falcon arrived, bearing a message from Corunir, one of Golodir's company, stating that he has been dwelling at a place called Aughaire, a village of the Hillmen somewhere north of Ram Dúath.&#13;&#10;&#13;&#10;'Will you go there and speak with Corunir? The urgency of his message makes me fear what has come to pass. I deem we have not yet seen the darkest times.'" objectives="Objective 1:&#13;&#10;Corunir is at Aughaire, a Hillman-village in Angmar, somewhere north of Ram Dúath.&#13;&#10;&#13;&#10;Daervunn besought you to pass north through Ram Dúath and seek out the Ranger Corunir, who dwells now among the Hillmen of Angmar.&#13;&#10;• Talk to Corunir">
<prerequisites>
<prerequisite name="Vol._I%2C_Book_6%2C_Chapter_1%3A_Of_Golodir_and_Angmar"/>
</prerequisites>
<nextQuests>
<nextQuest name="Vol._I%2C_Book_6%2C_Chapter_3%3A_Secrets_of_the_Stones"/>
</nextQuests>
<rewards>
<money gold="0" silver="23" copper="10"/>
</rewards>
</quest>
