<?xml version="1.0" encoding="UTF-8"?>
<quest id="1879052223" key="Vol._I,_Book_4,_Chapter_2:_The_Missing_Rider" title="Vol. I, Book 4, Chapter 2: The Missing Rider" category="Epic - Vol. I, Book 4: Chasing Shadows" scope="Epic" questArc="Volume I, Book 5: Chasing Shadows" minimumLevel="33" type="EPIC" size="FELLOWSHIP" faction="FREE_PEOPLES" repeatable="false" instanced="false" description="Elladan and Elrohir have had an unfruitful search for the missing Rider, but the brothers have finally uncovered some traces of his passing." bestower="Elladan (NPC)" bestowerText="'Shortly after Frodo Baggins and his company came to Rivendell, my father sent us to search for signs of the Nazgûl, the Nine Riders of the Enemy. We found the bodies of eight horses downstream, but of the last there was no sign. We searched further, but still found nothing.&#13;&#10;&#13;&#10;'We travelled far afield, into lands to the south, and still found no sign of the fleeing Rider. Only on our return journey did we find something: hoofprints in the South Trollshaws, far south of the road. There are many narrow valleys in that region -- the Nazgûl might lie there, sheltered from prying eyes, waiting for his time to strike.&#13;&#10;&#13;&#10;'Journey far south of the road in the South Trollshaws, (your name), and seek out the missing Rider. The ruins within those narrow channels have a fell reputation. Minas Agor that place was called of old, and the Nazgûl may have sought it out for that reason.'&#13;&#10;&#13;&#10;This quest is meant to completed while grouped, but can be attempted solo. The stone you receive upon bestowal can be used for a short term buff that will enable you to benefit from the inspiration buff while in a fellowship smaller than five." objectives="Objective 1:&#13;&#10;The hoofprints were discovered far south of the road, and the sons of Elrond believe that the missing Rider might be hiding in the ruins of Minas Agor, located within the narrow channels of the South Trollshaws.&#13;&#10;&#13;&#10;Elladan has asked you to follow the Nazgûl into the South Trollshaws.&#13;&#10;&#13;&#10;&lt;rgb=#FF0000&gt;The Elf-stone can be used to allow for you to access the inspiration buff while solo or in a smaller fellowship.&#13;&#10;• Find some sign of the missing Nazgûl&#13;&#10;• Use Shimmering Elf-stone&#13;&#10;• If you find yourself without a full fellowship you may draw upon inspiration&#13;&#10;Objective 2:&#13;&#10;The corpse of a black horse lies in the ruins of Minas Agor, located among the narrow channels of the South Trollshaws.&#13;&#10;&#13;&#10;You should remove the bridle from the horse's corpse and return with it to Elladan.&#13;&#10;&#13;&#10;&lt;rgb=#FF0000&gt;The Elf-stone can be used to allow for you to access the inspiration buff while solo or in a smaller fellowship.&#13;&#10;• Use Black Horse Corpse&#13;&#10;• Use Shimmering Elf-stone&#13;&#10;• If you find yourself without a full fellowship you may draw upon inspiration&#13;&#10;Objective 3:&#13;&#10;Elladan is at Thorenhad, located among the Bruinen Gorges, north of a bear-den.&#13;&#10;&#13;&#10;Elladan will be both pleased and troubled to see the bridle of the black horse, for it means that the missing Rider is still somewhere within the Trollshaws.&#13;&#10;• Talk to Elladan&#13;&#10;• Turn in Bridle of a Black Steed&#13;&#10;• Turn in Shimmering Elf-stone">
<prerequisites>
<prerequisite name="Vol._I%2C_Book_4%2C_Chapter_1%3A_Where_is_the_Horse_and_the_Rider%3F"/>
</prerequisites>
<nextQuests>
<nextQuest name="Vol._I%2C_Book_4%2C_Chapter_3%3A_The_Wisdom_of_Lord_Glorfindel"/>
</nextQuests>
<rewards>
<money gold="0" silver="20" copper="65"/>
<reputation>
<reputationItem faction="Elves of Rivendell" amount="900"/>
</reputation>
<selectOneOf>
<object name="Elladan's Leggings" pageURL="/wiki/Armour:Elladan's_Leggings" iconURL="http://content.turbine.com/sites/lorebook.lotro.com/images/icons/item/legs/eq_trollshaws_light_legs_01.png" quantity="1"/>
<object name="Brognam" pageURL="/wiki/Weapon:Brognam" iconURL="http://content.turbine.com/sites/lorebook.lotro.com/images/icons/item/weapon_sword/eq_trollshaws_2hhammer_01.png" quantity="1"/>
<object name="Elladan's Shield" pageURL="/wiki/Armour:Elladan's_Shield" iconURL="http://content.turbine.com/sites/lorebook.lotro.com/images/icons/item/shield/eq_trollshaws_medium_shield_02.png" quantity="1"/>
</selectOneOf>
</rewards>
</quest>
