<?xml version="1.0" encoding="UTF-8"?>
<quest id="1879048530" key="Adelard%27s_Chapter" title="Adelard's Chapter" category="Shire" scope="" questArc="" minimumLevel="4" type="STANDARD" size="SMALL_FELLOWSHIP" faction="FREE_PEOPLES" repeatable="false" instanced="false" description="Pervinca Took made the mistake of helping her cousins Isembard and Imbert play a trick on the aged Adelard Took. Pervinca sneaked off with the chapter he wrote for the Yearbook of Tuckborough, and Isembard hid it." bestower="Pervinca Took (NPC)" bestowerText="'I need your help! I made a terrible mistake and listened to Isembard and Imbert, my fool cousins. You see, old Adelard is always lecturing us young Tooks on the history of the family, and well, it does get tiring. My cousins decided to play a trick on him and convinced me to sneak away with the latest chapter Adelard wrote for the Yearbook of Tuckborough.&#13;&#10;&#13;&#10;'Now I'm worried about the trouble I'm going to get into! Isembard, though, went out to get the chapter from where he hid it, but hasn't returned yet!&#13;&#10;&#13;&#10;'I think he said he hid it in a tall tree east of the Great Smials in Tuckborough. Could you go there and see what is taking him so long?'" objectives="Objective 1:&#13;&#10;Pervinca thought her cousins Isembard and Imbert Took could be found near the Great Willow east of the Great Smials in Tuckborough.&#13;&#10;&#13;&#10;Pervinca asked you to find her cousins Isembard and Imbert, who went to retrieve Adelard's chapter of the Yearbook, and see what is taking him so long.&#13;&#10;• Speak to Isembard Took&#13;&#10;Objective 2:&#13;&#10;Bring Adelard's chapter back to Pervinca Took in the Great Smials.&#13;&#10;&#13;&#10;Having survived Isembard's grand idea for getting the satchel with Adelard's chapter down from the tree, you finally have the chapter in hand to bring back to Pervinca.&#13;&#10;• Talk to Pervinca Took&#13;&#10;• Turn in Adelard's Chapter">
<rewards>
<money gold="0" silver="0" copper="90"/>
<selectOneOf>
<object name="Mushroom Pie" pageURL="/wiki/Item:Mushroom_Pie" iconURL="http://content.turbine.com/sites/lorebook.lotro.com/images/icons/item/food/it_food_mushroom_pie.png" quantity="3"/>
<object name="Finder of Yearbooks" pageURL="/wiki/Armour:Finder_of_Yearbooks" iconURL="http://content.turbine.com/sites/lorebook.lotro.com/images/icons/item/shoulders/eq_shire_light_shoulder_02.png" quantity="1"/>
<object name="Pervinca's Javelin" pageURL="/wiki/Weapon:Pervinca's_Javelin" iconURL="http://content.turbine.com/sites/lorebook.lotro.com/images/icons/item/weapon_javelin/eq_shire_javelin_01.png" quantity="1"/>
</selectOneOf>
</rewards>
</quest>
