<?xml version="1.0" encoding="UTF-8"?>
<quest id="1879054139" key="Hillmen_of_the_North" title="Hillmen of the North" category="North Downs" scope="" questArc="Hillmen of the North" minimumLevel="30" type="STANDARD" size="SOLO" faction="FREE_PEOPLES" repeatable="false" instanced="false" description="Hillmen from Angmar followed the Orc army through Ram Dúath into the North Downs and established an encampment near the head of the pass. These Hillmen serve to keep open the passage from Angmar." bestower="Arohir (NPC)" bestowerText="'You have done much for us already, $PLAYER$. I wonder if you are willing to do more? The Hillmen encamped at the eastern entrance of the Ram Dúath pass have me concerned.&#13;&#10;&#13;&#10;'These are men who long ago foreswore their allegiance to Angmar, after the Witch-king was defeated, and have never united beneath a single banner since. That they should now serve under the banner of Angmar is troubling, but that they should guard the pass into Angmar is alarming.&#13;&#10;&#13;&#10;'Before we can know best how to deal with them, we need to know their strength. These Hillmen often wear brooches by which they distinguish one another. Collect these brooches, so that I may determine what is the composition of their ranks.'" objectives="Objective 1:&#13;&#10;The Hillmen are encamped near the mouth of the eastern entrance to Ram Dúath, north-east of Esteldín.&#13;&#10;&#13;&#10;Arohir has asked you to infiltrate the Hillman encampment and collect some of the brooches the Hillmen wear as badges of rank, so that he might determine the composition of their forces.&#13;&#10;• Bring the brooches back to Arohir (Arohir)&#13;&#10;• Turn in Angmarim-brooch">
<prerequisites>
<prerequisite name="Scouting_the_Ram_D%C3%BAath"/>
</prerequisites>
<nextQuests>
<nextQuest name="War_and_Famine"/>
</nextQuests>
<rewards>
<money gold="0" silver="19" copper="60"/>
<reputation>
<reputationItem faction="Rangers of Esteldín" amount="700"/>
</reputation>
</rewards>
</quest>
