<?xml version="1.0" encoding="UTF-8"?>
<quest id="1879052791" key="Scaled_Menace" title="Scaled Menace" category="Angmar" scope="" questArc="" minimumLevel="43" type="STANDARD" size="SMALL_FELLOWSHIP" faction="FREE_PEOPLES" repeatable="false" instanced="false" description="Guard Ansurr told you that in the past the drakes of Dolroth menaced Gabilshathûr. He fears that now that they have no time to thin the numbers of the drakes, they will once again threaten Gabilshathûr." bestower="Guard Ansurr (Dwarf)" bestowerText="'Is it true what I have heard? That you are travelling into the valley of Dolroth? If that is true, could you thin the numbers of the drakes found there? You would be doing a great service to Gabilshathûr!&#13;&#10;&#13;&#10;'Although not nearly as dangerous and wicked as a dragon, drakes share at least a small part of their love for precious things. In the past, the drakes of Dolroth were drawn here, swooping in and attacking us. After one such attack, I led a band of dwarves into Dolroth and thinned their numbers.&#13;&#10;&#13;&#10;'Yet now, seeing as we are hard-pressed by the Orcs, we have no dwarves to spare to remove the drakes, and I fear the drakes' numbers will grow once more. If you, though, could slay a number of them, we will only have one threat to deal with!'" objectives="Objective 1:&#13;&#10;Drakes can be found far to the east of Gabilshathûr, in the valley of Dolroth.&#13;&#10;&#13;&#10;Ansurr asked you to thin the numbers of the drakes.&#13;&#10;• Defeat drakes in Dolroth (12)&#13;&#10;Objective 2:&#13;&#10;Guard Ansurr is at Gabilshathûr, far to the west of the valley of Dolroth.&#13;&#10;&#13;&#10;You have defeated many drakes and should return to Guard Ansurr with news of your success.">
<prerequisites>
<prerequisite name="A_Dire_Need"/>
<prerequisite name="Vol._I%2C_Book_6%2C_Chapter_6%3A_Challenging_the_Stone"/>
</prerequisites>
<rewards>
<money gold="0" silver="38" copper="64"/>
<object name="Drake-bane's Shield" pageURL="/wiki/Armour:Drake-bane's_Shield" iconURL="http://content.turbine.com/sites/lorebook.lotro.com/images/icons/item/shield/eq_angmar_shield_09.png" quantity="1"/>
</rewards>
</quest>
