<?xml version="1.0" encoding="UTF-8"?>
<quest id="1879048362" key="A_Guardian%27s_Duty" title="A Guardian's Duty" category="Guardian" scope="" questArc="" minimumLevel="30" type="STANDARD" size="SOLO" faction="FREE_PEOPLES" repeatable="false" instanced="false" description="A guardian must become hardened to the dangers of the world, for he stands between those evils and all good folk." bestower="Teal Saddler (NPC)" bestowerText="'War is brewing in many lands and against many folk, (your name), but few are as hard-pressed as those in the town of Trestlebridge. One of its guardians, a Man named Severin Wheeler, has sent word to all who will listen: Trestlebridge must be defended.&#13;&#10;&#13;&#10;'The Orcs came across the North Downs and cruelly press against the city. You must help stand against them, (your name), or you are no true guardian. Go to Trestlebridge and lend your aid to Severin Wheeler!&#13;&#10;&#13;&#10;'If the town falls, the way into Bree-land will be open to the Orcs, and all hope will be gone. This is your duty, (your name) -- you cannot deny it.'" objectives="Objective 1:&#13;&#10;Severin Wheeler is in the town of Trestlebridge, in the North Downs.&#13;&#10;&#13;&#10;Severin Wheeler has sent word from Trestlebridge that the town is under threat of attack from marauding Orcs and must be defended.&#13;&#10;• Talk to Severin Wheeler&#13;&#10;Objective 2:&#13;&#10;Severin Wheeler is in Trestlebridge, in the North Downs.&#13;&#10;&#13;&#10;Severin Wheeler is waiting to hear that you are prepared to defend the town from the Orcs that threaten it.&#13;&#10;• Talk to Severin Wheeler and take up your position in defence of Trestlebridge&#13;&#10;Objective 3:&#13;&#10;Severin Wheeler is in Trestlebridge.&#13;&#10;&#13;&#10;Severin Wheeler is waiting to speak with you about your defence of the town in the recent Orc-raid.&#13;&#10;• Talk to Severin Wheeler">
<requiredClass name="Guardian"/>
<rewards>
<money gold="0" silver="17" copper="85"/>
<trait id="Parried_Blows" name="Parried Blows"/>
<selectOneOf>
<object name="Rodamath" pageURL="/wiki/Armour:Rodamath" iconURL="http://content.turbine.com/sites/lorebook.lotro.com/images/icons/item/shield/eq_class_heavy_shield_01.png" quantity="1"/>
<object name="The Worm's Scale" pageURL="/wiki/Armour:The_Worm's_Scale" iconURL="http://content.turbine.com/sites/lorebook.lotro.com/images/icons/item/chest/eq_class_heavy_chest_01.png" quantity="1"/>
</selectOneOf>
</rewards>
</quest>
