<?xml version="1.0" encoding="UTF-8"?>
<quest id="1879052749" key="A_Tenuous_Thread" title="A Tenuous Thread" category="Angmar" scope="" questArc="A Tenuous Thread" minimumLevel="43" type="STANDARD" size="SOLO" faction="FREE_PEOPLES" repeatable="false" instanced="false" description="The Angmarim, servants of the Dark Lord, threaten the Rangers of Gath Forthnír." bestower="Areneth (NPC)" bestowerText="'I received word of reinforcements coming from the south. If this is true, they can help us strike out against Carn Dûm. We must make a show of strength to the Angmarim, lest they become emboldened and attack us before help arrives.&#13;&#10;&#13;&#10;'Set out to the west, to Himbar, and defeat the Angmarim warriors and marksmen. Take their weapons and bring them back to me. We must prepare the message before we deliver it.'" objectives="Objective 1:&#13;&#10;The Angmarim are to the west of Gath Forthnír, near Carn Dûm.&#13;&#10;&#13;&#10;Areneth said that a display of strength could break the spirits of the Angmarim loyal to Mordor. He asked you to collect the weapons of those you defeat.&#13;&#10;• Turn in Broken Sword&#13;&#10;• Turn in Broken Crossbow&#13;&#10;Objective 2:&#13;&#10;Araneth is at Gath Forthnír, to the east of Carn Dûm.&#13;&#10;&#13;&#10;You must return to Araneth with the weapons which you captured.&#13;&#10;• Talk to Areneth&#13;&#10;• Turn in Broken Crossbow&#13;&#10;• Turn in Broken Sword">
<prerequisites>
<prerequisite name="Vol._I%2C_Book_6%2C_Chapter_6%3A_Challenging_the_Stone"/>
</prerequisites>
<nextQuests>
<nextQuest name="Sacrifice_to_the_Iron_Crown"/>
</nextQuests>
<rewards>
<money gold="0" silver="24" copper="15"/>
<reputation>
<reputationItem faction="Council of the North" amount="500"/>
</reputation>
</rewards>
</quest>
