<?xml version="1.0" encoding="UTF-8"?>
<quest id="1879048614" key="Ending_Terror" title="Ending Terror" category="Urugarth" scope="" questArc="Thinning the Horde" minimumLevel="45" type="STANDARD" size="FELLOWSHIP" faction="FREE_PEOPLES" repeatable="false" instanced="false" description="You defeated many Orcs in Urugarth, but your task is not yet complete. The Uruk-leader remains." bestower="Donaith (NPC)" bestowerText="'Uruks are loathesome, vicious creatures without a shred of honour or courage...only a mindless rage and a lust for blood.&#13;&#10;&#13;&#10;'Their general is no different, save for the fervour of his hatred. He serves the Iron Crown without question and leads his army into battle without mercy. Defeat him, and you will prove your mettle.&#13;&#10;&#13;&#10;'You will find him in the deepest reaches of Urugarth to the west.'" objectives="Objective 1:&#13;&#10;The leader of the Orc-army makes his home deep within Urugarth, west of Gath Forthnír.&#13;&#10;&#13;&#10;Donaith told you of a mighty Uruk-general that must be defeated.&#13;&#10;• Kill 1 Lagmâs&#13;&#10;Objective 2:&#13;&#10;Donaith is at Gath Forthnír, east of Urugarth.&#13;&#10;&#13;&#10;You should return to Gath Forthnír and tell Donaith the good news of your victory.&#13;&#10;• Talk to Donaith">
<prerequisites>
<prerequisite name="Thinning_the_Horde"/>
</prerequisites>
<rewards>
<money gold="0" silver="49" copper="70"/>
<reputation>
<reputationItem faction="Council of the North" amount="900"/>
</reputation>
<selectOneOf>
<object name="Tircham" pageURL="/wiki/Armour:Tircham" iconURL="http://content.turbine.com/sites/lorebook.lotro.com/images/icons/item/chest/eq_angmar_light_chest_03.png" quantity="1"/>
<object name="Donaith's Bow" pageURL="/wiki/Weapon:Donaith's_Bow" iconURL="http://content.turbine.com/sites/lorebook.lotro.com/images/icons/item/weapon_bow/eq_angmar_bow_06.png" quantity="1"/>
<object name="Maetham" pageURL="/wiki/Armour:Maetham" iconURL="http://content.turbine.com/sites/lorebook.lotro.com/images/icons/item/chest/eq_angmar_medium_chest_05.png" quantity="1"/>
<object name="Tinugor" pageURL="/wiki/Item:Tinugor" iconURL="http://content.turbine.com/sites/lorebook.lotro.com/images/icons/item/jewelry/eq_angmar_bracelet_06.png" quantity="1"/>
<object name="Lagmâs' Defeat" pageURL="/wiki/Weapon:Lagmâs'_Defeat" iconURL="http://content.turbine.com/sites/lorebook.lotro.com/images/icons/item/weapon_sword/eq_angmar_2haxe_02.png" quantity="1"/>
</selectOneOf>
</rewards>
</quest>
