<?xml version="1.0" encoding="UTF-8"?>
<quest id="1879048366" key="A_Lore-master%27s_Will" title="A Lore-master's Will" category="Lore-master" scope="" questArc="" minimumLevel="30" type="STANDARD" size="SOLO" faction="FREE_PEOPLES" repeatable="false" instanced="false" description="A Lore-master seeks to dissolve all the mysteries of the world, but whether he chooses to share them with others is often a defining characteristic." bestower="Dalton Willow (NPC)" bestowerText="'Isferon at the refuge of Duillond in Ered Luin has come into possession of a puzzle that he hopes a true lore-master will be able to solve. He has kept the details to himself, but if you were to seek him out, I am sure the puzzle would be of interest to you.&#13;&#10;&#13;&#10;'Isferon himself is a most learned lore-master -- I wonder what puzzle could evade his understanding?'" objectives="Objective 1:&#13;&#10;Isferon is at the refuge of Duillond in Ered Luin.&#13;&#10;&#13;&#10;You have been told that Isferon has a puzzle that he cannot solve. As Isferon is a most learned Lore-master, this puzzle must be difficult indeed.&#13;&#10;• Talk to Isferon&#13;&#10;Objective 2:&#13;&#10;Isferon gave you the first of Berenin's riddles.&#13;&#10;&#13;&#10;Isferon hopes that you can discover the solution of Berenin's riddle and collect the first of three keys from the location that is described.&#13;&#10;• Use Small Clasped Box&#13;&#10;Objective 3:&#13;&#10;Isferon is at the refuge of Duillond in Ered Luin.&#13;&#10;&#13;&#10;Now that you have solved the first of three riddles given him by his friend Berenin, you should return the key you found to Isferon at Duillond.&#13;&#10;• Talk to Isferon&#13;&#10;• Turn in Berenin's First Key&#13;&#10;Objective 4:&#13;&#10;Isferon gave you the second of Berenin's riddles.&#13;&#10;&#13;&#10;Isferon hopes that you can discover the solution of Berenin's riddle and collect the second of three keys from the location that is described.&#13;&#10;• Use Small Clasped Box&#13;&#10;Objective 5:&#13;&#10;Isferon is at the refuge of Duillond in Ered Luin.&#13;&#10;&#13;&#10;Now that you have solved the second of three riddles given him by his friend Berenin, you should return the key you found to Isferon at Duillond.&#13;&#10;• Talk to Isferon&#13;&#10;• Turn in Berenin's Second Key&#13;&#10;Objective 6:&#13;&#10;Isferon gave you the third of Berenin's riddles.&#13;&#10;&#13;&#10;Isferon hopes that you can discover the solution of Berenin's riddle and collect the last of the three keys from the location that is described.&#13;&#10;• Use Small Clasped Box&#13;&#10;Objective 7:&#13;&#10;Isferon is at the refuge of Duillond in Ered Luin.&#13;&#10;&#13;&#10;Now that you have solved the last of three riddles given him by his friend Berenin, you should return the key you found to Isferon at Duillond.&#13;&#10;• Talk to Isferon&#13;&#10;• Turn in Berenin's Third Key&#13;&#10;Objective 8:&#13;&#10;Isferon is at the refuge of Duillond in Ered Luin.&#13;&#10;&#13;&#10;You have become a part of Isferon's quest to discover his friend Berenin's legacy by solving the riddles he left, and now Isferon waits to travel with you to the cave where he stored Berenin's locked boxes.&#13;&#10;• Talk to Isferon and travel with him to the cave&#13;&#10;Objective 9:&#13;&#10;Isferon is at Duillond, the refuge in Ered Luin.&#13;&#10;&#13;&#10;You discovered Berenin's legacy -- a desire that he not be forgotten by his friend and to engage in one last game of riddles -- and helped Isferon not lose sight of his friend's memory. Isferon is waiting to speak with you again.&#13;&#10;• Talk to Isferon">
<requiredClass name="Lore-master"/>
<rewards>
<money gold="0" silver="17" copper="85"/>
<trait id="Flame_of_Anor" name="Flame of Anor"/>
<selectOneOf>
<object name="Amarthis" pageURL="/wiki/Weapon:Amarthis" iconURL="http://content.turbine.com/sites/lorebook.lotro.com/images/icons/item/weapon_staff/eq_class_staff_01.png" quantity="1"/>
<object name="Cloak of the Serpent's Hoard" pageURL="/wiki/Armour:Cloak_of_the_Serpent's_Hoard" iconURL="http://content.turbine.com/sites/lorebook.lotro.com/images/icons/item/back/eq_class_back_02.png" quantity="1"/>
</selectOneOf>
</rewards>
</quest>
