<?xml version="1.0" encoding="UTF-8"?>
<quest id="1879048449" key="Vol._I,_Book_3,_Chapter_6,_Part_III_of_III:_The_Free_Peoples_of_Trestlebridge" title="Vol. I, Book 3, Chapter 6, Part III of III: The Free Peoples of Trestlebridge" category="Epic - Vol. I, Book 3: The Council of the North" scope="Epic" questArc="Volume I, Book 3: The Council of the North" minimumLevel="31" type="EPIC" size="SOLO" faction="FREE_PEOPLES" repeatable="false" instanced="false" description="After you and Halbarad came to the aid of her town, Nellie Boskins swore to lend what strength the people of Trestlebridge have to his endeavour. They will come to the Council of Esteldín." bestower="Nellie Boskins (NPC)" bestowerText="'The debt I owe you and the Rangers cannot be repaid easily, but I hope to make a start of it by answering Halbarad's call to the Council. Whatever strength the Men of Trestlebridge can lend to Halbarad's endeavour shall be his to command.&#13;&#10;&#13;&#10;'Please, go tell Halbarad that I will come to this Esteldín as soon as I settle matters here. I am still responsible first to my people, but I see now that the Free Peoples of the North Downs must stand together, if we are to remain free.&#13;&#10;&#13;&#10;'Thank you, my friend.'" objectives="Objective 1:&#13;&#10;Halbarad can be found in Esteldín.&#13;&#10;&#13;&#10;Nellie Boksins has asked you to inform Halbarad that she will come to the Council of Esteldín.&#13;&#10;• Talk to Halbarad">
<prerequisites>
<prerequisite name="Vol._I%2C_Book_3%2C_Chapter_6%2C_Part_II_of_III%3A_The_Defence_of_Trestlebridge"/>
</prerequisites>
<nextQuests>
<nextQuest name="Vol._I%2C_Book_3%2C_Chapter_7%3A_The_Council_Assembled"/>
</nextQuests>
<rewards>
<reputation>
<reputationItem faction="Rangers of Esteldín" amount="500"/>
</reputation>
</rewards>
</quest>
