<?xml version="1.0" encoding="UTF-8"?>
<quest id="1879048664" key="A_Scholar%27s_Lesson" title="A Scholar's Lesson" category="Trollshaws" scope="" questArc="Hidden by Drifts" minimumLevel="36" type="STANDARD" size="SOLO" faction="FREE_PEOPLES" repeatable="false" instanced="false" description="Scholar Deluros has reassembled an ancient vase from the fragments you retrieved in the Misty Mountains, and seeks to teach Glorenglir a further lesson." bestower="Deluros (NPC)" bestowerText="'We have been very fortunate, (your name), for some of those fragments were indeed once part of this vase. I have repaired it as best I can, and the beauty it once had has returned in some measure!&#13;&#10;&#13;&#10;'I have another task for you, (your name). There are tables throughout Rivendell on which pieces of art and history are sometimes placed for contemplation. Bring this vase to a table near Glorenglir. If she recognizes it as being the sum of the fragments you earlier uncovered for her, I shall agree to further her instruction as a scholar and give her leave to study some of the more valuable artifacts kept here at Imladris.&#13;&#10;&#13;&#10;'If she does not recognize the vase, she will have received my final lesson. Place the vase on the table, observe her reactions, then return to me, and we will speak further.'" objectives="Objective 1:&#13;&#10;Glorenglir is in Rivendell, and a table nearby would be a suitable place to set the vase you have been given.&#13;&#10;&#13;&#10;Scholar Deluros has asked you to place the vase he reassembled on the table near Glorenglir, observe her reactions, then return to him.&#13;&#10;• Use Display Table&#13;&#10;• Turn in Reassembled Vase&#13;&#10;Objective 2:&#13;&#10;Scholar Deluros is in the library of Elrond's House in Rivendell.&#13;&#10;&#13;&#10;Deluros is waiting to hear if Glorenglir recognized the vase he reassembled.&#13;&#10;• Talk to Deluros">
<prerequisites>
<prerequisite name="The_Missing_Fragments"/>
</prerequisites>
<rewards>
<selectOneOf>
<object name="Scholar's Hat" pageURL="/wiki/Armour:Scholar's_Hat" iconURL="http://content.turbine.com/sites/lorebook.lotro.com/images/icons/item/head/eq_trollshaws_light_head_02.png" quantity="1"/>
<object name="Rune Shard" pageURL="/wiki/Item:Rune_Shard" iconURL="http://content.turbine.com/sites/lorebook.lotro.com/images/icons/item/jewelry/eq_trollshaws_pocketitem_03.png" quantity="1"/>
<object name="Scholar's Rune-stone" pageURL="/wiki/Weapon:Scholar's_Rune-stone" iconURL="http://content.turbine.com/sites/lorebook.lotro.com/images/icons/item/weapon_orb/eq_trollshaws_orb_frost_01.png" quantity="1"/>
</selectOneOf>
</rewards>
</quest>
