<?xml version="1.0" encoding="UTF-8"?>
<quest id="1879054095" key="Vol._I,_Book_6,_Chapter_4:_Heart_of_Stone" title="Vol. I, Book 6, Chapter 4: Heart of Stone" category="Epic - Vol. I, Book 6: Fires in the North" scope="Epic" questArc="Volume I, Book 6: Fires in the North" minimumLevel="40" type="EPIC" size="SOLO" faction="FREE_PEOPLES" repeatable="false" instanced="false" description="The rubbing you made showed runes of a foul nature, written in the Black Speech, which Corunir is not well-versed in; however, he was able to make out something about the \qheart\q of the stone." bestower="Corunir (NPC)" bestowerText="'These runes are of an Elvish mode, but the language is the Black Speech, in which I am not well-versed. But I do know a little and can see that these runes speak of a &quot;heart&quot; located within the stone.&#13;&#10;&#13;&#10;'Perhaps if I could study one of the stone-hearts, a way to undo the spell upon them can be found. There are some lifeless stones east of here from which you may collect such a heart, without fear.&#13;&#10;&#13;&#10;'Bring me a stone-heart as quickly as you may, so that we may be done with our duty.'" objectives="Objective 1:&#13;&#10;Lifeless watching-stones can be found in Western Malenhad, far to the east of Aughaire.&#13;&#10;&#13;&#10;Corunir has asked you to find one of the stone-hearts the runes spoke of by searching lifeless watching-stones.&#13;&#10;• Find/Use Lifeless Watching-stone&#13;&#10;• Find/Use Lifeless Watching-stone&#13;&#10;Objective 2:&#13;&#10;Corunir is at the Hillman-village of Aughaire.&#13;&#10;&#13;&#10;You should return to Corunir with the stone-heart that you discovered.&#13;&#10;• Talk to Corunir&#13;&#10;• Turn in Cracked Heart-stone">
<prerequisites>
<prerequisite name="Vol._I%2C_Book_6%2C_Chapter_3%3A_Secrets_of_the_Stones"/>
</prerequisites>
<nextQuests>
<nextQuest name="Vol._I%2C_Book_6%2C_Chapter_5%3A_The_Sorcerer%27s_Doom"/>
</nextQuests>
<rewards>
<money gold="0" silver="23" copper="10"/>
<object name="Ithilchol" pageURL="/wiki/Armour:Ithilchol" iconURL="http://content.turbine.com/sites/lorebook.lotro.com/images/icons/item/back/eq_angmar_back_11.png" quantity="1"/>
</rewards>
</quest>
