<?xml version="1.0" encoding="UTF-8"?>
<quest id="1879052607" key="Vol._I,_Book_5,_Chapter_5:_The_Last_Refuge" title="Vol. I, Book 5, Chapter 5: The Last Refuge" category="Epic - Vol. I, Book 5: The Last Refuge" scope="Epic" questArc="Volume I, Book 5: The Last Refuge" minimumLevel="38" type="EPIC" size="FELLOWSHIP" faction="FREE_PEOPLES" repeatable="false" instanced="false" description="With the Key-stone in hand, you can now enter the dwarf-keep in Gabilazan, the last refuge of the Dourhands and confront both the Nazgûl and Skorgrím." bestower="Glóin (NPC)" bestowerText="'Now that we have the Key-stone, the back way into the Dourhand keep will be open to us! You should be able to confront both the Nazgûl and Skorgrím. However, the task will be a great one, and you will need help, so gather a company of allies. Also, since completion of this task may mean the end of Skorgrím, a great boon to Durin's Folk, I will send my son Gimli along with you to aid in the battle. I will entrust him with both the Key-stone and the secret dwarf-lore needed to open the gate.&#13;&#10;&#13;&#10;'Now go and gather a company of allies and prepare for the battle ahead. Once you are prepared, speak to Gimli. He is staying in one of the guest rooms along the road that winds up the southern slope of the Vale of Imladris. Together you will set off for the keep, and he shall open the secret way into the inner keep.&#13;&#10;&#13;&#10;'This will be a great day for the Free Peoples, (your name)! I am eager for your return with the tale of your victory!'&#13;&#10;&#13;&#10;This quest is meant for a fellowship. If you choose to undertake this quest solo you will receive an inspiration bonus, but the challenge will be great." objectives="Objective 1:&#13;&#10;Gimli is in one of the guest rooms along the road that winds up the southern slope of the Vale of Imladris.&#13;&#10;&#13;&#10;When you have gathered a fellowship, seek out Gimli, and he will accompany you to the dwarf-keep where the Nazgûl and Skorgrím may be hiding.&#13;&#10;&#13;&#10;&lt;rgb=#FF0000&gt;This quest is meant for a fellowship. If you choose to undertake this quest solo you will receive an inspiration bonus, but the challenge will be great.&#13;&#10;• Speak to Gimli in Rivendell&#13;&#10;Objective 2:&#13;&#10;Glóin is at his camp north of Rivendell.&#13;&#10;&#13;&#10;The Nazgûl left the dwarf-keep, commanding Skorgrím to slay you. Fortunately, you were able to defeat Skorgrím, but a fell spirit emerged from his corpse and cursed the Longbeards before vanishing. You should tell Glóin all that has transpired.&#13;&#10;• Talk to Glóin">
<prerequisites>
<prerequisite name="Vol._I%2C_Book_5%2C_Chapter_4%3A_The_Key-stone"/>
</prerequisites>
<nextQuests>
<nextQuest name="Vol._I%2C_Book_5%2C_Chapter_6%3A_In_the_Steps_of_Evil"/>
<nextQuest name="I.5.5_Tale%3A_The_Last_Refuge"/>
<nextQuest name="The_Last_Refuge_--_Redux"/>
</nextQuests>
<rewards>
<money gold="0" silver="44" copper="80"/>
<reputation>
<reputationItem faction="Thorin's Hall" amount="1200"/>
</reputation>
<selectOneOf>
<object name="The Stone-cutter's Arms" pageURL="/wiki/Armour:The_Stone-cutter's_Arms" iconURL="http://content.turbine.com/sites/lorebook.lotro.com/images/icons/item/shoulders/eq_trollshaws_light_shoulder_02.png" quantity="1"/>
<object name="Crawler-hide Coat" pageURL="/wiki/Armour:Crawler-hide_Coat" iconURL="http://content.turbine.com/sites/lorebook.lotro.com/images/icons/item/chest/eq_trollshaws_medium_chest_02.png" quantity="1"/>
<object name="The Climber's Hands" pageURL="/wiki/Armour:The_Climber's_Hands" iconURL="http://content.turbine.com/sites/lorebook.lotro.com/images/icons/item/hands/eq_trollshaws_heavy_hands_02.png" quantity="1"/>
<object name="Gloín's Halberd" pageURL="/wiki/Weapon:Gloín's_Halberd" iconURL="http://content.turbine.com/sites/lorebook.lotro.com/images/icons/item/weapon_sword/eq_trollshaws_halberd_01.png" quantity="1"/>
<object name="Glóin's Gold Ring" pageURL="/wiki/Item:Glóin's_Gold_Ring" iconURL="http://content.turbine.com/sites/lorebook.lotro.com/images/icons/item/jewelry/eq_trollshaws_ring_03.png" quantity="1"/>
</selectOneOf>
</rewards>
</quest>
