<?xml version="1.0" encoding="UTF-8"?>
<quest id="1879054299" key="The_Dream_Voice" title="The Dream Voice" category="North Downs" scope="" questArc="The Search for Idalene" minimumLevel="21" type="STANDARD" size="SOLO" faction="FREE_PEOPLES" repeatable="false" instanced="false" description="Colbert has sent you off into the fields of Fornost in search of the lost girl Idalene." bestower="Colbert the Mad (NPC)" bestowerText="'So, you're really going to go out there to the fields of Fornost looking for this girl...er, Idalene, was it?&#13;&#10;&#13;&#10;'Let me give you some advice. Don't go at night. Definitely don't go at night. And during the day, don't go near any of the burial mounds. And the ruins. You'll want to avoid the ruins. Oh yes, if you see something moving around out there, and you're not sure what it is...run! Whatever it is won't be friendly, and you probably won't want to look real close at it anyhow.&#13;&#10;&#13;&#10;'Well, good luck, then. Remember, I saw her to the north-west of here. I don't think there were any bears around, so it might be safe. Might be.'" objectives="Objective 1:&#13;&#10;Idalene is to the north-west of Mincham's camp, north of Trestlebridge.&#13;&#10;&#13;&#10;Colbert has sent you out looking for Idalene with a plethora of dire warnings about the hazards of Deadmen's Dike.&#13;&#10;• Find Idalene&#13;&#10;Objective 2:&#13;&#10;Dallin Endholder is back in Trestlebridge.&#13;&#10;&#13;&#10;Having driven off a fell spirit that had somehow been possessing Idalene, you should return to Dallin Endholder and tell him what happened.&#13;&#10;• Talk to Dallin Endholder">
<prerequisites>
<prerequisite name="The_Search_for_Idalene"/>
</prerequisites>
<nextQuests>
<nextQuest name="Treasures_from_the_Fields"/>
</nextQuests>
<rewards>
<money gold="0" silver="13" copper="0"/>
<selectOneOf>
<object name="Endholder's Boots" pageURL="/wiki/Armour:Endholder's_Boots" iconURL="http://content.turbine.com/sites/lorebook.lotro.com/images/icons/item/feet/eq_northdowns_heavy_feet_01.png" quantity="1"/>
<object name="Túronn" pageURL="/wiki/Weapon:Túronn" iconURL="http://content.turbine.com/sites/lorebook.lotro.com/images/icons/item/weapon_mace/eq_northdowns_1hclub_01.png" quantity="1"/>
</selectOneOf>
</rewards>
</quest>
