<?xml version="1.0" encoding="UTF-8"?>
<quest id="1879048249" key="Better_Blankets" title="Better Blankets" category="Lone-lands" scope="" questArc="Wolves of the Scrub" minimumLevel="20" type="STANDARD" size="SOLO" faction="FREE_PEOPLES" repeatable="false" instanced="false" description="Arinora is displeased with the preferential treatment that Anlaf is demanding for guests from the town of Bree, but there is little she can do about it. While Mugwort is out in the wild and focusing on killing Wargs, he figures he would help out his friend Arinora as well." bestower="Old Mugwort (NPC)" bestowerText="'I nearly forgot! Anlaf wants me to offer better blankets to our guests from Bree. Better blankets! Can you believe that? You come from the town, and you get better blankets. I ask you, is that right by any measure? No, it isn't!&#13;&#10;&#13;&#10;'Arinora has no choice but to see to it. Your first blankets are good enough for those used to the harder life, but their betters need something better, according to Anlaf.&#13;&#10;&#13;&#10;'So I figure I can help her while I work to frighten off these goblins! When you are killing lynx in Nain Enidh, north of here and east of Weathertop, tear off their hides! Their fur is soft and well-kept. Bring it to me, and I will make these blankets and get them back to Arinora.'" objectives="Objective 1:&#13;&#10;Lynx prowl through Nain Enidh, east of Weathertop and north of the encampment on the east edge of Minas Eriol.&#13;&#10;&#13;&#10;Old Mugwort asked you to collect lynx-hides so he can help Arinora make better blankets for the inn's more affluent guests.&#13;&#10;• Bring soft lynx-hides to Old Mugwort (Old Mugwort)&#13;&#10;• Turn in Soft Lynx-hide">
<rewards>
<money gold="0" silver="11" copper="50"/>
<selectOneOf>
<object name="Arinora's Boots" pageURL="/wiki/Armour:Arinora's_Boots_(Level_20)" iconURL="http://content.turbine.com/sites/lorebook.lotro.com/images/icons/item/feet/eq_lonelands_heavy_feet_01.png" quantity="1"/>
<object name="Arinora's Bracelet" pageURL="/wiki/Item:Arinora's_Bracelet" iconURL="http://content.turbine.com/sites/lorebook.lotro.com/images/icons/item/jewelry/eq_lonelands_bracelet_01.png" quantity="1"/>
<object name="Arinora's Shield" pageURL="/wiki/Armour:Arinora's_Shield" iconURL="http://content.turbine.com/sites/lorebook.lotro.com/images/icons/item/shield/eq_lonelands_medium_shield_02.png" quantity="1"/>
</selectOneOf>
</rewards>
</quest>
