<?xml version="1.0" encoding="UTF-8"?>
<quest id="1879048246" key="Implements_of_the_Hunt" title="Implements of the Hunt" category="Hunter" scope="" questArc="The Swiftest Arrow" minimumLevel="45" type="STANDARD" size="SOLO" faction="FREE_PEOPLES" repeatable="false" instanced="false" description="Fenton Marshley has agreed to help you fashion a weapon worthy of your great skill as a hunter. The tale of this weapon will be one of danger and evil, but from these hardships will come strength." bestower="Fenton Marshley (NPC)" bestowerText="'I can make you a weapon that befits your great skill as a hunter, (your name), but you must steel yourself for hardship, for its tale will not be easily won.&#13;&#10;&#13;&#10;'I will need time between each stage of the process, so do not bring me everything at once. I will first need corroded Iron Crown staves, which may be found in Angmar, and a razor-sharp claw belonging to Driftclaw, a great bear of the Misty Mountains, who dwells in the land of the giants.&#13;&#10;&#13;&#10;'May fortune smile upon you during your hunt, (your name). It has to this point, and I know it will continue to do so.'" objectives="Objective 1:&#13;&#10;Men of Angmar may be found in Fasach-falroid and near Malenhad in Angmar. Driftclaw may be found in the Misty Mountains, where the giants dwell.&#13;&#10;&#13;&#10;Fenton Marshley asked you to bring him one of Driftclaw's razor-sharp claws and the corroded Iron Crown staves carried by the evil Men of Angmar.&#13;&#10;• Turn in Driftclaw's Razor-sharp Claw&#13;&#10;• Turn in Corroded Iron-crown Stave&#13;&#10;Objective 2:&#13;&#10;Fenton Marshley is at the Hunting Lodge east of Archet and north of Bree, in Bree-land.&#13;&#10;&#13;&#10;You have collected the first set of components Fenton Marshley has asked you to bring him.&#13;&#10;• Talk to Fenton Marshley&#13;&#10;• Turn in Driftclaw's Razor-sharp Claw&#13;&#10;• Turn in Corroded Iron-crown Stave&#13;&#10;Objective 3:&#13;&#10;Worms may be found in Forochel and Angmar. Dread-turtles may be found in Malenhad in Angmar. Wights roam Imlad Balchorth in Angmar.&#13;&#10;&#13;&#10;Fenton asked you to bring him clouded worm-eyes, venomous dread-turtle beaks, and putrid fingernails.&#13;&#10;• Turn in Clouded Worm Eye&#13;&#10;• Turn in Venomous Dread Turtle Beak&#13;&#10;• Turn in Putrid Fingernail&#13;&#10;Objective 4:&#13;&#10;Fenton Marshley is at the Hunting Lodge east of Archet and north of Bree, in Bree-land.&#13;&#10;&#13;&#10;You have collected the second set of components Fenton Marshley asked you to bring him.&#13;&#10;• Talk to Fenton Marshley&#13;&#10;• Turn in Clouded Worm Eye&#13;&#10;• Turn in Venomous Dread Turtle Beak&#13;&#10;• Turn in Putrid Fingernail&#13;&#10;Objective 5:&#13;&#10;Uruks guard the city of Carn Dûm in Angmar, while the vile Helchgam dwells beneath.&#13;&#10;&#13;&#10;Fenton asked you to bring him a Medallion of Passage and the putrid slime of Helchgam.&#13;&#10;• Turn in Medallion of Passage&#13;&#10;• Turn in Putrid Slime of Helchgam&#13;&#10;Objective 6:&#13;&#10;Fenton Marshley is at the Hunting Lodge east of Archet and north of Bree, in Bree-land.&#13;&#10;&#13;&#10;You have collected the last set of components Fenton Marshley asked you to bring him.&#13;&#10;• Bring the last set of components to Fenton Marshley (Fenton Marshley)&#13;&#10;• Turn in Medallion of Passage&#13;&#10;• Turn in Putrid Slime of Helchgam">
<requiredClass name="Hunter"/>
<rewards>
<money gold="0" silver="49" copper="70"/>
<object name="Distilled Celebrant Salve" pageURL="/wiki/Item:Distilled_Celebrant_Salve" iconURL="http://content.turbine.com/sites/lorebook.lotro.com/images/icons/item/potion/it_potion_power_instant_tier5.png" quantity="5"/>
<selectOneOf>
<object name="Bow of the Hunt" pageURL="/wiki/Weapon:Bow_of_the_Hunt" iconURL="http://content.turbine.com/sites/lorebook.lotro.com/images/icons/item/weapon_bow/eq_class_bow_02.png" quantity="1"/>
<object name="Crossbow of the Hunt" pageURL="/wiki/Weapon:Crossbow_of_the_Hunt" iconURL="http://content.turbine.com/sites/lorebook.lotro.com/images/icons/item/weapon_crossbow/eq_class_crossbow_02.png" quantity="1"/>
</selectOneOf>
</rewards>
</quest>
