<?xml version="1.0" encoding="UTF-8"?>
<quest id="1879048341" key="Prologue:_Beyond_the_Cave-in" title="Prologue: Beyond the Cave-in" category="Epic - Vol. I, Prologue" scope="Epic" questArc="Ered Luin Epic Prologue (Dwarf Path)" minimumLevel="2" type="EPIC" size="SOLO" faction="FREE_PEOPLES" repeatable="false" instanced="false" description="Unnarr believes the caved-in passage through which the burglars gained access to the treasury leads to the Silver Deep." bestower="Guard-captain Unnarr (NPC)" bestowerText="'Judging from the location of the treasury, I would say the burglars dug their passage from the Silver Deep, and that points to goblins. Goblins crawled into that mine shortly after that unpleasant business two years ago, and we haven't had much success driving them out.&#13;&#10;&#13;&#10;'I want you to enter the Silver Deep and look for the other side of the cave-in. You might find some of the stolen gold or one of our burglars trapped on the other side. Bring me whatever you find.&#13;&#10;&#13;&#10;'The entrance to the Silver Deep is in the north-eastern corner of the valley, at the end of a gully.'" objectives="Objective 1:&#13;&#10;The other side of the caved-in passage is somewhere in the Silver Deep, the mine in the north-east corner of the valley.&#13;&#10;&#13;&#10;Unnarr has asked you to search the Silver Deep for the other side of the caved-in passage through which the burglars were able to reach the treasury, perhaps finding some sign of their passing.&#13;&#10;• Use Dead Dourhand&#13;&#10;Objective 2:&#13;&#10;Unnarr is at Frerin's Court.&#13;&#10;&#13;&#10;You discovered a dead Dourhand by the caved-in passage leading into the treasury, but did not find any of the stolen gold. Unnarr is waiting for your report and should be shown the Dourhand insignia on the sword you found.&#13;&#10;• Talk to Guard-captain Unnarr&#13;&#10;• Turn in Dourhand Sword-hilt">
<prerequisites>
<prerequisite name="Prologue%3A_The_Missing_Guard"/>
</prerequisites>
<nextQuests>
<nextQuest name="Prologue%3A_Dwalin%27s_Bad_Day"/>
</nextQuests>
<rewards>
<money gold="0" silver="0" copper="90"/>
<selectOneOf>
<object name="Unnarr's Shoulderpads" pageURL="/wiki/Armour:Unnarr's_Shoulderpads" iconURL="http://content.turbine.com/sites/lorebook.lotro.com/images/icons/item/shoulders/eq_eredluin_light_shoulder_cavein.png" quantity="1"/>
<object name="Unnarr's Shoulderguards" pageURL="/wiki/Armour:Unnarr's_Shoulderguards" iconURL="http://content.turbine.com/sites/lorebook.lotro.com/images/icons/item/shoulders/eq_eredluin_med_shoulder_cavein.png" quantity="1"/>
</selectOneOf>
</rewards>
</quest>
