<?xml version="1.0" encoding="UTF-8"?>
<quest id="1879049548" key="Prologue:_Burying_the_Dead" title="Prologue: Burying the Dead" category="Epic - Vol. I, Prologue" scope="Epic" questArc="Bree-land Epic Prologue" minimumLevel="1" type="EPIC" size="SOLO" faction="FREE_PEOPLES" repeatable="false" instanced="false" description="While you were fighting through Archet, some of the good folk of this fair village perished during the assault." bestower="Jon Brackenbrook (NPC)" bestowerText="'As we prepared for the Blackwold assault and stood at the defence of Archet, many of the good folks of this town perished, both within the gates and beyond.&#13;&#10;&#13;&#10;'The battle was great, but in the end we defeated the brigands' onslaught. Some of the good men who were lost still remain unburied, but the people of this town have their hands full with their own great losses. It would be to our shame if those unburied bodies were dishonoured by wild beasts.&#13;&#10;&#13;&#10;'I would ask this one last favour of you: seek out those poor men and grant them honour in death. Dirk Mudbrick fell at the sheep-farm south-west of Archet, Nate Whisperwood died defending the Hunter's Lodge, and Cal Sprigley's farmhand -- Wil Wheatley -- perished in battle just to the west of Bronwe's Folly.'" objectives="Objective 1:&#13;&#10;Dirk Mudbrick's body can be found at the sheep-farm, south-west of Archet. Nate Whisperwood's body can be found near the Hunter's Lodge, east of Archet. The body of Wil Wheatley can be found just to the west of Bronwe's Folly, south of Archet.&#13;&#10;&#13;&#10;Jon Brackenbrook has asked that you bury the remains of the fallen who perished in the Blackwold raid with honour.&#13;&#10;• Use Dirk Mudbrick&#13;&#10;• Use Nate Whisperwood&#13;&#10;• Use Wil Wheatley&#13;&#10;Objective 2:&#13;&#10;Jon Brackenbrook can be found by the ruins of The Mad Badger Inn in Archet.&#13;&#10;&#13;&#10;You should return to Jon Brackenbrook and let him know that you have buried the fallen as he asked.&#13;&#10;• Talk to Jon Brackenbrook">
<nextQuests>
<nextQuest name="Prologue%3A_An_Urgent_Summons"/>
<nextQuest name="Crafting%3A_Strong_of_Arm_and_Sharp_of_Mind"/>
<nextQuest name="Builder_Earur"/>
</nextQuests>
<rewards>
<money gold="0" silver="0" copper="90"/>
</rewards>
</quest>
