<?xml version="1.0" encoding="UTF-8"?>
<quest id="1879048271" key="Enfeebling_the_Foe" title="Enfeebling the Foe" category="Lone-lands" scope="" questArc="Little Menaces" minimumLevel="17" type="STANDARD" size="SOLO" faction="FREE_PEOPLES" repeatable="false" instanced="false" description="Lieva Dourlily has an intense dislike for the goblins that have recently arrived in the Lone-lands and seeks to drive them away." bestower="Lieva Dourlily (NPC)" bestowerText="'I hate the goblins, I do! Skulking thieves, the lot of them, sneaking about in the night so they can pick the best herbs and mushrooms! They'll soon pick the Lone-lands dry if they go unhindered -- not that there was much out here to begin with!&#13;&#10;&#13;&#10;'I made a special draught for them, though. It'll make them sluggish and unruly -- maybe unruly enough to fight amongst themselves! And if not...well, it'll have other effects that just might make them change their minds about staying here.&#13;&#10;&#13;&#10;'Take these draughts and pour them into the barrels located in the goblins' camps to the north-east of the inn at Weatherfoot, at the base of Weathertop. Return to me when the deed is done.'" objectives="Objective 1:&#13;&#10;There will be barrels of uneaten food at the goblin-camps of Weatherfoot, north-east of The Forsaken Inn and south-west of Weathertop.&#13;&#10;&#13;&#10;Lieva Dourlily has asked you to take a special draught she brewed to the goblin-camps in the north-east and introduce it into their food supply. The draught is supposed to have properties that Lieva thinks will encourage the goblins to abandon the Lone-lands.&#13;&#10;• Use Goblin Food-barrel&#13;&#10;• Turn in Foul-smelling Draught&#13;&#10;Objective 2:&#13;&#10;Lieva Dourlily awaits your return at The Forsaken Inn, south-west of Weatherfoot.&#13;&#10;&#13;&#10;You added the contents of Lieva's draught to the food-barrels found at the goblin-encampments north-east of The Forsaken Inn. Lieva will want to know of your success.&#13;&#10;• Talk to Lieva Dourlilly at The Forsaken Inn (Lieva Dourlily)">
<prerequisites>
<prerequisite name="Missing_Supply_Cart"/>
</prerequisites>
<rewards>
<money gold="0" silver="7" copper="0"/>
<selectOneOf>
<object name="Old Mugwort's Shoes" pageURL="/wiki/Armour:Old_Mugwort's_Shoes" iconURL="http://content.turbine.com/sites/lorebook.lotro.com/images/icons/item/feet/eq_lonelands_light_feet_01.png" quantity="1"/>
<object name="Old Mugwort's Shield" pageURL="/wiki/Armour:Old_Mugwort's_Shield" iconURL="http://content.turbine.com/sites/lorebook.lotro.com/images/icons/item/shield/eq_lonelands_shield_01.png" quantity="1"/>
</selectOneOf>
</rewards>
</quest>
