<?xml version="1.0" encoding="UTF-8"?>
<quest id="1879053150" key="Purification_of_Death" title="Purification of Death" category="Angmar" scope="" questArc="Cauldron of Death" minimumLevel="43" type="STANDARD" size="FELLOWSHIP" faction="FREE_PEOPLES" repeatable="false" instanced="false" description="Oflár has given you a tincture of nightshade which he hopes will purify the evil from the monuments in Imlad Balchorth." bestower="Oflár (NPC)" bestowerText="'The nightshade-tincture is ready. I have learned that there are three great black monuments, like huge jagged blades, placed before the lake in the centre of Imlad Balchorth. This lake can be recognized by the two vast dying trees upon a central island. The monuments are grouped together in a triangle pattern before you reach the lake. I ask you to visit the monuments and use this tincture on each one.&#13;&#10;&#13;&#10;'If all is as I suspect, the monuments will be protected by spirits and wights that hold great power. You are encouraged to defeat these spirits.&#13;&#10;&#13;&#10;'This is no small task, and you should gather a few of your friends to attempt this. Report back to me when the power of the monuments is broken.'" objectives="Objective 1:&#13;&#10;The monuments are in Imlad Balchorth in front of the large lake.&#13;&#10;&#13;&#10;Oflár has asked you to bring the tincture Imlad Balchorth and use it on the monuments to draw out the powerful spirits that guard them.&#13;&#10;• Use Monument&#13;&#10;• Turn in Tincture of Nightshade&#13;&#10;• Use Monument&#13;&#10;• Turn in Tincture of Nightshade&#13;&#10;• Use Monument&#13;&#10;• Turn in Tincture of Nightshade&#13;&#10;Objective 2:&#13;&#10;Oflár is back at the dwarf-outpost of Myrkworth.&#13;&#10;&#13;&#10;You dispersed some fell spirits and slew the wights who came to defend the obelisk, but there was little other result. One wight boasted of something he called the Cauldron of Death. Oflár might know of these words.&#13;&#10;• Talk to Oflár&#13;&#10;• Turn in Tincture of Nightshade">
<prerequisites>
<prerequisite name="The_Tincture"/>
</prerequisites>
<nextQuests>
<nextQuest name="The_Cauldron_of_Death"/>
</nextQuests>
<rewards>
<money gold="0" silver="24" copper="15"/>
<reputation>
<reputationItem faction="Council of the North" amount="500"/>
</reputation>
<object name="Oflár's Spear" pageURL="/wiki/Weapon:Oflár's_Spear" iconURL="http://content.turbine.com/sites/lorebook.lotro.com/images/icons/item/weapon_spear/eq_angmar_spear_04.png" quantity="1"/>
</rewards>
</quest>
