<?xml version="1.0" encoding="UTF-8"?>
<quest id="1879048591" key="Vol._I,_Book_8,_Chapter_2:_Rekindling_the_Flame" title="Vol. I, Book 8, Chapter 2: Rekindling the Flame" category="Epic - Vol. I, Book 8: The Scourge of the North" scope="Epic" questArc="Volume I, Book 8: The Scourge of the North" minimumLevel="44" type="EPIC" size="SOLO" faction="FREE_PEOPLES" repeatable="false" instanced="false" description="You managed to recover Golodir's equipment, but as Laerdan pointed out to you, the gear was corroded and decayed beyond use." bestower="Laerdan (NPC)" bestowerText="'What hope remains to Golodir must lie with his own people. It may be that they can repair this gear or somehow draw from it, something that may renew Golodir.&#13;&#10;&#13;&#10;'Take this equipment to the hidden Ranger encampment of Esteldín in the North Downs -- I am sure you have been there before. Tell them Laerdan of Eregion sent you.&#13;&#10;&#13;&#10;'Time is wasting for Golodir!'" objectives="Objective 1:&#13;&#10;Daervunn is at Esteldín in the North Downs, far to the south and west of Angmar.&#13;&#10;&#13;&#10;Laerdan instructed you to take Golodir's equipment to the Ranger Daervunn to be repaired.&#13;&#10;• Talk to Daervunn&#13;&#10;• Turn in Golodir's Mail-shirt&#13;&#10;Objective 2:&#13;&#10;Toram is in Esteldín.&#13;&#10;&#13;&#10;Daervunn felt he could repair Golodir's shirt, but the sword and shield were beyond his ability. He asked you to speak to Toram in Esteldín to have those items repaired.&#13;&#10;• Talk to Toram&#13;&#10;• Turn in Golodir's Sword&#13;&#10;• Turn in Gondorian Shield&#13;&#10;Objective 3:&#13;&#10;Reclaim Golodir's sword and shield from Toram in Esteldín.&#13;&#10;&#13;&#10;Daervunn asked you to take Golodir's sword and shield to Toram, an armoursmith in Esteldín, for repair.&#13;&#10;• Talk to Toram&#13;&#10;Objective 4:&#13;&#10;Daervunn is at Esteldín.&#13;&#10;&#13;&#10;You should return to Daervunn to collect Golodir's shirt and to see if he has any thoughts on how to repair Golodir's sword.&#13;&#10;• Talk to Daervunn&#13;&#10;• Turn in Gondorian Shield&#13;&#10;• Turn in Golodir's Sword">
<prerequisites>
<prerequisite name="Vol._I%2C_Book_8%2C_Chapter_1%3A_The_Flickering_Flame"/>
</prerequisites>
<nextQuests>
<nextQuest name="Vol._I%2C_Book_8%2C_Chapter_3%3A_Forging_the_Sword"/>
</nextQuests>
<rewards>
<money gold="0" silver="24" copper="50"/>
</rewards>
</quest>
