<?xml version="1.0" encoding="UTF-8"?>
<quest id="1879049961" key="Rings_of_Rhudaur" title="Rings of Rhudaur" category="Garth Agarwen" scope="" questArc="" minimumLevel="30" type="STANDARD" size="FELLOWSHIP" faction="FREE_PEOPLES" repeatable="false" instanced="false" description="Radagast the Brown was reminded of a legend about rings that were given to the leaders of the Hill-men to signify their service to Angmar. These rings gave them power over their lessers, but exacted their very lives from them, making their bodies vessels for wight-spirits." bestower="Radagast the Brown (NPC)" bestowerText="'(your name), I have a tale to share with you. It is of warriors who served Rhudaur at this very place, and the fate they shared. It is a story, nothing more, but one that may have merit.&#13;&#10;&#13;&#10;'When Rhudaur pledged to serve Angmar it is said that some were gifted rings that gave them command over their lessers. These rings, borne by the most powerful leaders signified their stations, but came with a terrible price. Each of them perished and were replaced by wight-spirits.&#13;&#10;&#13;&#10;'Likely, it is naught more than a nursery tale, but if it is not, then the power of those rings must be removed. Seek out these rings, if they exist, and bring them to me so that they may be destroyed. The wight-leaders will bear them.'" objectives="Objective 1:&#13;&#10;Wights can be found in Garth Agarwen in the north of Agamaur. Radagast can be found at Barad Dhorn in the Eglan-camp.&#13;&#10;&#13;&#10;Radagast the Brown has asked you to enter Garth Agarwen and discover if the legendary rings exist. If they do, he wishes them brought to him so that they may be destroyed.&#13;&#10;• Return the Rings to Radagast the Brown (Radagast the Brown)&#13;&#10;• Turn in Warrior-ring">
<prerequisites>
<prerequisite name="Vol._I%2C_Book_2%2C_Chapter_15%3A_%28Fellowship%29The_Red-pass"/>
<prerequisite name="Vol._I%2C_Book_2%2C_Chapter_15_%28Solo%29%3A_The_Red-pass"/>
<prerequisite name="Rhudaur%27s_Traitors"/>
</prerequisites>
<rewards>
<money gold="0" silver="39" copper="20"/>
<reputation>
<reputationItem faction="Eglain" amount="1200"/>
</reputation>
<selectOneOf>
<object name="Relentless Staff" pageURL="/wiki/Weapon:Relentless_Staff" iconURL="http://content.turbine.com/sites/lorebook.lotro.com/images/icons/item/weapon_staff/eq_lonelands_staff_02.png" quantity="1"/>
<object name="Warmonger" pageURL="/wiki/Weapon:Warmonger" iconURL="http://content.turbine.com/sites/lorebook.lotro.com/images/icons/item/weapon_crossbow/eq_lonelands_crossbow_01.png" quantity="1"/>
</selectOneOf>
</rewards>
</quest>
