<?xml version="1.0" encoding="UTF-8"?>
<quest id="1879059733" key="A_Poultice_for_Our_Hurts" title="A Poultice for Our Hurts" category="Angmar" scope="" questArc="Restoration" minimumLevel="39" type="STANDARD" size="SOLO" faction="FREE_PEOPLES" repeatable="false" instanced="false" description="The Trév Gállorg gather herbs from the low-lands with which they treat wounds and season their food." bestower="Cána (NPC)" bestowerText="'You fought bravely in Clúcath, (your name), but the Trév Duvárdain will not stop harrying us. We should have expected it: they will not obey the ancient rites, and their Angmarim masters push them still against us.&#13;&#10;&#13;&#10;'With many battles ahead, we need to be ready to care for our wounded. I can make a poultice that will be of great aid to the healers in the Búth Sánkhas and the Búth Luikh. Pick the following herbs from the surrounding hills, and in the lands around the city of Donnvail, to the north: red lovage by the farms of Donnvail, spiky mugwort near the lakes to the south-west, and silverbell by the fortress of Tór Gailvin, to the east.&#13;&#10;&#13;&#10;'Not all battles are fought with weapons, friend (your race); some are won by the healing arts.'" objectives="Objective 1:&#13;&#10;Spiky mugwort, silverbell, and red lovage can be found in the lands around Fail-á-Khro and the northern city of Donnvail: spiky mugwort near the ponds south-west of Fail-á-Khro; red lovage by the farms outside Donnvail; and silverbell by the fortress of Tór Gailvin, to the east.&#13;&#10;&#13;&#10;Cána has asked you to gather some herbs so she can make a poultice to heal the hurts of those injured in the battles sure to come.&#13;&#10;• Use Red Lovage&#13;&#10;• Use Silverbell&#13;&#10;• Use Spiky Mugwort&#13;&#10;Objective 2:&#13;&#10;Cána is at Fail-á-Khro, north of Aughaire along the road.&#13;&#10;&#13;&#10;Cána has asked you to bring her the herbs she needs to make a healing poultice for her people.&#13;&#10;• Talk to Cána&#13;&#10;• Turn in Red Lovage&#13;&#10;• Turn in Silverbell&#13;&#10;• Turn in Spiky Mugwort">
<prerequisites>
<prerequisite name="The_Rite_of_Cl%C3%BAcath"/>
</prerequisites>
<nextQuests>
<nextQuest name="Restoring_the_Peas"/>
</nextQuests>
<rewards>
<money gold="0" silver="22" copper="75"/>
<selectOneOf>
<object name="Refined Athelas Essence" pageURL="/wiki/Item:Refined_Athelas_Essence" iconURL="http://content.turbine.com/sites/lorebook.lotro.com/images/icons/item/potion/it_potion_morale_instant_tier4.png" quantity="5"/>
<object name="Refined Celebrant Salve" pageURL="/wiki/Item:Refined_Celebrant_Salve" iconURL="http://content.turbine.com/sites/lorebook.lotro.com/images/icons/item/potion/it_potion_power_instant_tier4.png" quantity="5"/>
</selectOneOf>
</rewards>
</quest>
