<?xml version="1.0" encoding="UTF-8"?>
<quest id="1879049990" key="Orc-thieves" title="Orc-thieves" category="Lone-lands" scope="" questArc="Volume I, Book 2: The Red Maid" minimumLevel="17" type="STANDARD" size="SOLO" faction="FREE_PEOPLES" repeatable="false" instanced="false" description="Candaith's pursuit of an Orc-company turned deadly when he was discovered, and in his haste to escape, he lost his bow to the Orcs." bestower="Candaith (NPC)" bestowerText="'The Orcs took my bow from me, and while it would not be difficult to make a new one, I am loath to be parted from it. It is very dear to me, for it was passed down from my grandfather to my father, and from my father to me.&#13;&#10;&#13;&#10;'One of War-master Uzorr's archers has surely taken it for his own. Search the vicinity of the Midgewater Pass for archers bearing the mark of the White Hand. If you are truly brave, look too within Bleakrift, to the north-west. I have seen many archers in that place, from a fair distance, and one of them might have taken my bow as a spoil of war.&#13;&#10;&#13;&#10;'Bring caution with you, (your name).'" objectives="Objective 1:&#13;&#10;White Hand archers scout the Midgewater Pass, and can be found also within Bleakrift, north-west of Candaith's camp at the foot of Weathertop.&#13;&#10;&#13;&#10;Candaith has asked you to recover his bow from the archer that has taken it.&#13;&#10;• Bring Candaith's bow to Candaith (Candaith)&#13;&#10;• Turn in Candaith's Bow">
<prerequisites>
<prerequisite name="Vol._I%2C_Book_2%2C_Chapter_2%3A_An_Orc-messenger"/>
</prerequisites>
<rewards>
<money gold="0" silver="7" copper="0"/>
<selectOneOf>
<object name="Candaith's Spare Bow" pageURL="/wiki/Weapon:Candaith's_Spare_Bow" iconURL="http://content.turbine.com/sites/lorebook.lotro.com/images/icons/item/weapon_bow/eq_lonelands_bow_01.png" quantity="1"/>
<object name="Simple Celebrant Salve" pageURL="/wiki/Item:Simple_Celebrant_Salve" iconURL="http://content.turbine.com/sites/lorebook.lotro.com/images/icons/item/potion/it_potion_power_instant_tier2.png" quantity="5"/>
</selectOneOf>
</rewards>
</quest>
