<?xml version="1.0" encoding="UTF-8"?>
<quest id="1879048356" key="Prologue:_The_Wisdom_of_the_Thrushes" title="Prologue: The Wisdom of the Thrushes" category="Epic - Vol. I, Prologue" scope="Epic" questArc="Ered Luin Epic Prologue (Dwarf Path)" minimumLevel="4" type="EPIC" size="SOLO" faction="FREE_PEOPLES" repeatable="false" instanced="false" description="Dwalin wants to know where the Dourhands went with the stolen gold and wonders if the thrushes of the Vale of Thráin might have seen something." bestower="Dwalin (NPC)" bestowerText="'We need to find out where the Dourhand burglars took the gold they stole from our treasury, (your name), and I believe I know just how to do it. The thrushes of the Vale of Thráin have long served as the eyes of Durin's Folk in the air. If the Dourhands tried moving the stolen gold from Thorin's Hall, as they must have, one of the thrushes would surely have seen them.&#13;&#10;&#13;&#10;'Nos Grimsong is a friend of the thrushes who has long been loyal to the Lonely Mountain, and he understands their language. Nos was last appointed to duty at the outpost of Noglond to the south.&#13;&#10;&#13;&#10;'To get to Noglond, speak with the stable-master, Wíli, to the west of Frerin's Court. Tell him you want a steed to take you to Noglond and he'll take care of the rest. When you get to Noglond, look for Rothgar. He'll be your point of contact for the time being.'" objectives="Objective 1:&#13;&#10;Noglond can be found far to the south of Thorin's Hall. The stable-master Wíli can be found in the west end of Frerin's Court.&#13;&#10;&#13;&#10;Dwalin wants you to seek out Nos Grimsong, one of his loyal retainers and a friend to the thrushes of the Vale of Thráin. If the thrushes saw the Dourhand burglars, Nos will have heard about it. Dwalin instructed you to take a horse from Frerin's court to the outpost of Noglond. Once there you are to speak to Rothgar.&#13;&#10;• Talk to Wíli to the West of Frerin's Court (Wíli)&#13;&#10;Objective 2:&#13;&#10;Wíli is in the west end of Frerin's Court.&#13;&#10;&#13;&#10;Wíli told you to travel to Noglond by way of one of his horses and to speak with Rothgar when you arrive there.&#13;&#10;• Talk to Rothgar in Noglond (Rothgar)&#13;&#10;Objective 3:&#13;&#10;Nos Grimsong is at the Thrushstones, north-west of Noglond.&#13;&#10;&#13;&#10;Rothgar told you seek Nos Grimsong and see if he has heard anything from the thrushes about the Dourhands robbing the dwarf-treasury.&#13;&#10;• Find Nos Grimsong&#13;&#10;Objective 4:&#13;&#10;Rothgar is in Noglond, to the south-east.&#13;&#10;&#13;&#10;Nos Grimsong wrote down what he learned from the thrushes about the movements of the Dourhands in recent days and gave you his notes to take to Rothgar.&#13;&#10;• Talk to Rothgar&#13;&#10;• Turn in Nos Grimsong's Notes">
<prerequisites>
<prerequisite name="Prologue%3A_Dwalin%27s_Bad_Day"/>
</prerequisites>
<nextQuests>
<nextQuest name="Prologue%3A_The_Old_Dourhand_City"/>
</nextQuests>
<rewards>
<money gold="0" silver="0" copper="90"/>
</rewards>
</quest>
