<?xml version="1.0" encoding="UTF-8"?>
<quest id="1879059559" key="Talbot_Redeemed" title="Talbot Redeemed" category="North Downs" scope="" questArc="A Poor Guard" minimumLevel="18" type="STANDARD" size="SOLO" faction="FREE_PEOPLES" repeatable="false" instanced="false" description="Talbot told you that the vile liquid you found on the Orc in Nan Wathren was similar to the shattered one he found at his feet. He believes this is the proof he needs to clear his name." bestower="Talbot Hinton (NPC)" bestowerText="'This liquid smells terrible! But...it does smell like the liquid I found on the shards of the gourd I found. This is the proof I need to clear my name!&#13;&#10;&#13;&#10;'Here, take one of the skins to Captain Trotter and show it to him. Tell him that this is what caused me to fall asleep. I would do it myself, but the guards won't let me near him.&#13;&#10;&#13;&#10;'Please hurry, my name must be cleared!'" objectives="Objective 1:&#13;&#10;Captain Trotter can be found in Trestlebridge.&#13;&#10;&#13;&#10;Talbot Hinton asked you to bring the gourd you found to Captain Trotter as evidence to clear his name. He cannot do this himself, since the town-guard will not let him approach the captain.&#13;&#10;• Talk to Captain Trotter&#13;&#10;• Turn in Full Water Skin">
<prerequisites>
<prerequisite name="A_Poor_Guard"/>
</prerequisites>
<nextQuests>
<nextQuest name="Vile_Poison"/>
</nextQuests>
<rewards>
<money gold="0" silver="8" copper="50"/>
<reputation>
<reputationItem faction="Men of Bree" amount="500"/>
</reputation>
</rewards>
</quest>
