<?xml version="1.0" encoding="UTF-8"?>
<quest id="1879059891" key="Implements_of_Daring" title="Implements of Daring" category="Champion" scope="" questArc="The Boldest Road" minimumLevel="45" type="STANDARD" size="SOLO" faction="FREE_PEOPLES" repeatable="false" instanced="false" description="Gwesgylliel has agreed to help you fashion a weapon worthy of your reputation as a champion of the Free Peoples." bestower="Gwesgylliel (NPC)" bestowerText="'I can make you a weapon that you will bear with pride, (your name), for those that behold it will know you to be a mighty champion. Mightier still are deeds done with honour, and you have performed many!&#13;&#10;&#13;&#10;'But proceed with caution, (your name). The components I will need for this weapon will not be easy to come by.&#13;&#10;&#13;&#10;'First, I need you to gather swords from the Ongbúrz Orcs of Fasach-falroid in Angmar, then travel east to Malenhad and obtain the hand-axe of the goblin Tramug.'" objectives="Objective 1:&#13;&#10;Ongbúrz Orcs may be found in Fasach-falroid in Angmar. Tramug stalks the swamps of Malenhad in Angmar.&#13;&#10;&#13;&#10;Gwesgylliel asked you to bring her notched Ongbúrz-swords and Tramug's hand-axe.&#13;&#10;• Turn in Notched Ongbúrz-sword&#13;&#10;• Turn in Tramug's Hand-axe&#13;&#10;Objective 2:&#13;&#10;Gwesgylliel is at Lin Giliath in Meluinen, in the North Downs.&#13;&#10;&#13;&#10;Gwesgylliel is waiting for you to return with the first set of components she needs.&#13;&#10;• Talk to Gwesgylliel&#13;&#10;• Turn in Notched Ongbúrz-sword&#13;&#10;• Turn in Tramug's Hand-axe&#13;&#10;Objective 3:&#13;&#10;Wargs may be found in Angmar and other dangerous places, such as Eregion and the Misty Mountains. Barghests may be found in Imlad Balchorth in Angmar.&#13;&#10;&#13;&#10;Gwesgylliel asked you to bring her splintered Warg-claws and barbed barghest-tails.&#13;&#10;• Turn in Splintered Warg Claw&#13;&#10;• Turn in Barbed Barghest Tail&#13;&#10;Objective 4:&#13;&#10;Gwesgylliel is at Lin Giliath in Meluinen, in the North Downs.&#13;&#10;&#13;&#10;Gwesgylliel is waiting for you to return with the second set of components she needs.&#13;&#10;• Bring second set of components to Gwesgylliel (Gwesgylliel)&#13;&#10;• Turn in Splintered Warg Claw&#13;&#10;• Turn in Barbed Barghest Tail&#13;&#10;Objective 5:&#13;&#10;Lhugrien and Gruglok may both be found at Urugarth in Angmar.&#13;&#10;&#13;&#10;Gwesgylliel asked you to bring her a flawless scale of Lhugrien and a Sigil of War.&#13;&#10;• Turn in Flawless Scale of Lhugrien&#13;&#10;• Turn in Sigil of War&#13;&#10;Objective 6:&#13;&#10;Gwesgylliel is at Lin Giliath in Meluinen, in the North Downs.&#13;&#10;&#13;&#10;Gwesgylliel is waiting for you to return with the last set of components she needs.&#13;&#10;• Bring final set of components to Gwesgylliel (Gwesgylliel)&#13;&#10;• Turn in Flawless Scale of Lhugrien&#13;&#10;• Turn in Sigil of War">
<requiredClass name="Champion"/>
<rewards>
<money gold="0" silver="49" copper="70"/>
<object name="Distilled Celebrant Salve" pageURL="/wiki/Item:Distilled_Celebrant_Salve" iconURL="http://content.turbine.com/sites/lorebook.lotro.com/images/icons/item/potion/it_potion_power_instant_tier5.png" quantity="5"/>
<selectOneOf>
<object name="Great Axe of Daring" pageURL="/wiki/Weapon:Great_Axe_of_Daring" iconURL="http://content.turbine.com/sites/lorebook.lotro.com/images/icons/item/weapon_sword/eq_class_2haxe_01.png" quantity="1"/>
<object name="Blade of Daring" pageURL="/wiki/Weapon:Blade_of_Daring" iconURL="http://content.turbine.com/sites/lorebook.lotro.com/images/icons/item/weapon_sword/eq_class_1hsword_02.png" quantity="1"/>
</selectOneOf>
</rewards>
</quest>
