<?xml version="1.0" encoding="UTF-8"?>
<quest id="1879048600" key="Bogbereth%27s_Brood" title="Bogbereth's Brood" category="Angmar" scope="" questArc="Bogbereth" minimumLevel="44" type="STANDARD" size="SOLO" faction="FREE_PEOPLES" repeatable="false" instanced="false" description="Bogbereth the Spider is in league with the Iron Crown. Her progeny is kept by the Angmarim and used as many-legged foot-soldiers." bestower="Lunathron (NPC)" bestowerText="'There is a great spider that lurks in Himbar. Her eggs are prized by the Iron Crown, as the hatchlings can be trained by the Angmarim to fight for the Enemy.&#13;&#10;&#13;&#10;'You must kill the spiders and their elder protectors north-east of Himbar, in Torech-i-Bogbereth. When facing the broodlings, beware. They can burrow into the earth and escape your attacks.&#13;&#10;&#13;&#10;'You must exercise caution while hunting the spiders. Bogbereth stalks those lands, and she may be hunting you as well.'" objectives="Objective 1:&#13;&#10;The spiders are to the north-east of Himbar.&#13;&#10;&#13;&#10;Lunathron told you of Bogbereth's spawn, the spider-broodlings that are kept by the Angmarim.&#13;&#10;• Defeat Bogbereth's broodlings (10 Bogbereth Broodling)&#13;&#10;• Defeat matrons, lurkers, and creepers (20 Achathling, Bogbereth Lurker)&#13;&#10;Objective 2:&#13;&#10;Lunathron is at Gath Forthnír, to the east of Himbar.&#13;&#10;&#13;&#10;You slew many spiders and their Angmarim keepers, ensuring that Bogbereth's spawn pose no threat to the Rangers. Now you should return to Lunathron.&#13;&#10;• Talk to Lunathron">
<prerequisites>
<prerequisite name="Vol._I%2C_Book_6%2C_Chapter_6%3A_Challenging_the_Stone"/>
</prerequisites>
<nextQuests>
<nextQuest name="Raid%3A_Bogbereth"/>
</nextQuests>
<rewards>
<money gold="0" silver="24" copper="50"/>
<reputation>
<reputationItem faction="Council of the North" amount="500"/>
</reputation>
<object name="Spider Talisman" pageURL="/wiki/Item:Spider_Talisman" iconURL="http://content.turbine.com/sites/lorebook.lotro.com/images/icons/item/jewelry/eq_angmar_pocketitem_07.png" quantity="1"/>
</rewards>
</quest>
