<?xml version="1.0" encoding="UTF-8"?>
<quest id="1879052071" key="Implements_of_the_Night" title="Implements of the Night" category="Burglar" scope="" questArc="The Truest Course" minimumLevel="45" type="STANDARD" size="SOLO" faction="FREE_PEOPLES" repeatable="false" instanced="false" description="Sterling Proudfoot has agreed to help you fashion a weapon to compliment your great skill as a burglar." bestower="Sterling Proudfoot (NPC)" bestowerText="'If you're at all like me, (your name), you'll be wanting a weapon that's just right for those who've chosen to follow that noblest of professions by becoming burglars. And not just any burglar, but a skilled one! Not just any weapon will do, and I can make just such a one for you!&#13;&#10;&#13;&#10;'It won't be easy, though. I'll be needing a number of things from hard-to-reach places. What am I saying? You're a fine burglar! I'm sure you'll manage!&#13;&#10;&#13;&#10;'The first things I'll need are fangs from the brimstone-leeches of eastern Angmar and the claw of the Warg Narglup, who can also be found in Angmar, though to the west near Tór Gailvin.'" objectives="Objective 1:&#13;&#10;Brimstone-leeches can be found around the eastern reaches of Malenhad in Angmar. Narglup can be found near Tór Gailvin in the western reaches of Angmar.&#13;&#10;&#13;&#10;Sterling Proudfoot asked you to return with hollow brimstone-leech fangs and the split claw of the Warg Narglup.&#13;&#10;• Turn in Hollow Brimstone-leech Fang&#13;&#10;• Turn in Narglup's Split Claw&#13;&#10;Objective 2:&#13;&#10;Sterling Proudfoot is in Buckland, west of Bree and east of the Brandywine River.&#13;&#10;&#13;&#10;Sterling Proudfoot is waiting for you to return with the first set of components.&#13;&#10;• Talk to Sterling Proudfoot&#13;&#10;• Turn in Hollow Brimstone-leech Fang&#13;&#10;• Turn in Narglup's Split Claw&#13;&#10;Objective 3:&#13;&#10;The worms which have the necessary eyes dwell in places like Forochel, the Misty Mountains, and Eregion. The dread turtles dwell in Malenhad in the eastern reaches of Angmar.&#13;&#10;&#13;&#10;Sterling Proudfoot asked you to bring him hateful worm-eyes and venomous dread-turtle beaks.&#13;&#10;• Turn in Hateful Worm Eye&#13;&#10;• Turn in Venomous Dread Turtle Beak&#13;&#10;Objective 4:&#13;&#10;Sterling Proudfoot is in Buckland, west of Bree and east of the Brandywine River.&#13;&#10;&#13;&#10;Sterling Proudfoot is waiting for you to return with the second set of components.&#13;&#10;• Bring second set of components to Sterling Proudfoot (Sterling Proudfoot)&#13;&#10;• Turn in Hateful Worm Eye&#13;&#10;• Turn in Venomous Dread Turtle Beak&#13;&#10;Objective 5:&#13;&#10;The Warg-keeper Athpukh can be found in Urugarth in Angmar. The morroval-queen Azgoth can be found in Carn Dûm in Angmar.&#13;&#10;&#13;&#10;Sterling Proudfoot asked you to bring him a Warg-keeper's token and a cruel talon of Azgoth.&#13;&#10;• Turn in Warg-keeper's Token&#13;&#10;• Turn in Cruel Talon of Azgoth&#13;&#10;Objective 6:&#13;&#10;Sterling Proudfoot is in Buckland, west of Bree and east of the Brandywine River.&#13;&#10;&#13;&#10;Sterling Proudfoot is waiting for you to return with the last set of components.&#13;&#10;• Bring last set of components to Sterling Proudfoot (Sterling Proudfoot)&#13;&#10;• Turn in Warg-keeper's Token&#13;&#10;• Turn in Cruel Talon of Azgoth">
<requiredClass name="Burglar"/>
<rewards>
<money gold="0" silver="49" copper="70"/>
<object name="Distilled Celebrant Salve" pageURL="/wiki/Item:Distilled_Celebrant_Salve" iconURL="http://content.turbine.com/sites/lorebook.lotro.com/images/icons/item/potion/it_potion_power_instant_tier5.png" quantity="5"/>
<selectOneOf>
<object name="Mace of the Night" pageURL="/wiki/Weapon:Mace_of_the_Night" iconURL="http://content.turbine.com/sites/lorebook.lotro.com/images/icons/item/weapon_sword/eq_class_1hmace_01.png" quantity="1"/>
<object name="Dagger of the Night" pageURL="/wiki/Weapon:Dagger_of_the_Night" iconURL="http://content.turbine.com/sites/lorebook.lotro.com/images/icons/item/weapon_dagger/eq_class_dagger_02.png" quantity="1"/>
</selectOneOf>
</rewards>
</quest>
