<?xml version="1.0" encoding="UTF-8"?>
<quest id="1879048699" key="The_Riddle-finder" title="The Riddle-finder" category="Trollshaws" scope="" questArc="The Riddle-game" minimumLevel="31" type="STANDARD" size="SOLO" faction="FREE_PEOPLES" repeatable="false" instanced="false" description="Lindir has found a new riddle for you to solve. Again, he is sure the answer can be found somewhere in Imladris." bestower="Bilbo Baggins (NPC)" bestowerText="'While you were gone, Lindir told me he has come up with something interesting for our game. Apparently, he found a new riddle on the back of some old parchment out of Gondor.'" objectives="Objective 1:&#13;&#10;Lindir is with Bilbo in the Hall of Fire at Rivendell.&#13;&#10;&#13;&#10;Lindir has a new riddle to offer.&#13;&#10;• Talk to Lindir&#13;&#10;Objective 2:&#13;&#10;The answer to Lindir's riddle can be found somewhere in Rivendell.&#13;&#10;&#13;&#10;Lindir has asked you to find an item that provides an answer to his riddle.&#13;&#10;&#13;&#10;&#13;&#10;Breath is needed&#13;&#10;Warning heeded&#13;&#10;Some will arrive&#13;&#10;With sword and knife&#13;&#10;My work is completed&#13;&#10;'Til once more I'm needed.&#13;&#10;• Talk to Boromir&#13;&#10;Objective 3:&#13;&#10;Lindir is with Bilbo in the Hall of Fire at Rivendell.&#13;&#10;&#13;&#10;Boromir has given you a token that provides the answer to Lindir's Gondorian riddle.&#13;&#10;• Talk to Lindir&#13;&#10;• Turn in Boromir's Badge">
<prerequisites>
<prerequisite name="The_Riddle-maker"/>
</prerequisites>
<nextQuests>
<nextQuest name="The_Riddle-seeker"/>
</nextQuests>
<rewards>
<selectOneOf>
<object name="Lindir's Gauntlets" pageURL="/wiki/Armour:Lindir's_Gauntlets" iconURL="http://content.turbine.com/sites/lorebook.lotro.com/images/icons/item/hands/eq_trollshaws_medium_hands_01.png" quantity="1"/>
<object name="Refined Athelas Essence" pageURL="/wiki/Item:Refined_Athelas_Essence" iconURL="http://content.turbine.com/sites/lorebook.lotro.com/images/icons/item/potion/it_potion_morale_instant_tier4.png" quantity="3"/>
</selectOneOf>
</rewards>
</quest>
