<?xml version="1.0" encoding="UTF-8"?>
<quest id="1879054357" key="Feathered_Foes" title="Feathered Foes" category="North Downs" scope="" questArc="Feathered Foes" minimumLevel="23" type="STANDARD" size="SOLO" faction="FREE_PEOPLES" repeatable="false" instanced="false" description="Despite your efforts, the threat of the hendrevail remains as a blight in the hills around Othrikar." bestower="Hannar (NPC)" bestowerText="'Despite your work, it seems like there are more hendrevail than ever in the hills, and some say they have actually been seen in the Dourhand camps.&#13;&#10;&#13;&#10;'We know so little about these creatures beyond the fact that they are dirty, evil, and vicious birds. We'll need to know more if we are to do anything about them. There's a hunter who often roams the Kingsfell by the name of Orthonn who might know a bit more about wild creatures like the hendrevail. Calls himself a Ranger, strange fellow. He can often be found at a camp in the old ruins of Ost Lagoros not far north-west of Gatson's farm, a distance south and west from Othrikar.&#13;&#10;&#13;&#10;'I would appreciate it if you could go speak with him for me.'" objectives="Objective 1:&#13;&#10;Orthonn is collecting herbs in the Kingsfell, likely at his camp in the ruins of Ost Lagoros north-west of Gatson's farm, some distance south and west of Othrikar.&#13;&#10;&#13;&#10;Hannar explained that his people did not know enough about hendrevail to know how to deal with them, since hunting them did not appear to work. He asked you to go speak with a hunter named Orthonn who might have some insights about the birds.&#13;&#10;• Talk to Orthonn at Ost Lagoros (Orthonn)&#13;&#10;Objective 2:&#13;&#10;Hannar is at Othrikar.&#13;&#10;&#13;&#10;You managed to find the Ranger who Hannar sent you to seek, and he suggested you look for the hendroval roosting ground. You should return to Hannar with this information.&#13;&#10;• Talk to Hannar at Othrikar (Hannar)">
<prerequisites>
<prerequisite name="A_Bird_in_the_Hand"/>
</prerequisites>
<nextQuests>
<nextQuest name="Birds_of_a_Feather"/>
</nextQuests>
<rewards>
<money gold="0" silver="16" copper="0"/>
<reputation>
<reputationItem faction="Thorin's Hall" amount="500"/>
</reputation>
</rewards>
</quest>
