<?xml version="1.0" encoding="UTF-8"?>
<quest id="1879049649" key="Violet_in_Peril" title="Violet in Peril" category="Shire" scope="" questArc="The Vigilance Committee" minimumLevel="7" type="STANDARD" size="SOLO" faction="FREE_PEOPLES" repeatable="false" instanced="false" description="Farmer Maggot informed you that Violet Underhill, the missing member of Mat Harfoot's \qVigilance Committee\q, did stop by. He thinks she may have gone to investigate a camp of ruffians." bestower="Farmer Maggot (NPC)" bestowerText="'Ah, I see it now. That hobbit-lass, Violet, probably went off to see those ruffians on her own. I never thought to warn her properly what might happen, I just figured she'd have the hobbit-sense to head back to Stock with the news so Mat Harfoot, and maybe the Bounders could do something about them.&#13;&#10;&#13;&#10;'The camp of strangers -- brigands and thieves most likely -- is not far to the west of here. Ford the stream at the head of the waterfall.&#13;&#10;&#13;&#10;'It's no good waiting for the Shirriffs to do something now. You'd better hurry out there and look around. I only hope she ain't been harmed!'" objectives="Objective 1:&#13;&#10;The ruffians' camp is west of Bamfurlong. You must ford a stream at the top of a waterfall to enter the camp, which is set on the heights at Narrowcleeve.&#13;&#10;&#13;&#10;Farmer Maggot suggested you search the camp he told Violet about, just in case she went there alone.&#13;&#10;• Search for Violet Underhill&#13;&#10;Objective 2:&#13;&#10;Violet Underhill is being held prisoner in a cart.&#13;&#10;&#13;&#10;Violet Underhill, against Farmer Maggot's warning, went to confront a camp of ruffians by herself. Now it is up to you to rescue her.&#13;&#10;• Free Violet Underhill from the cart&#13;&#10;Objective 3:&#13;&#10;Mat Harfoot can be found in Stock, outside The Golden Perch Inn.&#13;&#10;&#13;&#10;You should return to Stock and inform Mat Harfoot of Violet's release.&#13;&#10;• Talk to Mat Harfoot">
<prerequisites>
<prerequisite name="The_Vigilance_Committee"/>
</prerequisites>
<rewards>
<money gold="0" silver="1" copper="60"/>
<object name="Lesser Celebrant Salve" pageURL="/wiki/Item:Lesser_Celebrant_Salve" iconURL="http://content.turbine.com/sites/lorebook.lotro.com/images/icons/item/potion/it_potion_power_instant_tier1.png" quantity="2"/>
<object name="Roast Pork" pageURL="/wiki/Item:Roast_Pork" iconURL="http://content.turbine.com/sites/lorebook.lotro.com/images/icons/item/food/it_food_roast_pork.png" quantity="3"/>
<object name="Gift Mathom" pageURL="/wiki/Item:Gift_Mathom" iconURL="http://content.turbine.com/sites/lorebook.lotro.com/images/icons/item/reputation/it_reputation_shire_mathoms_gift.png" quantity="1"/>
</rewards>
</quest>
