<?xml version="1.0" encoding="UTF-8"?>
<quest id="1879048313" key="The_Puzzle-vault" title="The Puzzle-vault" category="Ered Luin" scope="" questArc="The Puzzle-vault" minimumLevel="10" type="STANDARD" size="SOLO" faction="FREE_PEOPLES" repeatable="false" instanced="false" description="Now that you have assembled all the gears, it is time to open the vault.\n\nYou found these clues etched in the faces of the gears:\n\nThe axe bites deep before first light of the sun.\n\nThe sun rises after the moon has set.\n\nA jewel may be found in the light of the sun.\n\nJewels are only found after much hard work.\n\nBefore all else, the silvery light of the moon can be seen." bestower="Bávor (NPC)" bestowerText="'Finally! It's working.... I think.&#13;&#10;&#13;&#10;'I'm going to have to stay here to care for this machine. You go open the vault! It's quite a distance away -- on the other side of Thorin's Hall -- here, to the north and up the stairs. The chains and cables run all through the walls -- a real work of art!&#13;&#10;&#13;&#10;'Make sure you get the order of the levers right, or you'll have to come back here so I can reset the gears. Perhaps those clues you found in the boxes will help with the order.'" objectives="Objective 1:&#13;&#10;The vault is across Thorin's Hall to the north and up the stairs.&#13;&#10;&#13;&#10;Pull the vault levers in the right sequence. If you make a mistake, go back to Bávor Redstone to reset the gears.&#13;&#10;• Use Moon&#13;&#10;Objective 2:&#13;&#10;The vault is across Thorin's Hall to the north and up the stairs.&#13;&#10;&#13;&#10;Pull the vault levers in the right sequence. If you make a mistake, go back to Bávor Redstone to reset the gears.&#13;&#10;• Use Axe&#13;&#10;Objective 3:&#13;&#10;The vault is across Thorin's Hall to the north and up the stairs.&#13;&#10;&#13;&#10;Pull the vault levers in the right sequence. If you make a mistake, go back to Bávor Redstone to reset the gears.&#13;&#10;• Use Sun&#13;&#10;Objective 4:&#13;&#10;The vault is across Thorin's Hall to the north and up the stairs.&#13;&#10;&#13;&#10;Pull the vault levers in the right sequence. If you make a mistake, go back to Bávor Redstone to reset the gears.&#13;&#10;• Use Jewel&#13;&#10;Objective 5:&#13;&#10;Bávor Redstone is back on the far side of Thorin's Hall to the south.&#13;&#10;&#13;&#10;Now that you have solved the riddle of the puzzle-vault, you should collect the treasure and bring it back to Bávor Redstone.&#13;&#10;• Bring the contents of the puzzle-vault to Bávor Redstone (Bávor)&#13;&#10;• Turn in Crown of the Mountain">
<prerequisites>
<prerequisite name="The_Fifth_Gear"/>
</prerequisites>
<rewards>
<money gold="0" silver="1" copper="50"/>
<selectOneOf>
<object name="Jofur-hálm" pageURL="/wiki/Armour:Jofur-hálm" iconURL="http://content.turbine.com/sites/lorebook.lotro.com/images/icons/item/head/eq_eredluin_medium_head_04.png" quantity="1"/>
<object name="Bávor's Blade" pageURL="/wiki/Weapon:Bávor's_Blade" iconURL="http://content.turbine.com/sites/lorebook.lotro.com/images/icons/item/weapon_sword/eq_eredluin_1hsword_03.png" quantity="1"/>
<object name="Crown Finder" pageURL="/wiki/Item:Crown_Finder" iconURL="http://content.turbine.com/sites/lorebook.lotro.com/images/icons/item/jewelry/eq_eredluin_necklace_01.png" quantity="1"/>
<object name="Puzzle-stone" pageURL="/wiki/Weapon:Puzzle-stone" iconURL="http://content.turbine.com/sites/lorebook.lotro.com/images/icons/item/weapon_orb/eq_eredluin_orb_lightning_03.png" quantity="1"/>
</selectOneOf>
</rewards>
</quest>
