<?xml version="1.0" encoding="UTF-8"?>
<quest id="1879048285" key="Missing_Supply_Cart" title="Missing Supply Cart" category="Lone-lands" scope="" questArc="Inn Troubles" minimumLevel="17" type="STANDARD" size="SOLO" faction="FREE_PEOPLES" repeatable="false" instanced="false" description="A cart bound for Bree and due to return to the Forsaken Inn is several days overdue. The recent arrival of goblins and other foes has Anlaf the Forlorn worried that something happened to the cart and its driver." bestower="Anlaf the Forlorn (NPC)" bestowerText="'Good day, (your class). What do you need? Did I summon you? Anyways, it doesn't matter. My supplies have not come back from Bree. I sent a cart out a week ago -- or earlier -- I'm not sure anymore. But I did send a cart, I know that! Now where is it? Tell me that!&#13;&#10;&#13;&#10;'The cart was travelling west towards Bree, and it should have come back by now! I want to know what happened to the supplies I sent and to the cart's driver. I hope it wasn't the goblins... there are so many of them here now.&#13;&#10;&#13;&#10;'Will you help? Will you travel west towards Bree? Search both north and south and bring me any news you discover.'" objectives="Objective 1:&#13;&#10;Anlaf's missing cart travelled west towards Bree along the Great East Road.&#13;&#10;&#13;&#10;Anlaf has asked that you search north and south of the cart's estimated route to learn its fate and the fate of its driver.&#13;&#10;• Use Destroyed Supply-cart&#13;&#10;• Use Cart-driver&#13;&#10;Objective 2:&#13;&#10;Anlaf is at the Forsaken Inn.&#13;&#10;&#13;&#10;You discovered that the cart was destroyed, its supplies stolen, and the driver killed by the nearby goblins. Anlaf should be given this unfortunate news.&#13;&#10;• Talk to Anlaf the Forlorn">
<nextQuests>
<nextQuest name="Goblin-exiles"/>
<nextQuest name="Goblin_Pack-master"/>
<nextQuest name="Enfeebling_the_Foe"/>
</nextQuests>
<rewards>
<money gold="0" silver="7" copper="0"/>
</rewards>
</quest>
