<?xml version="1.0" encoding="UTF-8"?>
<quest id="1879056941" key="Dark_Hunters" title="Dark Hunters" category="Angmar" scope="" questArc="" minimumLevel="39" type="STANDARD" size="SMALL_FELLOWSHIP" faction="FREE_PEOPLES" repeatable="false" instanced="false" description="Finnán believes that you are trustworthy and can help the Trév Gállorg combat the Orcs of Bûrzum Pushdug." bestower="Finnán (NPC)" bestowerText="'Crannog is the chieftain of Aughaire, and he is right to challenge outsiders to prove their worthiness. But I, Finnán, have always prided myself on my keen eye and keener judgment. I know you are to be trusted, and that you will bring glory to the Trév Gállorg of Aughaire.&#13;&#10;&#13;&#10;'You have already ventured into the fortress of Tór Gailvin, north-east of this settlement, and taken the prizes of the Trév Duvárdain from them; the traitors will surely rue their loss, and question whether their loyalty was given too quickly to the savage rulers of this land. But their treachery runs deeper than greed, for a tribe of Orcs is quartered in the cave of Bûrzum Pushdug, just north of Tór Gailvin! The Trév Duvárdain have these Orcs for neighbours, and this is a treachery so low that even their greed cannot justify it!&#13;&#10;&#13;&#10;'Travel to Bûrzum Pushdug with an ally or two, and slay the Orcs there to remind the Trév Duvárdain what they would do were they worthy to walk the land of their fathers. The cave is on the west side of the hill on which Tór Gailvin is built, north-east of Aughaire.'" objectives="Objective 1:&#13;&#10;The cave Bûrzum Pushdug is north of Tór Gailvin, in the western side of the hill on which that fortress is built. Tór Gailvin is north-east of Aughaire.&#13;&#10;&#13;&#10;Finnán asked you to defeat the Orcs of Bûrzum Pushdug in order to send a message of reproach to the Trév Duvárdain.&#13;&#10;• Defeat Tarkrîp warriors at Bûrzum Pushdug ($NUMBER$/$TOTAL$) (Tarkrîp Warrior)&#13;&#10;• Defeat Tarkrîp skirmishers at Bûrzum Pushdug ($NUMBER$/$TOTAL$) (Tarkrîp Skirmisher)&#13;&#10;Objective 2:&#13;&#10;Finnán is at the centre island in the settlement of Aughaire.&#13;&#10;&#13;&#10;You have defeated many orcs in Bûrzum Pushdug and should now bring news of your victory to Finnán.&#13;&#10;• Talk to Finnán">
<prerequisites>
<prerequisite name="Crannog%27s_Challenge"/>
</prerequisites>
<nextQuests>
<nextQuest name="A_Distant_Uncle"/>
</nextQuests>
<rewards>
<money gold="0" silver="36" copper="40"/>
<selectOneOf>
<object name="Belegabnir" pageURL="/wiki/Armour:Belegabnir" iconURL="http://content.turbine.com/sites/lorebook.lotro.com/images/icons/item/legs/eq_angmar_medium_legs_01.png" quantity="1"/>
<object name="Finnán's Vengeance" pageURL="/wiki/Weapon:Finnán's_Vengeance" iconURL="http://content.turbine.com/sites/lorebook.lotro.com/images/icons/item/weapon_sword/eq_angmar_2haxe_01.png" quantity="1"/>
<object name="Aewolf" pageURL="/wiki/Weapon:Aewolf" iconURL="http://content.turbine.com/sites/lorebook.lotro.com/images/icons/item/weapon_staff/eq_angmar_staff_02.png" quantity="1"/>
</selectOneOf>
</rewards>
</quest>
