<?xml version="1.0" encoding="UTF-8"?>
<quest id="1879059603" key="Half-orc_Schemer" title="Half-orc Schemer" category="North Downs" scope="" questArc="The Black Fire" minimumLevel="22" type="STANDARD" size="FELLOWSHIP" faction="FREE_PEOPLES" repeatable="false" instanced="false" description="Aggy Digweed believes that to truly end the threat of the Black-fire, this Lugbas the half-orcs spoke of must be slain." bestower="Aggy Digweed (NPC)" bestowerText="'The more I think of it, the more convinced I am that this Lugbas the half-orcs spoke of is behind the Black-fire. He's probably a half-orc himself and leads the ones you slew before.&#13;&#10;&#13;&#10;'If we are truly to end the threat of the Black-fire, we must end this Lugbas! But finding him might be a challenge...ah! My old hiding spot! You see, far in the south-east of the Nan Wathren, on the highest slopes, there's a nook where no one could ever find me when I hid there.&#13;&#10;&#13;&#10;'I'll wager he's hiding there! Go there and, if you find him, slay him!'" objectives="Objective 1:&#13;&#10;Lugbas is probably hiding in the far south-east corner of Nan Wathren.&#13;&#10;&#13;&#10;Aggy Digweed told you of a nook in the south-east corner of Nan Wathren, atop the highest slopes, where she used to hide as a girl. She believes this is where you will most likely find Lugbas. She beseeches you to slay him before he can make more Black-fire.&#13;&#10;• Kill 1 Lugbas&#13;&#10;Objective 2:&#13;&#10;Aggy Digweed is in Trestlebridge.&#13;&#10;&#13;&#10;You should return to Aggy Digweed with news of your victory against Lugbas.&#13;&#10;• Talk to Aggy Digweed">
<prerequisites>
<prerequisite name="Defending_the_Bridge"/>
</prerequisites>
<rewards>
<money gold="0" silver="23" copper="20"/>
<reputation>
<reputationItem faction="Men of Bree" amount="900"/>
</reputation>
<selectOneOf>
<object name="Digweed's Hat" pageURL="/wiki/Armour:Digweed's_Hat" iconURL="http://content.turbine.com/sites/lorebook.lotro.com/images/icons/item/head/eq_northdowns_light_head_03.png" quantity="1"/>
<object name="Cempa" pageURL="/wiki/Weapon:Cempa" iconURL="http://content.turbine.com/sites/lorebook.lotro.com/images/icons/item/weapon_sword/eq_northdowns_2hsword_03.png" quantity="1"/>
<object name="Bregdram" pageURL="/wiki/Weapon:Bregdram" iconURL="http://content.turbine.com/sites/lorebook.lotro.com/images/icons/item/weapon_mace/eq_northdowns_1hmace_04.png" quantity="1"/>
<object name="Digweed's Hammer" pageURL="/wiki/Weapon:Digweed's_Hammer" iconURL="http://content.turbine.com/sites/lorebook.lotro.com/images/icons/item/weapon_mace/eq_northdowns_1hhammer_02.png" quantity="1"/>
<object name="Digweed's Shield" pageURL="/wiki/Armour:Digweed's_Shield" iconURL="http://content.turbine.com/sites/lorebook.lotro.com/images/icons/item/shield/eq_northdowns_medium_shield_03.png" quantity="1"/>
</selectOneOf>
</rewards>
</quest>
