<?xml version="1.0" encoding="UTF-8"?>
<quest id="1879054227" key="The_Scout_Becomes_the_Hunter" title="The Scout Becomes the Hunter" category="North Downs" scope="" questArc="Protecting the Refugees" minimumLevel="17" type="STANDARD" size="SOLO" faction="FREE_PEOPLES" repeatable="false" instanced="false" description="Your assessment of the goblin camp in Annúndir has given hope to the Ranger Amarion, and now he believes you can strike a blow against the goblins." bestower="Amarion (NPC)" bestowerText="'Your report has given me hope that the goblins can be driven from Annúndir, (your name). If you can defeat enough goblins, the people here could be back on their own land within a fortnight!&#13;&#10;&#13;&#10;'Defeat the goblins in the hills of Annúndir, (your name), and teach them a lesson they will not soon forget: the Free Peoples will not let their evil plans come to fruition!&#13;&#10;&#13;&#10;'Go with the good will of the Free Peoples of the North Downs.'" objectives="Objective 1:&#13;&#10;The goblin camp is east of Amon Raith, on the southern hills of Annúndir.&#13;&#10;&#13;&#10;Encouraged by your skills and the light presence of the goblins in the hills of Annúndir, Amarion has asked you to begin driving the goblins from that land.&#13;&#10;• Defeat goblins (12)&#13;&#10;Objective 2:&#13;&#10;The Ranger Amarion is at Amon Raith, west of Annúndir.&#13;&#10;&#13;&#10;Amarion is waiting to hear about your attack on the goblins of Annúndir.&#13;&#10;• Talk to Amarion">
<prerequisites>
<prerequisite name="Spying_on_the_Goblins"/>
</prerequisites>
<nextQuests>
<nextQuest name="An_Urgent_Message"/>
<nextQuest name="Family_Heirloom"/>
<nextQuest name="Corruption_from_Fornost"/>
<nextQuest name="Londrandir%27s_Message"/>
<nextQuest name="Assisting_Mincham"/>
<nextQuest name="Thinking_Ahead"/>
</nextQuests>
<rewards>
<money gold="0" silver="7" copper="0"/>
<selectOneOf>
<object name="Skotskold" pageURL="/wiki/Armour:Skotskold" iconURL="http://content.turbine.com/sites/lorebook.lotro.com/images/icons/item/shield/eq_northdowns_shield_01.png" quantity="1"/>
<object name="Medliron" pageURL="/wiki/Weapon:Medliron" iconURL="http://content.turbine.com/sites/lorebook.lotro.com/images/icons/item/weapon_mace/eq_northdowns_1hclub_02.png" quantity="1"/>
<object name="Amarion's Necklace" pageURL="/wiki/Item:Amarion's_Necklace" iconURL="http://content.turbine.com/sites/lorebook.lotro.com/images/icons/item/jewelry/eq_northdowns_necklace_03.png" quantity="1"/>
<object name="Amarion's Rune-stone" pageURL="/wiki/Weapon:Amarion's_Rune-stone" iconURL="http://content.turbine.com/sites/lorebook.lotro.com/images/icons/item/weapon_orb/eq_northdowns_orb_lightning_02.png" quantity="1"/>
</selectOneOf>
</rewards>
</quest>
