<?xml version="1.0" encoding="UTF-8"?>
<quest id="1879054359" key="Stop_the_Scouts" title="Stop the Scouts" category="North Downs" scope="" questArc="Pulling Beards" minimumLevel="23" type="STANDARD" size="SOLO" faction="FREE_PEOPLES" repeatable="false" instanced="false" description="The Dourhands, an ancient, but declined dwarf-family, were recently outed from Thorin's Halls and the mines of Othrikar for their betrayal of Durin's Folk, the Longbeards. The rogue clan continues to be a nuisance in the North Downs." bestower="Hannar (NPC)" bestowerText="'Ever since we threw those cursed Dourhands out of Othrikar, they've been skulking around the area. We think they're planning to raid us and retake the mines!&#13;&#10;&#13;&#10;'They have several large camps around the northlands, and they have scouts spying on us here as well as carrying messages between the camps.&#13;&#10;&#13;&#10;'Soon we will be ready to move against the Dourhands directly, but for now I need you to put an end to this spying. Defeat as many of the Dourhands' scouts as you can find around Othrikar and the northlands of Nan Amlug.'" objectives="Objective 1:&#13;&#10;There are Dourhand scouts scattered throughout the area around Othrikar and Nan Amlug.&#13;&#10;&#13;&#10;In an effort to reduce the threat of the Dourhands becoming more than a nuisance, Hannar has asked you to put an end to the unhindered spying of the Dourhand scouts.&#13;&#10;• Defeat Dourhand scouts ($NUMBER$/$TOTAL$) (Dourhand Scout)&#13;&#10;Objective 2:&#13;&#10;Hannar is in Othrikar.&#13;&#10;&#13;&#10;You successfully dealt with the Dourhand scouts, as Hannar had requested. You should return to Hannar with your report.&#13;&#10;• Talk to Hannar">
<nextQuests>
<nextQuest name="Dourhand_Plans"/>
</nextQuests>
<rewards>
<money gold="0" silver="16" copper="0"/>
<reputation>
<reputationItem faction="Thorin's Hall" amount="700"/>
</reputation>
</rewards>
</quest>
