<?xml version="1.0" encoding="UTF-8"?>
<quest id="1879048373" key="A_Captain%27s_Standard" title="A Captain's Standard" category="Captain" scope="" questArc="" minimumLevel="30" type="STANDARD" size="SOLO" faction="FREE_PEOPLES" repeatable="false" instanced="false" description="A captain must willingly go forth into danger, for he inspires by example, and in that is his aid most needed." bestower="Thenimbor (NPC)" bestowerText="'You have gained some measure of fame as a Captain of Men, (your name), and your name is spoken by those in need of hope. A traveller gave word to me that a dwarf by the name of Jarl Copperbrace has tried to send word to you, requesting your assistance with a small matter.&#13;&#10;&#13;&#10;'The dwarf planned to stay at the mining settlement of Othrikar for a time. If you set forth soon, you might arrive before the time for your help is past!'" objectives="Objective 1:&#13;&#10;Jarl Copperbrace is in the mining-settlement of Othrikar, in the North Downs.&#13;&#10;&#13;&#10;You have received word that Jarl Copperbrace has requested the assistance of a true captain.&#13;&#10;• Talk to Jarl Copperbrace&#13;&#10;Objective 2:&#13;&#10;Jarl Copperbrace is in the mining-settlement of Othrikar, in the North Downs.&#13;&#10;&#13;&#10;Jarl Copperbrace is waiting to travel with you to the ruins over which he wants you to raise three standards of the Free Peoples.&#13;&#10;• Talk to Jarl Copperbrace and travel to Ost Galumar&#13;&#10;Objective 3:&#13;&#10;Jarl Copperbrace is in Othrikar, in the North Downs.&#13;&#10;&#13;&#10;Jarl Copperbrace is waiting to speak with you about your expedition to Ost Galumar.&#13;&#10;• Talk to Jarl Copperbrace&#13;&#10;• Turn in Banners of the Free Peoples">
<requiredClass name="Captain"/>
<rewards>
<money gold="0" silver="17" copper="85"/>
<trait id="Defiance" name="Defiance"/>
<selectOneOf>
<object name="Nogthol" pageURL="/wiki/Armour:Nogthol" iconURL="http://content.turbine.com/sites/lorebook.lotro.com/images/icons/item/head/eq_class_heavy_head_02.png" quantity="1"/>
<object name="Footman's Guard" pageURL="/wiki/Armour:Footman's_Guard" iconURL="http://content.turbine.com/sites/lorebook.lotro.com/images/icons/item/shield/eq_class_shield_01.png" quantity="1"/>
</selectOneOf>
</rewards>
</quest>
