<?xml version="1.0" encoding="UTF-8"?>
<quest id="1879048677" key="Vol._I,_Book_5,_Chapter_7:_Evil_Tidings" title="Vol. I, Book 5, Chapter 7: Evil Tidings" category="Epic - Vol. I, Book 5: The Last Refuge" scope="Epic" questArc="Volume I, Book 5: The Last Refuge" minimumLevel="38" type="EPIC" size="SOLO" faction="FREE_PEOPLES" repeatable="false" instanced="false" description="Troubled by the wights you discovered at the entrance to Helegrod's treasury and the sigil you found on one of the wight's bodies, Glóin suggested it was time to speak with Master Elrond." bestower="Glóin (NPC)" bestowerText="'I am a master of earth, stone and axe, (your name), not of these fell wights and evil artifacts. Go to Master Elrond in Rivendell and tell him all of what has transpired. He will be able to tell you what should be done next.'" objectives="Objective 1:&#13;&#10;Elrond is in the library of Imladris.&#13;&#10;&#13;&#10;Glóin has asked you to speak with Elrond about what you have discovered outside of Helegrod's treasury.&#13;&#10;• Talk to Elrond&#13;&#10;• Turn in Sigil of Drugoth">
<prerequisites>
<prerequisite name="Vol._I%2C_Book_5%2C_Chapter_6%3A_In_the_Steps_of_Evil"/>
</prerequisites>
<nextQuests>
<nextQuest name="Vol._I%2C_Book_5%2C_Chapter_8%3A_Fire_and_Ice"/>
</nextQuests>
<rewards>
<money gold="0" silver="22" copper="40"/>
<reputation>
<reputationItem faction="Thorin's Hall" amount="500"/>
</reputation>
</rewards>
</quest>
