<?xml version="1.0" encoding="UTF-8"?>
<quest id="1879051314" key="Hana%27s_Dream" title="Hana's Dream" category="Lone-lands" scope="" questArc="Song of the Red Swamp" minimumLevel="23" type="STANDARD" size="SOLO" faction="FREE_PEOPLES" repeatable="false" instanced="false" description="Frideric asked that you speak with Hana the Young in Ost Guruth. Since visiting the swamp north-east of Ost Guruth, the girl has had terrible dreams." bestower="Frideric the Elder (NPC)" bestowerText="'(your name), if you are to assist us, then you must know what has transpired thus far.&#13;&#10;&#13;&#10;'Hana, a girl within our encampment, visited the swamp to the north and east. She discovered an ancient relic lying out upon one of the ruins. We collect that which the ruins offer, as you know, and she thought nothing of consequences, as we have never seen reprisal.&#13;&#10;&#13;&#10;'On this day there was something different in the swamp, something stirred and frightened the girl so that she now has fits in her sleep. I fear for her, friend. Will you find Hana and speak with her to discover what visions plague her dreams?'" objectives="Objective 1:&#13;&#10;Hana can be found within Ost Guruth, near the tower at the end of the main avenue.&#13;&#10;&#13;&#10;Frideric the Elder informed you that Hana the Young took an object from the swamp and that her dreams since that time fill her with terror. He asked that you speak with the girl to discover what her nightmares entail.&#13;&#10;• Talk to Hana the Young">
<nextQuests>
<nextQuest name="Noisome_Neighbours"/>
<nextQuest name="An_Offering_of_Peace"/>
</nextQuests>
<rewards>
<money gold="0" silver="6" copper="40"/>
<reputation>
<reputationItem faction="Eglain" amount="500"/>
</reputation>
</rewards>
</quest>
