<?xml version="1.0" encoding="UTF-8"?>
<quest id="1879048503" key="Vol._I,_Book_1,_Chapter_10:_Into_the_Barrow-downs" title="Vol. I, Book 1, Chapter 10: Into the Barrow-downs" category="Epic - Vol. I, Book 1: Stirrings in the Darkness" scope="Epic" questArc="Volume I, Book 1: Stirrings in the Darkness" minimumLevel="14" type="EPIC" size="SOLO" faction="FREE_PEOPLES" repeatable="false" instanced="false" description="Tom Bombadil was pleased with the lilies you found for Goldberry and has told you where the crebain you were searching for can be found. He also told you that a woman was there waiting." bestower="Tom Bombadil (NPC)" bestowerText="'Black birds flittered and fluttered, skipping among the branches. They came to rest where the restless walk. Beware the old barrows, they stir when they should be a-sleeping!&#13;&#10;&#13;&#10;'Go north up the path and follow the Old Barrows Road, then south within the barrows wall along the forest eaves. Hey dol! Merry dol! And there you'll find them! Watch for the lady dreary.&#13;&#10;&#13;&#10;'Now hop along, my hearty! Tom's a-going leaping!'" objectives="Objective 1:&#13;&#10;The Barrow-downs are reached by going north and east along the Old Barrows Road. The crebain stopped to roost in the trees within the Barrow-downs, south along the ridge, above the eaves of the forest.&#13;&#10;&#13;&#10;Tom Bombadil found the crebain within the Barrow-downs, but also mentioned the presence of a woman. You should stay on your guard.&#13;&#10;• Find and defeat the Crebain and their Master (Andraste)&#13;&#10;Objective 2:&#13;&#10;The Old Barrows Road is north of Andraste's grove. The house of Tom Bombadil is west and south along the Old Barrows Road.&#13;&#10;&#13;&#10;Andraste revealed that the Lord of the Nazgûl had gone to someplace called Othrongroth, but you could learn nothing more before her death. Tom Bombadil is the Master of the Wood and of the Barrow-downs. He might know where Othrongroth lies.&#13;&#10;• Talk to Tom Bombadil at his house (Tom Bombadil)">
<prerequisites>
<prerequisite name="Vol._I%2C_Book_1%2C_Chapter_9%3A_Lilies_for_the_River-daughter"/>
</prerequisites>
<nextQuests>
<nextQuest name="Vol._I%2C_Book_1%2C_Chapter_11%3A_Othrongroth"/>
</nextQuests>
<rewards>
<money gold="0" silver="3" copper="75"/>
<reputation>
<reputationItem faction="Men of Bree" amount="700"/>
</reputation>
<selectOneOf>
<object name="Tallang" pageURL="/wiki/Weapon:Tallang" iconURL="http://content.turbine.com/sites/lorebook.lotro.com/images/icons/item/weapon_sword/eq_breeland_1hsword_05.png" quantity="1"/>
<object name="Taronn" pageURL="/wiki/Weapon:Taronn" iconURL="http://content.turbine.com/sites/lorebook.lotro.com/images/icons/item/weapon_sword/eq_breeland_2hclub_01.png" quantity="1"/>
<object name="Bombadil's Rune-stone" pageURL="/wiki/Weapon:Bombadil's_Rune-stone" iconURL="http://content.turbine.com/sites/lorebook.lotro.com/images/icons/item/weapon_orb/eq_breeland_orb_lightning_01.png" quantity="1"/>
</selectOneOf>
</rewards>
</quest>
