<?xml version="1.0" encoding="UTF-8"?>
<quest id="1879052226" key="Vol._I,_Book_4,_Chapter_8:_The_Unmarked_Trail" title="Vol. I, Book 4, Chapter 8: The Unmarked Trail" category="Epic - Vol. I, Book 4: Chasing Shadows" scope="Epic" questArc="Volume I, Book 5: Chasing Shadows" minimumLevel="35" type="EPIC" size="FELLOWSHIP" faction="FREE_PEOPLES" repeatable="false" instanced="false" description="Legolas recognized the creature you described as one of Wood-trolls and has agreed to help you track the rest down." bestower="Legolas (NPC)" bestowerText="'We must track the Wood-trolls to their lair, (your name), if we are to cleanse the corruption that scars the Trollshaws.&#13;&#10;&#13;&#10;'I can take you to them. Their tracks are easily distinguishable in the muddy earth, and Wood-trolls are not known for their subtlety or intelligence. But ask me not in haste! I know of the Nazgûl that Master Elrond has lost, and I fear that it may have lent some of its strength and power to these creatures for them to be so bold. We must be watchful.&#13;&#10;&#13;&#10;'Speak with me when you have gathered such friends as you can trust and are ready to be led into the wild in search of the Wood-trolls, and the evil power I fear may be their ally.'&#13;&#10;&#13;&#10;This quest is meant for a fellowship. If you choose to undertake this quest solo you will receive an inspiration bonus, but the challenge will be great." objectives="Objective 1:&#13;&#10;Legolas is in Rivendell, in one of the guest rooms along the road that winds up the southern slope of the Vale of Imladris.&#13;&#10;&#13;&#10;The Elf-prince from Mirkwood, Legolas, is waiting to help you track down the Wood-trolls in the Trollshaws and defeat them.&#13;&#10;&#13;&#10;&lt;rgb=#FF0000&gt;This quest is meant for a fellowship. If you choose to undertake this quest solo you will receive an inspiration bonus, but the challenge will be great.&#13;&#10;• Talk to Legolas in Rivendell and track down the Wood-trolls&#13;&#10;Objective 2:&#13;&#10;Legolas is in Rivendell, in one of the guest rooms along the road that winds up the southern slope of the Vale of Imladris.&#13;&#10;&#13;&#10;The Elf-prince from Mirkwood, Legolas, is waiting to speak with you about what the two of you saw in the lair of the Wood-trolls.&#13;&#10;• Talk to Legolas in Rivendell (Legolas)">
<prerequisites>
<prerequisite name="Vol._I%2C_Book_4%2C_Chapter_7%3A_The_Aid_of_Mirkwood"/>
</prerequisites>
<nextQuests>
<nextQuest name="Vol._I%2C_Book_4%2C_Chapter_9%3A_Hasten_Their_Departure"/>
<nextQuest name="I.4.8_Tale%3A_The_Unmarked_Trail"/>
</nextQuests>
<rewards>
<money gold="0" silver="34" copper="16"/>
<reputation>
<reputationItem faction="Elves of Rivendell" amount="1200"/>
</reputation>
<selectOneOf>
<object name="Cuneldor" pageURL="/wiki/Weapon:Cuneldor" iconURL="http://content.turbine.com/sites/lorebook.lotro.com/images/icons/item/weapon_bow/eq_trollshaws_bow_02.png" quantity="1"/>
<object name="Tracker's Trousers" pageURL="/wiki/Armour:Tracker's_Trousers" iconURL="http://content.turbine.com/sites/lorebook.lotro.com/images/icons/item/legs/eq_trollshaws_medium_legs_02.png" quantity="1"/>
<object name="Himhar" pageURL="/wiki/Armour:Himhar" iconURL="http://content.turbine.com/sites/lorebook.lotro.com/images/icons/item/head/eq_trollshaws_heavy_head_01.png" quantity="1"/>
<object name="Taushakh's Doom" pageURL="/wiki/Weapon:Taushakh's_Doom" iconURL="http://content.turbine.com/sites/lorebook.lotro.com/images/icons/item/weapon_dagger/eq_trollshaws_dagger_03.png" quantity="1"/>
<object name="Brilliant Edhelharn Token" pageURL="/wiki/Item:Brilliant_Edhelharn_Token" iconURL="http://content.turbine.com/sites/lorebook.lotro.com/images/icons/item/potion/it_starglass_tier_5.png" quantity="5"/>
</selectOneOf>
</rewards>
</quest>
