<?xml version="1.0" encoding="UTF-8"?>
<quest id="1879048273" key="Raising_the_Wargs%27_Ire" title="Raising the Wargs' Ire" category="Lone-lands" scope="" questArc="Wolves of the Scrub" minimumLevel="20" type="STANDARD" size="SOLO" faction="FREE_PEOPLES" repeatable="false" instanced="false" description="Old Mugwort believes that if the Wargs are angered, they will send forth their leader." bestower="Old Mugwort (NPC)" bestowerText="'It's going to take awhile before the special meal I am preparing will be ready. What should I have you do in the meantime?&#13;&#10;&#13;&#10;'Ah, I have it! Wargs are mean-tempered sorts of beast, and they're smarter than your everyday wolf...stronger too. That means that they can get angry, and if they can get angry, they can make mistakes!&#13;&#10;&#13;&#10;'The logic of that all works out, I'm sure of it! Now, you listen well: go east! Go to the far side of Nain Enidh and search the wilderlands off the road near Ost Cyrn for Wargs; defeat all those you find! Let's get them good and angry, and their leader is sure to come forth, hungry to taste some flesh!'" objectives="Objective 1:&#13;&#10;Wargs can be found off the Great East Road on the far side of Nain Enidh, in the vicinity of Ost Cyrn.&#13;&#10;&#13;&#10;Old Mugwort thinks that if you anger enough Wargs, they will call forth their leader.&#13;&#10;• Defeat Wargs in Nain Enidh (10)&#13;&#10;Objective 2:&#13;&#10;Old Mugwort is at the camp on the eastern edge of Minas Eriol.&#13;&#10;&#13;&#10;The Wargs are surely angry now, given your exploits in Nain Enidh, and Old Mugwort should be informed of your success.&#13;&#10;• Talk to Old Mugwort (Old Mugwort)">
<prerequisites>
<prerequisite name="A_Fitting_Meal"/>
</prerequisites>
<nextQuests>
<nextQuest name="Drawing_the_Pack"/>
</nextQuests>
<rewards>
<money gold="0" silver="11" copper="50"/>
<object name="Greater Healing Draught" pageURL="/wiki/Item:Greater_Healing_Draught" iconURL="http://content.turbine.com/sites/lorebook.lotro.com/images/icons/item/potion/it_potion_cure_wounds_tier3.png" quantity="5"/>
</rewards>
</quest>
