<?xml version="1.0" encoding="UTF-8"?>
<quest id="1879054354" key="A_Bird_in_the_Hand" title="A Bird in the Hand" category="North Downs" scope="" questArc="Feathered Foes" minimumLevel="23" type="STANDARD" size="SOLO" faction="FREE_PEOPLES" repeatable="false" instanced="false" description="An unusual number of hendrevail, North-hawks, have begun to flock near Othrikar, and Hannar fears the Dourhands may be using them to spy on the mine." bestower="Hannar (NPC)" bestowerText="'Good day to you! Have you seen all the hendrevail, or North-hawks as some call them? These wicked birds have always been dangerous, but it seems there are more and more of them about nowadays. I think that the Dourhands have started taming them. I'm afraid they are being used as spies.&#13;&#10;&#13;&#10;'If you would earn favour with us, go out and kill as many of the foul creatures as you can. You can find them all throughout the hills around Othrikar.&#13;&#10;&#13;&#10;'If you will do this for us, I'll see to it that you are rewarded for your work.'" objectives="Objective 1:&#13;&#10;There are North-hawks all throughout the hills around Othrikar.&#13;&#10;&#13;&#10;Hannar has asked you to assist the Dwarves of Othrikar by slaying as many hendrevail as you can.&#13;&#10;• Defeat north-hawks (16)&#13;&#10;Objective 2:&#13;&#10;Hannar is at Othrikar.&#13;&#10;&#13;&#10;Hannar sent you to slay the hendrevail flocking in the hills around Othrikar. You should return to him with the news of your success.&#13;&#10;• Talk to Hannar">
<nextQuests>
<nextQuest name="Feathered_Foes"/>
</nextQuests>
<rewards>
<money gold="0" silver="16" copper="0"/>
<reputation>
<reputationItem faction="Thorin's Hall" amount="700"/>
</reputation>
</rewards>
</quest>
