<?xml version="1.0" encoding="UTF-8"?>
<quest id="1879052805" key="The_Orc-raid" title="The Orc-raid" category="Angmar" scope="" questArc="Breathing Space" minimumLevel="43" type="STANDARD" size="SOLO" faction="FREE_PEOPLES" repeatable="false" instanced="false" description="Gabilshathûr is in danger. A raiding party of Orcs is making their way toward the dwarf-holding and may overrun it." bestower="Guard-captain Gisur (Dwarf)" bestowerText="'It seems that defeating those Orcs to the north was not enough. A scout sent word that a band of Blogmal and Krahjarn Orcs are approaching Gabilshathûr! They must have been angered by your assault!&#13;&#10;&#13;&#10;'Please, join the other guards and help defend Gabilshathûr. Hurry! There is little time to prepare!'" objectives="Objective 1:&#13;&#10;Orcs are moving against Gabilshathûr.&#13;&#10;&#13;&#10;Guard-captain Gisur has asked you to help defend Gabilshathûr against an Orc-attack.&#13;&#10;• Talk to Guard-Captain Gisur when you are ready&#13;&#10;Objective 2:&#13;&#10;Guard-captain Gisur is at Gabilshathûr.&#13;&#10;&#13;&#10;You helped stave off the Orc-attack and should speak with Gisur, now that the danger is over.">
<prerequisites>
<prerequisite name="Breathing-space"/>
</prerequisites>
<nextQuests>
<nextQuest name="The_Northern_Cousin"/>
<nextQuest name="Onward_to_Gath_Forthn%C3%ADr"/>
</nextQuests>
<rewards>
<money gold="0" silver="24" copper="15"/>
<selectOneOf>
<object name="Longor" pageURL="/wiki/Item:Longor" iconURL="http://content.turbine.com/sites/lorebook.lotro.com/images/icons/item/jewelry/eq_angmar_ring_01.png" quantity="1"/>
<object name="Gisur's Jacket" pageURL="/wiki/Armour:Gisur's_Jacket" iconURL="http://content.turbine.com/sites/lorebook.lotro.com/images/icons/item/chest/eq_angmar_medium_chest_01.png" quantity="1"/>
<object name="Gisur's Thanks" pageURL="/wiki/Item:Gisur's_Thanks" iconURL="http://content.turbine.com/sites/lorebook.lotro.com/images/icons/item/jewelry/eq_new_angmar_bracelet_06.png" quantity="1"/>
<object name="Orc-fighter's Stone" pageURL="/wiki/Weapon:Orc-fighter's_Stone" iconURL="http://content.turbine.com/sites/lorebook.lotro.com/images/icons/item/weapon_orb/eq_angmar_orb_lightning_01.png" quantity="1"/>
</selectOneOf>
</rewards>
</quest>
