<?xml version="1.0" encoding="UTF-8"?>
<quest id="1879048506" key="Vol._I,_Book_1,_Chapter_8:_Master_of_the_Wood" title="Vol. I, Book 1, Chapter 8: Master of the Wood" category="Epic - Vol. I, Book 1: Stirrings in the Darkness" scope="Epic" questArc="Volume I, Book 1: Stirrings in the Darkness" minimumLevel="13" type="EPIC" size="SOLO" faction="FREE_PEOPLES" repeatable="false" instanced="false" description="When you were in Buckland investigating the Nazgûl's incursion, you spoke with Fredegar Bolger, who revealed information about Frodo Baggins and the Enemy's Ring. Crebain attacked and may have overheard the hobbit's words." bestower="Strider (NPC)" bestowerText="'There is one who could find these crebain for us, if we were to ask him for such aid...however, he may not see our worries as his. He is known by many peoples by many names. Of old, he was known as Orald to Men, while to the Dwarves he was simply Forn. The Elves called him Iarwain Ben-adar, oldest and fatherless. However, in these days, he is known as Tom Bombadil by those few who are aware of him.&#13;&#10;&#13;&#10;'Look for Old Bombadil's house, which lies at the far eastern end of the Withywindle, the river that flows through the Old Forest. He may help you if you ask him in my name, Aragorn. If you discover anything, I would ask that you address it as best you can.&#13;&#10;&#13;&#10;'I wish I could help you in this task, but the safety of my charges comes before all else.'" objectives="Objective 1:&#13;&#10;Tom Bombadil's house is at the far eastern end of the River Withywindle in the Old Forest.&#13;&#10;&#13;&#10;Strider told you to seek out someone named Tom Bombadil and ask for his aid finding the crebain who flew into the Old Forest.&#13;&#10;• Talk to Tom Bombadil">
<prerequisites>
<prerequisite name="Vol._I%2C_Book_1%2C_Chapter_7%3A_Horn-call_of_Buckland"/>
</prerequisites>
<nextQuests>
<nextQuest name="Vol._I%2C_Book_1%2C_Chapter_9%3A_Lilies_for_the_River-daughter"/>
</nextQuests>
<rewards>
<reputation>
<reputationItem faction="Men of Bree" amount="500"/>
</reputation>
</rewards>
</quest>
