<?xml version="1.0" encoding="UTF-8"?>
<quest id="1879052801" key="Tools_of_the_Orcs" title="Tools of the Orcs" category="Angmar" scope="" questArc="Schemes of Sabotage" minimumLevel="42" type="STANDARD" size="SOLO" faction="FREE_PEOPLES" repeatable="false" instanced="false" description="Avar, the leader of the dwarf-outpost at Gabilshathûr, told you of their desperate situation. The Orcs have discovered their hidden holding and are felling trees to the north. Avar fears they are taking the trees to construct siege-weapons, with which they can assault and destroy the outpost." bestower="Avar (Dwarf)" bestowerText="'We are fortunate that you arrived when you did. We have hidden in the shadow of Angmar for so long, but now we have been discovered. An Orc-scout stumbled into our halls a few days ago and escaped before we could slay him. Now the Orcs attack us regularly, and it is only going to get worse, if what I suspect is true.&#13;&#10;&#13;&#10;'One of my dwarves returned and told us that the Orcs are felling the trees north of here, and that can only mean one thing: they are making siege-weapons with which to attack us. We have to slow down or halt their work!&#13;&#10;&#13;&#10;'If you wish to help us, go to Ongbishúk, north of here and defeat the Orcs you find there. Gather their tools, such as axes, picks, and saws, and bring them here.'" objectives="Objective 1:&#13;&#10;The Orc-camp of Ongbishúk lies to the north-east of Gabilshathûr.&#13;&#10;&#13;&#10;Avar asked you to take the tools of the Orcs to help slow down their efforts to construct siege-weapons.&#13;&#10;• Bring the Orc-tools to Avar&#13;&#10;• Turn in Orc-axe&#13;&#10;• Turn in Orc-pick&#13;&#10;• Turn in Orc-saw">
<prerequisites>
<prerequisite name="Vol._I%2C_Book_6%2C_Chapter_6%3A_Challenging_the_Stone"/>
</prerequisites>
<nextQuests>
<nextQuest name="Weapons_of_the_Orcs"/>
</nextQuests>
<rewards>
<money gold="0" silver="23" copper="80"/>
</rewards>
</quest>
