<?xml version="1.0" encoding="UTF-8"?>
<quest id="1879054250" key="A_Collar_for_the_King" title="A Collar for the King" category="Fornost" scope="" questArc="Krithmog's Collar" minimumLevel="36" type="STANDARD" size="FELLOWSHIP" faction="FREE_PEOPLES" repeatable="false" instanced="false" description="Legend tells of a powerful Warg once offered the ability to rule all Wargs in return for service to the Iron Crown. A collar fashioned of iron was made and powerful sorceries used to enchant the item. The great beast was slain and the collar removed, but tales of the beast have been passed down through the ages amongst the Men of the North Downs." bestower="Amarion (NPC)" bestowerText="'If it is true and the forces of Orcs and Angmarim within Fornost have created a fell wight from the corpse of Krithmog, then we must ferret out the beast and end its existence once more. Fortunately, this old collar may prove the key. It bound the Warg once and may do so again.&#13;&#10;&#13;&#10;'There. I have inscribed a rune of Elbereth. Take the collar up once more. It will draw the beast to you, if you can find the right place to set it down.'&#13;&#10;&#13;&#10;'You will need to search for a location within Fornost that Krithmog may be hiding. No doubt it is a deep, dark warren abounding with Wargs. Find the proper place to set down that collar, then destroy the evil warg a final time.'" objectives="Objective 1:&#13;&#10;Krithmog is somewhere within Fornost in the North Downs.&#13;&#10;&#13;&#10;If Krithmog has been returned to life and taken to Fornost he will be found somewhere where the Wargs are plentiful. Place the collar in a suitable location, then spring your trap upon him. Amarion named the collar as the ancient binding of Krithmog and sent you in search of a place to offer it to the revived Warg-king.&#13;&#10;• Use Offering Plate&#13;&#10;• Turn in Krithmog's Collar&#13;&#10;• Kill 1 Krithmog&#13;&#10;Objective 2:&#13;&#10;Amarion is at his camp at Amon Raith, east of Fornost, in the North Downs.&#13;&#10;&#13;&#10;Amarion awaits news of your battle against Krithmog.&#13;&#10;• Return the collar to Amarion at Amon Raith (Amarion)&#13;&#10;• Turn in Krithmog's Collar">
<prerequisites>
<prerequisite name="The_Iron_Collar"/>
</prerequisites>
<rewards>
<money gold="0" silver="43" copper="40"/>
<object name="Calenhen" pageURL="/wiki/Item:Calenhen" iconURL="http://content.turbine.com/sites/lorebook.lotro.com/images/icons/item/jewelry/eq_northdowns_ring_06.png" quantity="1"/>
<selectOneOf>
<object name="Krithmog's Slayer" pageURL="/wiki/Weapon:Krithmog's_Slayer" iconURL="http://content.turbine.com/sites/lorebook.lotro.com/images/icons/item/weapon_sword/eq_northdowns_halberd_07.png" quantity="1"/>
<object name="Amarion's Padded Gauntlets" pageURL="/wiki/Armour:Amarion's_Padded_Gauntlets" iconURL="http://content.turbine.com/sites/lorebook.lotro.com/images/icons/item/hands/eq_northdowns_light_hands_06.png" quantity="1"/>
<object name="Krithmog's Stompers" pageURL="/wiki/Armour:Krithmog's_Stompers" iconURL="http://content.turbine.com/sites/lorebook.lotro.com/images/icons/item/feet/eq_northdowns_medium_feet_06.png" quantity="1"/>
<object name="Túrcham" pageURL="/wiki/Armour:Túrcham" iconURL="http://content.turbine.com/sites/lorebook.lotro.com/images/icons/item/chest/eq_northdowns_light_chest_06.png" quantity="1"/>
<object name="Lucky Moonstone" pageURL="/wiki/Item:Lucky_Moonstone" iconURL="http://content.turbine.com/sites/lorebook.lotro.com/images/icons/item/jewelry/eq_northdowns_pocketitem_04.png" quantity="1"/>
</selectOneOf>
</rewards>
</quest>
