<?xml version="1.0" encoding="UTF-8"?>
<quest id="1879049918" key="Vengeance_Comes" title="Vengeance Comes" category="Lone-lands" scope="" questArc="Long Overdue Justice" minimumLevel="25" type="STANDARD" size="SOLO" faction="FREE_PEOPLES" repeatable="false" instanced="false" description="Dannasen, released from Neven's control, seeks not only to fulfil his curse, but also to exact revenge upon the Hillmen of Rhudaur who serve the enigmatic Red-maid of Garth Agarwen." bestower="Dannasen (NPC)" bestowerText="'Long have we awaited our chance to strike down the Men who caused the destruction of this land. Now, the time draws close where we will fulfil our duty and end this curse.&#13;&#10;&#13;&#10;'We shall not end the curse and nothing else. We will seek out vengeance. We will deliver unto the descendants of our Enemy who still feed hatred and sacrifice innocents to this land.&#13;&#10;&#13;&#10;'Tarry not, deliver this vengeance. The Hillmen are gathered again to the east and north. Strike them down and show them that our memories are not gone, and we do not forgive their action.'" objectives="Objective 1:&#13;&#10;The Hillmen of Rhudaur can be found within Agamaur, the Red Swamp.&#13;&#10;&#13;&#10;Dannasen, sent you to bring vengeance upon the Hillmen of Rhudaur, who serve the Red-maid. He asked you to deliver vengeance upon them for the pain and suffering that their ancestors caused upon the land and the same which they do even now.&#13;&#10;• Defeat Rhudauran Hillmen loyal to the Red-maid (12)&#13;&#10;Objective 2:&#13;&#10;Dannasen is at the Eglan-camp in Agamaur.&#13;&#10;&#13;&#10;Unwilling to yield, the Rhudauran Hillmen fought you on sight. Dannasen's request completed, the time has come to return to him.&#13;&#10;• Talk to Dannasen (Dannasen)">
<prerequisites>
<prerequisite name="Vol._I%2C_Book_2%2C_Chapter_15%3A_%28Fellowship%29The_Red-pass"/>
<prerequisite name="Vol._I%2C_Book_2%2C_Chapter_15_%28Solo%29%3A_The_Red-pass"/>
</prerequisites>
<nextQuests>
<nextQuest name="Long_Overdue_Justice"/>
</nextQuests>
<rewards>
<money gold="0" silver="17" copper="85"/>
<reputation>
<reputationItem faction="Eglain" amount="500"/>
</reputation>
<selectOneOf>
<object name="Emelin's Helm" pageURL="/wiki/Armour:Emelin's_Helm" iconURL="http://content.turbine.com/sites/lorebook.lotro.com/images/icons/item/head/eq_lonelands_medium_head_02.png" quantity="1"/>
<object name="Emelin's Staff" pageURL="/wiki/Weapon:Emelin's_Staff" iconURL="http://content.turbine.com/sites/lorebook.lotro.com/images/icons/item/weapon_staff/eq_lonelands_staff_05.png" quantity="1"/>
</selectOneOf>
</rewards>
</quest>
