<?xml version="1.0" encoding="UTF-8"?>
<quest id="1879054210" key="Deciphering_the_Black_Speech" title="Deciphering the Black Speech" category="North Downs" scope="" questArc="The Black Tide of Angmar" minimumLevel="27" type="STANDARD" size="SOLO" faction="FREE_PEOPLES" repeatable="false" instanced="false" description="A great host of Orcs spilled through Ram Dúath, driving the Men of the North Downs from their farms. Esteldín, home of the few remaining Dúnedain of the North, was spared discovery. It is from there that the Rangers begin to plan their counter-offensive against the black tide of Angmar." bestower="Daervunn (NPC)" bestowerText="'We are close to finding out the intentions of the invading Orcs, friend. We need to learn what is written upon these pages. While there are none currently here in Esteldín that can decipher these notes, there is a Ranger in the North Downs who can.&#13;&#10;&#13;&#10;'Mincham has long studied the Enemy and their Black Speech. Would you carry the orders to him at his camp in the west? He is encamped near the Fields of Fornost at the south-west edge.&#13;&#10;&#13;&#10;'Hurry, $PLAYER$. Time is of the essence.'" objectives="Objective 1:&#13;&#10;Mincham has a small camp overlooking the Greenway just south of the Fields of Fornost.&#13;&#10;&#13;&#10;Daervunn returned the orders to you and sent you to speak with Mincham, who is proficient in the Black Speech of Mordor, at his camp bordering the Fields of Fornost in the west. He hopes that Mincham will be able to translate the orders.&#13;&#10;• Ask Mincham to translate the Uruk-orders (Mincham)&#13;&#10;Objective 2:&#13;&#10;Daervunn awaits your return at Esteldín.&#13;&#10;&#13;&#10;Mincham returned the orders to you and sent you back to Daervunn with his report.&#13;&#10;• Talk to Daervunn&#13;&#10;• Turn in Uruk-orders">
<prerequisites>
<prerequisite name="Orders_from_the_Front"/>
</prerequisites>
<rewards>
<money gold="0" silver="18" copper="55"/>
<reputation>
<reputationItem faction="Rangers of Esteldín" amount="700"/>
</reputation>
<selectOneOf>
<object name="Daervunn's Shoulder Guards" pageURL="/wiki/Armour:Daervunn's_Shoulder_Guards" iconURL="http://content.turbine.com/sites/lorebook.lotro.com/images/icons/item/shoulders/eq_northdowns_light_shoulder_03.png" quantity="1"/>
<object name="Daervunn's Hooded Cloak" pageURL="/wiki/Armour:Daervunn's_Hooded_Cloak" iconURL="http://content.turbine.com/sites/lorebook.lotro.com/images/icons/item/back/eq_northdowns_back_04.png" quantity="1"/>
</selectOneOf>
</rewards>
</quest>
