<?xml version="1.0" encoding="UTF-8"?>
<quest id="1879054445" key="Scattered_Belongings" title="Scattered Belongings" category="North Downs" scope="" questArc="Repairing the Damage" minimumLevel="21" type="STANDARD" size="SOLO" faction="FREE_PEOPLES" repeatable="false" instanced="false" description="Aglardir has undertaken the difficult task of restoring Lin Giliath to peace in the wake of the Stone-troll attack." bestower="Aglardir (NPC)" bestowerText="'Gildor Inglorion brought our company north to spread word of a great evil stirring in the south, but we found here only death. The keeper of this glade was friend to many of us, a fair Elf named Lachenn; he was slain by Stone-trolls before we arrived, and the refuge beset by ruin.&#13;&#10;&#13;&#10;'I do not know what called the trolls out of Taur Gonwaith, but we must rebuild this place as best we can, for it is what Lachenn would have us do were he here to ask it.&#13;&#10;&#13;&#10;'Revenge? It must wait. The trolls scattered the possessions that were stored here throughout Meluinen. Gather allies and look for shattered barrels between here and Taur Gonwaith to the south. I need you to bring their contents to me.'" objectives="Objective 1:&#13;&#10;Shattered barrels can be found strewn throughout the fens leading to Taur Gonwaith in the south of Lin Giliath.&#13;&#10;&#13;&#10;Aglardir has asked you to recover whatever supplies you can from the barrels the Stone-trolls scattered throughout the marshes.&#13;&#10;• Use Shattered Barrel&#13;&#10;Objective 2:&#13;&#10;Aglardir is in Lin Giliath, the glade on the border of Kingsfell and Meluinen.&#13;&#10;&#13;&#10;Aglardir is waiting for you to return with the possessions you salvaged from the shattered crates strewn about Meluinen.&#13;&#10;• Talk to Aglardir&#13;&#10;• Turn in Supplies for Lin Giliath">
<nextQuests>
<nextQuest name="Provisions_for_the_Glade"/>
<nextQuest name="The_Wayward_Companion"/>
<nextQuest name="Guardians_of_the_Glade"/>
<nextQuest name="Touch_of_Corruption"/>
<nextQuest name="Insect_Menace"/>
<nextQuest name="Disarming_the_Valley"/>
<nextQuest name="Orc_Excursions"/>
</nextQuests>
<rewards>
<money gold="0" silver="13" copper="0"/>
<object name="Aglardir's Ruby Ring" pageURL="/wiki/Item:Aglardir's_Ruby_Ring" iconURL="http://content.turbine.com/sites/lorebook.lotro.com/images/icons/item/jewelry/eq_northdowns_ring_01.png" quantity="1"/>
</rewards>
</quest>
