<?xml version="1.0" encoding="UTF-8"?>
<quest id="1879048282" key="A_Deal_Gone_Sour" title="A Deal Gone Sour" category="Lone-lands" scope="" questArc="" minimumLevel="17" type="STANDARD" size="SOLO" faction="FREE_PEOPLES" repeatable="false" instanced="false" description="Pengail says that he meant to trade with the goblins, meeting his obligations to Thomas Thistlewool in Bree-town. The goblins double-crossed him and took him captive and now plan on trading him to the Orcs encamped in the Midgewater Pass." bestower="Pengail (Race of Man)" bestowerText="'Oi! Lend a man a hand, won't you? These cursed goblins captured me after I made honest effort to trade. Oh, I know it's wrong, but a man's got needs, and one of those needs is eating, friend.&#13;&#10;&#13;&#10;'I ain't had myself a square meal since heading north with those fellows what moved on the Bree-fields, and I'm not like them. I just want to get by and earn enough coin to purchase a patch of land to call my own.&#13;&#10;&#13;&#10;'If you don't help me, I'll be lucky to last a night. These goblins keep saying that they want to trade me to Orcs at Midgewater Pass. If you take me south-west to The Forsaken Inn, I'll give you some coin and a pick from the treasures I found in the ruins. We have a deal?'" objectives="Objective 1:&#13;&#10;The Forsaken Inn is south-west of the goblin encampment.&#13;&#10;&#13;&#10;Pengail has asked you to help him escape the goblins and take him to The Forsaken Inn.&#13;&#10;• Speak with Pengail&#13;&#10;Objective 2:&#13;&#10;Anlaf the Forlorn is at The Forsaken Inn.&#13;&#10;&#13;&#10;After you helped him escape and find his father's sword, Pengail told you that Anlaf the Forlorn has the valuables that he left in his room. He told you to let Anlaf know that he is free and that he offered you a reward from his belongings.&#13;&#10;• Talk to Anlaf the Forlorn">
<rewards>
<money gold="0" silver="7" copper="0"/>
<object name="Barrow-iron Stun Dust" pageURL="/wiki/Item:Barrow-iron_Stun_Dust" iconURL="http://content.turbine.com/sites/lorebook.lotro.com/images/icons/item/item_burglar/it_stundust_burglar_tier_1.png" quantity="1"/>
<selectOneOf>
<object name="Torinn" pageURL="/wiki/Item:Torinn" iconURL="http://content.turbine.com/sites/lorebook.lotro.com/images/icons/item/jewelry/eq_lonelands_necklace_01.png" quantity="1"/>
<object name="Anlaf's Shield" pageURL="/wiki/Armour:Anlaf's_Shield" iconURL="http://content.turbine.com/sites/lorebook.lotro.com/images/icons/item/shield/eq_lonelands_medium_shield_01.png" quantity="1"/>
<object name="Pengail's Necklace" pageURL="/wiki/Item:Pengail's_Necklace" iconURL="http://content.turbine.com/sites/lorebook.lotro.com/images/icons/item/jewelry/eq_lonelands_necklace_06.png" quantity="1"/>
<object name="Pengail's Discarded Shackle" pageURL="/wiki/Item:Pengail's_Discarded_Shackle" iconURL="http://content.turbine.com/sites/lorebook.lotro.com/images/icons/item/jewelry/eq_lonelands_bracelet_06.png" quantity="1"/>
</selectOneOf>
</rewards>
</quest>
