<?xml version="1.0" encoding="UTF-8"?>
<quest id="1879054407" key="Herbs_and_Simples" title="Herbs and Simples" category="North Downs" scope="" questArc="" minimumLevel="24" type="STANDARD" size="SOLO" faction="FREE_PEOPLES" repeatable="false" instanced="false" description="Orthonn, a younger Ranger from Esteldín, was sent to gather herbs and simples for the coming battles with the invading Orcs." bestower="Dagoras (NPC)" bestowerText="'One of our younger Rangers is out roving the North Downs, gathering herbs and simples for the battles to come. I fear his task is a daunting one, for the bloodshed will be great.&#13;&#10;&#13;&#10;'Would you seek Orthonn and assist him? I am not certain where he roams at the present, but I believe he is in the Kingsfell, probably somewhere near Gatson's farm.&#13;&#10;&#13;&#10;'Do whatever he asks of you, though it is likely you will find yourself gathering herbs.'" objectives="Objective 1:&#13;&#10;Orthonn is in the Kingsfell, probably near Gatson's farm.&#13;&#10;&#13;&#10;Dagoras is certain that Orthonn will need help if he is to gather enough herbs to accomodate the Rangers in their bloody conflict with the Orcs of Angmar.&#13;&#10;• Talk to Orthonn&#13;&#10;Objective 2:&#13;&#10;Periwinkle can be found among rock outcroppings atop the hills of Nan Amlug, near Othrikar. Meadowsweet can be found in south facing tree roots in the spider-camp south of Esteldín. Butterbur can be found growing along the waters edge in the fens near the Elf-refuge of Lin Giliath in Meluinen. Orthonn is encamped in the Kingsfell in some ruins near Gatson's farm.&#13;&#10;&#13;&#10;As Dagoras suggested, Orthonn has use for you. The young Ranger asked you to gather periwinkle, meadowsweet, and butterbur for him and suggested locations where the herbs might be found.&#13;&#10;• Bring the herbs to Orthonn (Orthonn)&#13;&#10;• Collect meadowsweet (5 Meadowsweet)&#13;&#10;• Collect periwinkle (5 Periwinkle)&#13;&#10;• Collect butterbur (5 Butterbur)">
<rewards>
<money gold="0" silver="17" copper="50"/>
<reputation>
<reputationItem faction="Rangers of Esteldín" amount="700"/>
</reputation>
<selectOneOf>
<object name="Greater Athelas Essence" pageURL="/wiki/Item:Greater_Athelas_Essence" iconURL="http://content.turbine.com/sites/lorebook.lotro.com/images/icons/item/potion/it_potion_morale_instant_tier3.png" quantity="5"/>
<object name="Greater Celebrant Salve" pageURL="/wiki/Item:Greater_Celebrant_Salve" iconURL="http://content.turbine.com/sites/lorebook.lotro.com/images/icons/item/potion/it_potion_power_instant_tier3.png" quantity="5"/>
</selectOneOf>
</rewards>
</quest>
