<?xml version="1.0" encoding="UTF-8"?>
<quest id="1879051331" key="Noisome_Neighbours" title="Noisome Neighbours" category="Lone-lands" scope="" questArc="Song of the Red Swamp" minimumLevel="23" type="STANDARD" size="SOLO" faction="FREE_PEOPLES" repeatable="false" instanced="false" description="Since visiting Agamaur, the swamp north-east of Ost Guruth, Hana the Young has had terrible dreams. She spoke mysteriously about a Woman in the swamp and the song of the nerbyg." bestower="Hana the Young (NPC)" bestowerText="'We came upon the maiden in the waters north beyond the wall. She was draped in vines and tattered robes and smiled beautifully before she cringed and shook the water apart and drove us from the swamp.&#13;&#10;&#13;&#10;'She cornered me, though for only a moment, before my sister found me, but I saw the hatred in her eyes. She means me harm and sends the nerbyg to call me to her.&#13;&#10;&#13;&#10;'Will you help me? Can you help me? The nerbyg are in the east, in the Bloodmire, rubbing their legs and singing the song she sang to me, calling for me to come. Please, help me. Bring me their legs so that I know they will no longer sing my name.'" objectives="Objective 1:&#13;&#10;Nerbyg can be found in Haragmar, the southern reaches of the Red Swamp, in a place called the Circle of Blood.&#13;&#10;&#13;&#10;Hana claims that the Woman her people found in the swamp wishes to harm her and uses the nerbyg to call to her and draw her forth from Ost Guruth. Hana has asked you to slay the insects and bring her their legs so that she will know they can no longer call to her.&#13;&#10;• Deliver the norbog-legs to Hana the Young (Hana the Young)&#13;&#10;• Turn in Norbog-leg">
<prerequisites>
<prerequisite name="Hana%27s_Dream"/>
</prerequisites>
<nextQuests>
<nextQuest name="Supporting_our_Scouts"/>
</nextQuests>
<rewards>
<money gold="0" silver="16" copper="0"/>
<reputation>
<reputationItem faction="Eglain" amount="700"/>
</reputation>
<object name="Manadlos" pageURL="/wiki/Item:Manadlos" iconURL="http://content.turbine.com/sites/lorebook.lotro.com/images/icons/item/jewelry/eq_lonelands_earring_02.png" quantity="1"/>
<selectOneOf>
<object name="Hana's Gloves" pageURL="/wiki/Armour:Hana's_Gloves" iconURL="http://content.turbine.com/sites/lorebook.lotro.com/images/icons/item/hands/eq_lonelands_light_hands_03.png" quantity="1"/>
<object name="Hana's Helmet" pageURL="/wiki/Armour:Hana's_Helmet" iconURL="http://content.turbine.com/sites/lorebook.lotro.com/images/icons/item/head/eq_lonelands_medium_head_03.png" quantity="1"/>
</selectOneOf>
</rewards>
</quest>
