<?xml version="1.0" encoding="UTF-8"?>
<quest id="1879048445" key="Vol._I,_Book_3,_Chapter_3:_Fallen_Once_More" title="Vol. I, Book 3, Chapter 3: Fallen Once More" category="Epic - Vol. I, Book 3: The Council of the North" scope="Epic" questArc="Volume I, Book 3: The Council of the North" minimumLevel="30" type="EPIC" size="SOLO" faction="FREE_PEOPLES" repeatable="false" instanced="false" description="After reporting to him of your battles against the Orcs and Wargs that guard the gates of Fornost, Mincham surmised that it was as Halbarad feared: Angmar has sent a large force to reclaim and fortify Fornost." bestower="Mincham (NPC)" bestowerText="'Quick now, you must return to Halbarad in Esteldín and tell him what you have learned here: Angmar has taken Fornost once more.&#13;&#10;&#13;&#10;'From such a fortified spot, Angmar could dominate all of the North. But there are even worse things to worry about. Tales tell of a great evil which inhabits the collapsed and ruined halls of Fornost. This evil could be called to serve Angmar!&#13;&#10;&#13;&#10;'Go to Esteldín and tell Halbarad all that you have learned here!'" objectives="Objective 1:&#13;&#10;Halbarad can be found in Esteldín.&#13;&#10;&#13;&#10;Mincham beseeches you take the knowledge of Angmar's presence at Fornost to Halbarad.&#13;&#10;• Talk to Halbarad">
<prerequisites>
<prerequisite name="Vol._I%2C_Book_3%2C_Chapter_2%3A_The_Gates_of_Fornost"/>
</prerequisites>
<nextQuests>
<nextQuest name="Vol._I%2C_Book_3%2C_Chapter_6%2C_Part_I_of_III%3A_A_Call_to_Men"/>
<nextQuest name="Vol._I%2C_Book_3%2C_Chapter_5%2C_Part_I_of_III%3A_A_Call_to_Elves"/>
<nextQuest name="Vol._I%2C_Book_3%2C_Chapter_4%2C_Part_I_of_III%3A_A_Call_to_Dwarves"/>
</nextQuests>
<rewards>
<money gold="0" silver="19" copper="60"/>
<reputation>
<reputationItem faction="Rangers of Esteldín" amount="500"/>
</reputation>
</rewards>
</quest>
