<?xml version="1.0" encoding="UTF-8"?>
<quest id="1879048597" key="Heart_of_the_Waters" title="Heart of the Waters" category="Carn Dûm" scope="" questArc="Foul Waters" minimumLevel="45" type="STANDARD" size="FELLOWSHIP" faction="FREE_PEOPLES" repeatable="false" instanced="false" description="In searching for the source of the poisoned waters, you found a strange bony hook and showed it to Fimreg." bestower="Fimreg (NPC)" bestowerText="'A tooth, perhaps? Or the hooked beak of some bird? Oh, if only it were so, (your name). Imagine a half-dozen arms, lined with hundreds of these like teeth with which to grasp its prey, and a hungry maw that spits poison and breathes decay. I cannot speak of this monstrosity any more.&#13;&#10;&#13;&#10;'Go to Rhúnelleth in Tármunn Súrsa. She will be able to tell you more of the wicked ways of Carn Dûm.&#13;&#10;&#13;&#10;'Tármunn Súrsa is to the north-west of Gath Forthnír. Hurry, please!'" objectives="Objective 1:&#13;&#10;Tármunn Súrsa is north-west from Gath Forthnír, past the Gates of Carn Dûm.&#13;&#10;&#13;&#10;Fimreg has asked you to speak with Rhúnelleth in Tármunn Súrsa.&#13;&#10;• Talk to Rhúnelleth&#13;&#10;Objective 2:&#13;&#10;Helchgam lurks in the waters of Carn Dûm, beyond the gates to the west of Himbar.&#13;&#10;&#13;&#10;Rhúnelleth revealed the source of the poison to be a many-armed creature she called Helchgam.&#13;&#10;• Defeat Helchgam (Helchgam)&#13;&#10;Objective 3:&#13;&#10;Rhúnelleth is in Tármunn Súrsa to the east of Carn Dûm.&#13;&#10;&#13;&#10;You travelled far into Carn Dûm and slew the dread beast known as Helchgam.&#13;&#10;• Talk to Rhúnelleth">
<prerequisites>
<prerequisite name="Further_Upstream"/>
</prerequisites>
<rewards>
<money gold="0" silver="49" copper="70"/>
<reputation>
<reputationItem faction="Council of the North" amount="900"/>
</reputation>
<selectOneOf>
<object name="Fimreg's Hat" pageURL="/wiki/Armour:Fimreg's_Hat" iconURL="http://content.turbine.com/sites/lorebook.lotro.com/images/icons/item/head/eq_angmar_light_head_03.png" quantity="1"/>
<object name="Amarthbadanir" pageURL="/wiki/Armour:Amarthbadanir" iconURL="http://content.turbine.com/sites/lorebook.lotro.com/images/icons/item/legs/eq_angmar_heavy_legs_04.png" quantity="1"/>
<object name="Helchgam's Conqueror" pageURL="/wiki/Weapon:Helchgam's_Conqueror" iconURL="http://content.turbine.com/sites/lorebook.lotro.com/images/icons/item/weapon_mace/eq_angmar_1hmace_03.png" quantity="1"/>
<object name="Angarch" pageURL="/wiki/Weapon:Angarch" iconURL="http://content.turbine.com/sites/lorebook.lotro.com/images/icons/item/weapon_spear/eq_angmar_spear_03.png" quantity="1"/>
<object name="Sithann" pageURL="/wiki/Armour:Sithann" iconURL="http://content.turbine.com/sites/lorebook.lotro.com/images/icons/item/shield/eq_angmar_shield_07.png" quantity="1"/>
</selectOneOf>
</rewards>
</quest>
