<?xml version="1.0" encoding="UTF-8"?>
<quest id="1879052272" key="Giant_Country" title="Giant Country" category="Misty Mountains" scope="" questArc="Thunder in the Mountains" minimumLevel="40" type="STANDARD" size="SMALL_FELLOWSHIP" faction="FREE_PEOPLES" repeatable="false" instanced="false" description="Gwaemithrin has sent you on a mission of peace to the giants of the Misty Mountains." bestower="Gwaemithrin (NPC)" bestowerText="'Of old, if we wished to treat with the giants, we would travel to a great platform of stone in the mountains -- the Giants' Table. This was a place of peace, and neither Elves nor giants would raise a hand against the other while at the Table, no matter the troubles that stirred between our peoples. The Table fell into the snows long ago, but should still hold its old meaning to the giants.&#13;&#10;&#13;&#10;'Journey to the Giants' Table and ask the giants why they have seen fit to break the ancient understanding that they would stay in the mountains. The Giants' Table is just south of the pass of Rakhâs-bizar, east of here and south, the companion to the guarded pass of Gabilazan. Do not enter Gabilazan, for dwarves of an unsavory sort have occupied the keep there and will not suffer you to pass. Rakhâs-bizar is further east of that guarded pass.&#13;&#10;&#13;&#10;'If the giants do not respect the old ways, you will be in danger at the Giants' Table. Bring allies with you, just in case.'" objectives="Objective 1:&#13;&#10;The Giants' Table is south of the pass of Rakhâs-bizar, east of the guarded pass of Gabilazan.&#13;&#10;&#13;&#10;Gwaemithrin has sent you to the Giants' Table in the Misty Mountains to treat with the giants and find out why they have come down into the Trollshaws.&#13;&#10;• Find the Giants' Table&#13;&#10;Objective 2:&#13;&#10;The scout Gwaemithrin is in the highlands north and east of Rivendell at a camp established by the dwarves.&#13;&#10;&#13;&#10;You found the Giants' Table, but the giants there attacked without warning. They have lost their respect for the old ways, and the Giants' Table is no longer a place of peaceful negotiation. You should return to Gwaemithrin with the news.&#13;&#10;• Talk to Gwaemithrin">
<prerequisites>
<prerequisite name="Scouting_the_Mountains"/>
</prerequisites>
<nextQuests>
<nextQuest name="Thunder_in_the_Mountains"/>
</nextQuests>
<rewards>
<money gold="0" silver="36" copper="96"/>
</rewards>
</quest>
