<?xml version="1.0" encoding="UTF-8"?>
<quest id="1879050097" key="Sharkey%27s_Men" title="Sharkey's Men" category="Bree-land" scope="" questArc="The Baying of Wolves" minimumLevel="10" type="STANDARD" size="SOLO" faction="FREE_PEOPLES" repeatable="false" instanced="false" description="Chief Grimbriar wants you to investigate the brigands of the Bree-fields, who have become better organized and more dangerous of late." bestower="Chief Watcher Grimbriar (NPC)" bestowerText="'My job is to guard Bree. I don't have the men to waste patrolling the countryside, but of late I've had reports of brigand-raids near and around the town, so I moved to this location to keep closer watch. I need someone to look into these rumours, and I've coin to spare for anyone willing to help.&#13;&#10;&#13;&#10;'There have always been a few outlaws in the hills and dales north of town, but it seems that recently they've grown both more numerous and more bold. If you can find out what is going on, it would be appreciated. Careful though: once, these outlaws would flee any armed man, but now they are more prone to attack without warning.&#13;&#10;&#13;&#10;'The farm across the road seems to be overrun by the brigands...you could start your investigation there.'" objectives="Objective 1:&#13;&#10;Brigands have overrun Dogwood's Farm, across the road and north alongside a small stream. Chief Grimbriar awaits your return at the stone house near the crossroads outside of Bree.&#13;&#10;&#13;&#10;Chief Watcher Grimbriar has asked you to investigate the increased brigand activity. He mentioned a small farm across the road and a few paces north he thought was overrun.&#13;&#10;• Bring the brigand medallion to Chief Watcher Grimbriar (Chief Watcher Grimbriar)&#13;&#10;• Turn in Brigand Medallion">
<nextQuests>
<nextQuest name="Shadow_of_the_White_Hand"/>
</nextQuests>
<rewards>
<money gold="0" silver="1" copper="50"/>
<reputation>
<reputationItem faction="Men of Bree" amount="700"/>
</reputation>
</rewards>
</quest>
